0x17385	0x17387
0xd55	0x192c
0xd69	0x1959
0x2224	0x1fdc
0x173d3	0x568
0x173d6	0x59c
0x173d9	0x5bc
0x173dc	0x5dc
0x173c7	0x500
0x173ca	0x520
0x173cd	0x535
0x173d0	0x555
0x173bb	0x45f
0x173be	0x4ab
0x173c1	0x4cb
0x173c4	0x4e0
0x173b2	0x3b4
0x173b5	0x3dc
0x173b8	0x432
0x173a6	0x364
0x173a9	0x36c
0x173ac	0x37f
0x173af	0x39f
0x1739d	0x302
0x173a0	0x324
0x173a3	0x344
0x17391	0x26e
0x17394	0x28e
0x17397	0x2ae
0x1739a	0x2e2
0x17388	0x1d2
0x1738b	0x207
0x1738e	0x235
0x201dB0x213	0x1fdc
0xd46B0x3ab	0x1672
0x201dB0x5a8	0x1fdc
0x1ce5B0x192c	0x2b31
0x1e7cB0x192c	0x1f8a
0x1cf1B0x192c	0x2b31
0x1ce5B0x1959	0x2b31
0x1e7cB0x1959	0x1f8a
0x1cf1B0x1959	0x2b31
0x6f9B0x222	0x1672
0x1c1fB0x1142B0x543	0x2ab6
0x1c3aB0x1142B0x543	0x2ab6
0x1c56B0x1142B0x543	0x2ab6
0x1c1fB0x1399B0x563	0x2ab6
0x1c3aB0x1399B0x563	0x2ab6
0x1c56B0x1399B0x563	0x2ab6
0x890B0x2a9	0x185e
0x6f9B0x87eB0x2a9	0x1672
