0x0	0x00000000	()
0x0	0x00000000	fallback()
0x20	0x00000020	unlock_98ABD3()
0x4	0x00000004	matchTokenOrderByAdmin_MYmNxE()
0xffffffff	0xffffffff	LOCK8605463013()
0x2	0x00000002	wipeBlockchain_EkJWPe()
0x32	0x00000032	testMint_139E1071()
0x7e72fb52	0x7e72fb52	buyToken(address)
0xf464e7db	0xf464e7db	sellToken(address,uint256)
0x21	0x00000021	Brrrrrrrrrrr_VXdAle()
0x1f69565f	0x1f69565f	getTokenInfo(address)
0xb6f9de95	0xb6f9de95	swapExactETHForTokensSupportingFeeOnTransferTokens(uint256,address[],address,uint256)
0x414bf389	0x414bf389	exactInputSingle((address,address,uint24,address,uint256,uint256,uint256,uint160))
0x70a08231	0x70a08231	balanceOf(address)
0x95ea7b3	0x095ea7b3	approve(address,uint256)
0x791ac947	0x791ac947	swapExactTokensForETHSupportingFeeOnTransferTokens(uint256,uint256,address[],address,uint256)
0x2e1a7d4d	0x2e1a7d4d	withdraw(uint256)
0xffffffffffffffffffffffff	0xffffffff	LOCK8605463013()
0xc04b8d59	0xc04b8d59	exactInput((bytes,address,uint256,uint256,uint256))
0xffffffffffffffff	0xffffffff	LOCK8605463013()
0x4e487b71	0x4e487b71	Panic(uint256)
0xffffffffffffffffffffffffffffffffffffffffffffffffffffffffffffffff	0xffffffff	LOCK8605463013()
0xffffffffffffffffffffffffffffffffffffffffffffffffffffffffffffffe0	0xffffffff	LOCK8605463013()
0xffffffffffffffffffffffffffffffffffffffff000000000000000000000000	0xffffffff	LOCK8605463013()
0xf464e7db00000000000000000000000000000000000000000000000000000000	0xf464e7db	sellToken(address,uint256)
0x1f69565f00000000000000000000000000000000000000000000000000000000	0x1f69565f	getTokenInfo(address)
0xb6f9de9500000000000000000000000000000000000000000000000000000000	0xb6f9de95	swapExactETHForTokensSupportingFeeOnTransferTokens(uint256,address[],address,uint256)
0x414bf38900000000000000000000000000000000000000000000000000000000	0x414bf389	exactInputSingle((address,address,uint24,address,uint256,uint256,uint256,uint160))
0x70a0823100000000000000000000000000000000000000000000000000000000	0x70a08231	balanceOf(address)
0x95ea7b300000000000000000000000000000000000000000000000000000000	0x095ea7b3	approve(address,uint256)
0x791ac94700000000000000000000000000000000000000000000000000000000	0x791ac947	swapExactTokensForETHSupportingFeeOnTransferTokens(uint256,uint256,address[],address,uint256)
0xc04b8d5900000000000000000000000000000000000000000000000000000000	0xc04b8d59	exactInput((bytes,address,uint256,uint256,uint256))
0x4e487b7100000000000000000000000000000000000000000000000000000000	0x4e487b71	Panic(uint256)
0x8c379a000000000000000000000000000000000000000000000000000000000	0x08c379a0	Error(string)
0xffffffffffffffffffffffffffffffffffffffff	0xffffffff	LOCK8605463013()
