0x4fc	0x4fcarg0x1	1
0x4fc	0x4fcarg0x0	0
0x4fc	0x4fcarg0x2	2
0x599	0x599arg0x0	0
0x5b0	0x5b0arg0x4	4
0x5b0	0x5b0arg0x3	3
0x5b0	0x5b0arg0x7	7
0x5b0	0x5b0arg0x8	8
0x5b0	0x5b0arg0x9	9
0x5b0	0x5b0arg0x2	2
0x5b0	0x5b0arg0x5	5
0x5b0	0x5b0arg0x6	6
0x5b0	0x5b0arg0xa	10
0x5b0	0x5b0arg0xb	11
0x5b0	0x5b0arg0x1	1
0x5b0	0x5b0arg0x0	0
0xc46	0xc46arg0x0	0
0xc46	0xc46arg0x1	1
0xc80	0xc80arg0x0	0
0x1448	0x1448arg0x1	1
0x1448	0x1448arg0x0	0
0x1448	0x1448arg0x2	2
0x14e7	0x14e7arg0x0	0
0x14e7	0x14e7arg0x2	2
0x14e7	0x14e7arg0x1	1
0x15d7	0x15d7arg0x0	0
0x15d7	0x15d7arg0x2	2
0x15d7	0x15d7arg0x1	1
0x1762	0x1762arg0x0	0
0x240c	0x240carg0x0	0
0x240c	0x240carg0x2	2
0x240c	0x240carg0x1	1
0x240c	0x240carg0x3	3
