0x0	nil
0x40	nil
0x8	nil
0x3	nil
0x6	nil
0x9	nil
0xa	nil
0xb	nil
0x12	nil
0x13	nil
0x14	nil
0x16	nil
0x19	nil
0x1e	nil
0x25	nil
0x2a	nil
0x30	nil
0x35	nil
0x3b	nil
0x46	nil
0x4b	nil
0x51	nil
0x56	nil
0x5c	nil
0x61	nil
0x67	nil
0x6c	nil
0x72	nil
0x77	nil
0x7c	nil
0x81	nil
0x88	nil
0x89	nil
0x8d	nil
0x8f	nil
0xb0	nil
0xb1	nil
0xb2	nil
0xb3	nil
0xb7	nil
0xba	nil
0xc0	nil
0xc3	nil
0xc9	nil
0xcb	nil
0xcc	nil
0xd6	nil
0xd7	nil
0xdb	nil
0xdf	nil
0xe1	nil
0xe3	nil
0xe4	nil
0xea	nil
0xec	nil
0xee	nil
0xef	nil
0x118	nil
0x119	nil
0x11d	nil
0x11e	nil
0x13f	nil
0x140	nil
0x141	nil
0x142	nil
0x146	nil
0x148	nil
0x149	nil
0x16c	nil
0x16d	nil
0x170	nil
0x172	nil
0x173	nil
0x176	nil
0x178	nil
0x17b	nil
0x17e	nil
0x193	nil
0x194	nil
0x196	nil
0x197	nil
0x19b	nil
0x19d	nil
0x1a2	nil
0x1a5	nil
0x1a7	nil
0x1ae	nil
0x1b1	nil
0x1b2	nil
0x1b4	nil
0x1b5	nil
0x1bb	nil
0x1be	nil
0x1c2	nil
0x1c8	nil
0x1c9	nil
0x1ca	nil
0x1cb	nil
0x1cf	nil
0x1d2	nil
0x1d3	nil
0x1d8	nil
0x1db	nil
0x1eb	nil
0x1ec	nil
0x1f0	nil
0x1f2	nil
0x213	nil
0x214	nil
0x215	nil
0x216	nil
0x21a	nil
0x21d	nil
0x223	nil
0x226	nil
0x22c	nil
0x22e	nil
0x22f	nil
0x239	nil
0x23a	nil
0x23e	nil
0x242	nil
0x244	nil
0x246	nil
0x247	nil
0x24d	nil
0x24f	nil
0x250	nil
0x25a	nil
0x25b	nil
0x25f	nil
0x263	nil
0x265	nil
0x267	nil
0x268	nil
0x26e	nil
0x270	nil
0x271	nil
0x27b	nil
0x27c	nil
0x280	nil
0x284	nil
0x286	nil
0x288	nil
0x289	nil
0x28f	nil
0x291	nil
0x293	nil
0x294	nil
0x2b9	nil
0x2ba	nil
0x2be	nil
0x2c0	nil
0x2e1	nil
0x2e2	nil
0x2e3	nil
0x2e4	nil
0x2e8	nil
0x2eb	nil
0x2f0	nil
0x2f2	nil
0x2f3	nil
0x2fd	nil
0x2fe	nil
0x302	nil
0x303	nil
0x306	nil
0x307	nil
0x308	nil
0x309	nil
0x30e	nil
0x310	nil
0x311	nil
0x312	nil
0x31c	nil
0x31d	nil
0x321	nil
0x322	nil
0x326	nil
0x327	nil
0x328	nil
0x329	nil
0x32d	nil
0x32f	nil
0x334	nil
0x337	nil
0x33c	nil
0x33e	nil
0x340	nil
0x342	nil
0x343	nil
0x349	nil
0x34c	nil
0x34e	nil
0x350	nil
0x352	nil
0x354	nil
0x355	nil
0x356	nil
0x35c	nil
0x35f	nil
0x36c	nil
0x36d	nil
0x371	nil
0x372	nil
0x393	nil
0x394	nil
0x395	nil
0x396	nil
0x39a	nil
0x39c	nil
0x39e	nil
0x39f	nil
0x3b8	nil
0x3b9	nil
0x3bd	nil
0x3bf	nil
0x3e0	nil
0x3e1	nil
0x3e2	nil
0x3e3	nil
0x3e7	nil
0x3e9	nil
0x3ea	nil
0x3f4	nil
0x3f5	nil
0x3f9	nil
0x3fa	nil
0x3fd	nil
0x3fe	nil
0x3ff	nil
0x400	nil
0x405	nil
0x407	nil
0x408	nil
0x409	nil
0x413	nil
0x414	nil
0x418	nil
0x419	nil
0x41c	nil
0x41e	nil
0x420	nil
0x421	nil
0x422	nil
0x423	nil
0x427	nil
0x42a	nil
0x42f	nil
0x430	nil
0x452	nil
0x453	nil
0x454	nil
0x459	nil
0x45a	nil
0x45b	nil
0x45f	nil
0x462	nil
0x464	nil
0x466	nil
0x467	nil
0x468	nil
0x46b	nil
0x46c	nil
0x46d	nil
0x472	nil
0x473	nil
0x476	nil
0x478	nil
0x479	nil
0x48f	nil
0x491	nil
0x492	nil
0x497	nil
0x49a	nil
0x49d	nil
0x4a0	nil
0x4a4	nil
0x4a6	nil
0x4ad	nil
0x4af	nil
0x4b1	nil
0x4b7	nil
0x4b9	nil
0x4bc	nil
0x4be	nil
0x4c0	nil
0x4c1	nil
0x4c3	nil
0x4c4	nil
0x4c5	nil
0x4c9	nil
0x4cb	nil
0x4cc	nil
0x4d1	nil
0x4d4	nil
0x4d5	nil
0x4d9	nil
0x4dc	nil
0x4e1	nil
0x4e3	nil
0x4e6	nil
0x4ec	nil
0x50d	nil
0x50f	nil
0x511	nil
0x513	nil
0x517	nil
0x53a	nil
0x53d	nil
0x53f	nil
0x541	nil
0x544	nil
0x547	nil
0x54c	nil
0x54f	nil
0x551	nil
0x554	nil
0x556	nil
0x55a	nil
0x55b	nil
0x55d	nil
0x55e	nil
0x560	nil
0x561	nil
0x562	nil
0x566	nil
0x567	nil
0x56b	nil
0x56d	nil
0x58e	nil
0x58f	nil
0x590	nil
0x591	nil
0x595	nil
0x597	nil
0x598	nil
0x5a2	nil
0x5a3	nil
0x5a7	nil
0x5aa	nil
0x5cc	nil
0x5cd	nil
0x5ce	nil
0x5cf	nil
0x5d0	nil
0x5d4	nil
0x5d6	nil
0x5d7	nil
0x5ec	nil
0x5ed	nil
0x5ee	nil
0x5f2	nil
0x5f5	nil
0x5f8	nil
0x5fb	nil
0x5ff	nil
0x602	nil
0x605	nil
0x607	nil
0x609	nil
0x60a	nil
0x60f	nil
0x611	nil
0x616	nil
0x618	nil
0x619	nil
0x627	nil
0x63c	nil
0x63d	nil
0x63e	nil
0x63f	nil
0x643	nil
0x647	nil
0x64d	nil
0x64f	nil
0x655	nil
0x65a	nil
0x65b	nil
0x65c	nil
0x65e	nil
0x65f	nil
0x660	nil
0x664	nil
0x665	nil
0x669	nil
0x66f	nil
0x672	nil
0x674	nil
0x677	nil
0x67e	nil
0x680	nil
0x682	nil
0x686	nil
0x68b	nil
0x690	nil
0x693	nil
0x698	nil
0x69a	nil
0x69c	nil
0x69d	nil
0x6c0	nil
0x6c2	nil
0x6c5	nil
0x6c7	nil
0x6c9	nil
0x6cc	nil
0x6ce	nil
0x6ef	nil
0x6f2	nil
0x6f6	nil
0x6f7	nil
0x6fb	nil
0x6fd	nil
0x71e	nil
0x71f	nil
0x720	nil
0x721	nil
0x725	nil
0x727	nil
0x728	nil
0x732	nil
0x733	nil
0x737	nil
0x73a	nil
0x73d	nil
0x741	nil
0x743	nil
0x745	nil
0x746	nil
0x74b	nil
0x74d	nil
0x74e	nil
0x753	nil
0x768	nil
0x769	nil
0x76a	nil
0x76b	nil
0x76f	nil
0x771	nil
0x793	nil
0x7b4	nil
0x7b6	nil
0x7b8	nil
0x7bd	nil
0x7bf	nil
0x7e0	nil
0x7e5	nil
0x7e6	nil
0x7ea	nil
0x7ec	nil
0x80d	nil
0x80e	nil
0x80f	nil
0x810	nil
0x814	nil
0x817	nil
0x81d	nil
0x820	nil
0x826	nil
0x828	nil
0x829	nil
0x833	nil
0x834	nil
0x838	nil
0x83c	nil
0x83e	nil
0x840	nil
0x841	nil
0x847	nil
0x849	nil
0x84b	nil
0x84c	nil
0x871	nil
0x872	nil
0x876	nil
0x878	nil
0x899	nil
0x89a	nil
0x89b	nil
0x89c	nil
0x8a0	nil
0x8a2	nil
0x8a4	nil
0x8c6	nil
0x8c9	nil
0x8ca	nil
0x8cf	nil
0x8f0	nil
0x8f3	nil
0x8f6	nil
0x8f7	nil
0x8fd	nil
0x8fe	nil
0x904	nil
0x905	nil
0x90b	nil
0x90c	nil
0x912	nil
0x913	nil
0x918	nil
0x93b	nil
0x93d	nil
0x942	nil
0x964	nil
0x967	nil
0x96c	nil
0x98e	nil
0x991	nil
0x996	nil
0x9b8	nil
0x9bb	nil
0xc9b	nil
0xc9e	nil
0xc9f	nil
0xca0	nil
0xca5	nil
0xcad	nil
0xcb0	nil
0xcb1	nil
0xcb5	nil
0xcd6	nil
0xcd8	nil
0xcda	nil
0xcdd	nil
0xce0	nil
0xce1	nil
0xce6	nil
0xd07	nil
0xd09	nil
0xd0c	nil
0xd0e	nil
0xd11	nil
0xd13	nil
0xd14	nil
0xd1b	nil
0xd3c	nil
0xd3e	nil
0xd41	nil
0xd43	nil
0xd46	nil
0xd67	nil
0xd69	nil
0xd6b	nil
0xd6e	nil
0xd70	nil
0x1c5f	nil
0x1c82	nil
0x1ca5	nil
0x1cc8	nil
0x1ceb	nil
0x1d0e	nil
0x1d10	nil
0x1d11	nil
0x1d12	nil
0x1d15	nil
0x1d38	nil
0x1d5b	nil
0x1d7e	nil
0x1da1	nil
0x1dc4	nil
0x1de7	nil
0x1e0a	nil
0x1e2d	nil
0x1e50	nil
0x1e73	nil
0x1e96	nil
0x1eb9	nil
0x1edc	nil
0x1eff	nil
0x1f22	nil
0x1f45	nil
0x1f68	nil
0x1f8b	nil
0x1fae	nil
0x1fd1	nil
0x1ff4	nil
0x2017	nil
0x203a	nil
0x205d	nil
0x2080	nil
0x20a3	nil
0x20c6	nil
0x20e9	nil
0x210c	nil
0x212f	nil
0x2152	nil
0x2175	nil
0x2198	nil
0x21bb	nil
0x21de	nil
0x4873	nil
0x4876	nil
0x4878	nil
0x489a	nil
0x489d	nil
0x489f	nil
0x48c5	nil
0x48ed	nil
0x48f1	nil
0x48f3	nil
0x48f5	nil
0x48f7	nil
0x48f9	nil
0x48fb	nil
0x48fd	nil
0x48ff	nil
0x4901	nil
0x4903	nil
0x4906	nil
0x4909	nil
0x490c	nil
0x490f	nil
0x4912	nil
0x4915	nil
0x4918	nil
0x491b	nil
0x491e	nil
0x4921	nil
0x1a1_0x0	nil
0x1b9_0x1	nil
0x1c6_0x0	nil
0x456_0x0	nil
0x45f_0x0	nil
0x4c9_0x0	nil
0x4ea_0x2	nil
0x64b_0x1	nil
0x792_0x0	nil
0x792_0x1	nil
0x8fb_0x1	nil
0x902_0x1	nil
0x909_0x1	nil
0x910_0x1	nil
0x9c0S0xb7	[0x9bf, nil]
0x9c2S0xb7	[0x9bf, nil]
0x9c4S0xb7	[0x9bf, nil]
0x9daS0xb7	[0x9bf, nil]
0x9dcS0xb7	[0x9bf, nil]
0x9ddS0xb7	[0x9bf, nil]
0x2201S0xb7	[0x9bf, nil]
0x9c0S0x21a	[0x9bf, nil]
0x9c2S0x21a	[0x9bf, nil]
0x9c4S0x21a	[0x9bf, nil]
0x9daS0x21a	[0x9bf, nil]
0x9dcS0x21a	[0x9bf, nil]
0x9ddS0x21a	[0x9bf, nil]
0x2201S0x21a	[0x9bf, nil]
0x9c0S0x2e8	[0x9bf, nil]
0x9c2S0x2e8	[0x9bf, nil]
0x9c4S0x2e8	[0x9bf, nil]
0x9daS0x2e8	[0x9bf, nil]
0x9dcS0x2e8	[0x9bf, nil]
0x9ddS0x2e8	[0x9bf, nil]
0x2201S0x2e8	[0x9bf, nil]
0xbbbS0x32d	[0xbba, nil]
0xbbcS0x32d	[0xbba, nil]
0xbbdS0x32d	[0xbba, nil]
0xbbfS0x32d	[0xbba, nil]
0xbc0S0x32d	[0xbba, nil]
0xc2bS0x32d	[0xbba, nil]
0xc40S0x32d	[0xbba, nil]
0xc41S0x32d	[0xbba, nil]
0xc42S0x32d	[0xbba, nil]
0xbccS0x32d	[0xbba, nil]
0xbceS0x32d	[0xbba, nil]
0xbd0S0x32d	[0xbba, nil]
0xbd1S0x32d	[0xbba, nil]
0xbf4S0x32d	[0xbba, nil]
0xbf6S0x32d	[0xbba, nil]
0xbf9S0x32d	[0xbba, nil]
0xbfbS0x32d	[0xbba, nil]
0xbfdS0x32d	[0xbba, nil]
0xc00S0x32d	[0xbba, nil]
0xc02S0x32d	[0xbba, nil]
0xc23S0x32d	[0xbba, nil]
0xc26S0x32d	[0xbba, nil]
0xbc5S0x32d	[0xbba, nil]
0xbc6S0x32d	[0xbba, nil]
0xbc4_0x0S0x32d	[0xbba, nil]
0xbbbS0x427	[0xbba, nil]
0xbbcS0x427	[0xbba, nil]
0xbbdS0x427	[0xbba, nil]
0xbbfS0x427	[0xbba, nil]
0xbc0S0x427	[0xbba, nil]
0xc2bS0x427	[0xbba, nil]
0xc40S0x427	[0xbba, nil]
0xc41S0x427	[0xbba, nil]
0xc42S0x427	[0xbba, nil]
0xbccS0x427	[0xbba, nil]
0xbceS0x427	[0xbba, nil]
0xbd0S0x427	[0xbba, nil]
0xbd1S0x427	[0xbba, nil]
0xbf4S0x427	[0xbba, nil]
0xbf6S0x427	[0xbba, nil]
0xbf9S0x427	[0xbba, nil]
0xbfbS0x427	[0xbba, nil]
0xbfdS0x427	[0xbba, nil]
0xc00S0x427	[0xbba, nil]
0xc02S0x427	[0xbba, nil]
0xc23S0x427	[0xbba, nil]
0xc26S0x427	[0xbba, nil]
0xbc5S0x427	[0xbba, nil]
0xbc6S0x427	[0xbba, nil]
0xbc4_0x0S0x427	[0xbba, nil]
0xc47S0x4d9	[0xc46, nil]
0xc48S0x4d9	[0xc46, nil]
0xc4aS0x4d9	[0xc46, nil]
0xc4cS0x4d9	[0xc46, nil]
0xc50S0x4d9	[0xc46, nil]
0xc51S0x4d9	[0xc46, nil]
0xc52S0x4d9	[0xc46, nil]
0xc58S0x4d9	[0xc46, nil]
0xc59S0x4d9	[0xc46, nil]
0xc5cS0x4d9	[0xc46, nil]
0xb99S0x5f2	[0xb69, nil]
0xb9bS0x5f2	[0xb69, nil]
0xb9dS0x5f2	[0xb69, nil]
0xba7S0x5f2	[0xb69, nil]
0xba8S0x5f2	[0xb69, nil]
0xbacS0x5f2	[0xb69, nil]
0xbaeS0x5f2	[0xb69, nil]
0xbb1S0x5f2	[0xb69, nil]
0xbb2S0x5f2	[0xb69, nil]
0xbb4S0x5f2	[0xb69, nil]
0xbb5S0x5f2	[0xb69, nil]
0xb6bS0x5f2	[0xb69, nil]
0xb6dS0x5f2	[0xb69, nil]
0xb8fS0x5f2	[0xb69, nil]
0xb90S0x5f2	[0xb69, nil]
0xb91S0x5f2	[0xb69, nil]
0xb93S0x5f2	[0xb69, nil]
0xb94S0x5f2	[0xb69, nil]
0xb95S0x5f2	[0xb69, nil]
0x23b7S0x5f2	[0xb69, nil]
0x23daS0x5f2	[0xb69, nil]
0x23fdS0x5f2	[0xb69, nil]
0x9c0S0x814	[0x9bf, nil]
0x9c2S0x814	[0x9bf, nil]
0x9c4S0x814	[0x9bf, nil]
0x9daS0x814	[0x9bf, nil]
0x9dcS0x814	[0x9bf, nil]
0x9ddS0x814	[0x9bf, nil]
0x2201S0x814	[0x9bf, nil]
0x9e3S0xbe	[0x9e2, nil]
0x9e5S0xbe	[0x9e2, nil]
0x9e7S0xbe	[0x9e2, nil]
0x9fdS0xbe	[0x9e2, nil]
0x9ffS0xbe	[0x9e2, nil]
0xa00S0xbe	[0x9e2, nil]
0x2224S0xbe	[0x9e2, nil]
0xa42S0x1b9	[0xa05, nil]
0xa07S0x1b9	[0xa05, nil]
0xa09S0x1b9	[0xa05, nil]
0xa2bS0x1b9	[0xa05, nil]
0xa2cS0x1b9	[0xa05, nil]
0xa2eS0x1b9	[0xa05, nil]
0xa31S0x1b9	[0xa05, nil]
0xa32S0x1b9	[0xa05, nil]
0xa3cS0x1b9	[0xa05, nil]
0xa3dS0x1b9	[0xa05, nil]
0xa3eS0x1b9	[0xa05, nil]
0x2247S0x1b9	[0xa05, nil]
0x2268S0x1b9	[0xa05, nil]
0x226aS0x1b9	[0xa05, nil]
0x226cS0x1b9	[0xa05, nil]
0x226fS0x1b9	[0xa05, nil]
0x2271S0x1b9	[0xa05, nil]
0x9e3S0x221	[0x9e2, nil]
0x9e5S0x221	[0x9e2, nil]
0x9e7S0x221	[0x9e2, nil]
0x9fdS0x221	[0x9e2, nil]
0x9ffS0x221	[0x9e2, nil]
0xa00S0x221	[0x9e2, nil]
0x2224S0x221	[0x9e2, nil]
0xc47S0x35b	[0xc46, nil]
0xc48S0x35b	[0xc46, nil]
0xc4aS0x35b	[0xc46, nil]
0xc4cS0x35b	[0xc46, nil]
0xc50S0x35b	[0xc46, nil]
0xc51S0x35b	[0xc46, nil]
0xc52S0x35b	[0xc46, nil]
0xc58S0x35b	[0xc46, nil]
0xc59S0x35b	[0xc46, nil]
0xc5cS0x35b	[0xc46, nil]
0xc47S0x4e0	[0xc46, nil]
0xc48S0x4e0	[0xc46, nil]
0xc4aS0x4e0	[0xc46, nil]
0xc4cS0x4e0	[0xc46, nil]
0xc50S0x4e0	[0xc46, nil]
0xc51S0x4e0	[0xc46, nil]
0xc52S0x4e0	[0xc46, nil]
0xc58S0x4e0	[0xc46, nil]
0xc59S0x4e0	[0xc46, nil]
0xc5cS0x4e0	[0xc46, nil]
0xc6dS0x615	[0xc60, nil]
0xc72S0x615	[0xc60, nil]
0xc75S0x615	[0xc60, nil]
0xc76S0x615	[0xc60, nil]
0xc78S0x615	[0xc60, nil]
0xc7aS0x615	[0xc60, nil]
0xc7dS0x615	[0xc60, nil]
0xc7eS0x615	[0xc60, nil]
0xc80S0x615	[0xc60, nil]
0xc81S0x615	[0xc60, nil]
0xc82S0x615	[0xc60, nil]
0xc83S0x615	[0xc60, nil]
0xc85S0x615	[0xc60, nil]
0xdc8S0x615	[0xc60, nil]
0xdc9S0x615	[0xc60, nil]
0xdcaS0x615	[0xc60, nil]
0xde0S0x615	[0xc60, nil]
0xde1S0x615	[0xc60, nil]
0xde2S0x615	[0xc60, nil]
0xc62S0x615	[0xc60, nil]
0xc65S0x615	[0xc60, nil]
0xc68S0x615	[0xc60, nil]
0xc69S0x615	[0xc60, nil]
0xc93S0x615	[0xc60, nil]
0xc95S0x615	[0xc60, nil]
0xc89_0x0S0x615	[0xc60, nil]
0xc89_0x1S0x615	[0xc60, nil]
0xc89_0x2S0x615	[0xc60, nil]
0xd75S0x615	[0xc60, nil]
0xd97S0x615	[0xc60, nil]
0xd98S0x615	[0xc60, nil]
0xdfaS0x615	[0xc60, nil]
0xdfcS0x615	[0xc60, nil]
0x2420S0x615	[0xc60, nil]
0x2422S0x615	[0xc60, nil]
0x2423S0x615	[0xc60, nil]
0x2424S0x615	[0xc60, nil]
0x2427S0x615	[0xc60, nil]
0xdeeS0x615	[0xc60, nil]
0xdf0S0x615	[0xc60, nil]
0xdf3S0x615	[0xc60, nil]
0xd9dS0x615	[0xc60, nil]
0xda0S0x615	[0xc60, nil]
0xda3S0x615	[0xc60, nil]
0xda5S0x615	[0xc60, nil]
0xda7S0x615	[0xc60, nil]
0xda9S0x615	[0xc60, nil]
0xdadS0x615	[0xc60, nil]
0xdb0S0x615	[0xc60, nil]
0xdb2S0x615	[0xc60, nil]
0xdb5S0x615	[0xc60, nil]
0xdb7S0x615	[0xc60, nil]
0xdbaS0x615	[0xc60, nil]
0xdbfS0x615	[0xc60, nil]
0xdc1S0x615	[0xc60, nil]
0xdc2S0x615	[0xc60, nil]
0xdc3S0x615	[0xc60, nil]
0xdc4S0x615	[0xc60, nil]
0xde7S0x615	[0xc60, nil]
0xde9S0x615	[0xc60, nil]
0xa42S0x66d	[0xa05, nil]
0xa07S0x66d	[0xa05, nil]
0xa09S0x66d	[0xa05, nil]
0xa2bS0x66d	[0xa05, nil]
0xa2cS0x66d	[0xa05, nil]
0xa2eS0x66d	[0xa05, nil]
0xa31S0x66d	[0xa05, nil]
0xa32S0x66d	[0xa05, nil]
0xa3cS0x66d	[0xa05, nil]
0xa3dS0x66d	[0xa05, nil]
0xa3eS0x66d	[0xa05, nil]
0x2247S0x66d	[0xa05, nil]
0x2268S0x66d	[0xa05, nil]
0x226aS0x66d	[0xa05, nil]
0x226cS0x66d	[0xa05, nil]
0x226fS0x66d	[0xa05, nil]
0x2271S0x66d	[0xa05, nil]
0xc6dS0x74a	[0xc60, nil]
0xc72S0x74a	[0xc60, nil]
0xc75S0x74a	[0xc60, nil]
0xc76S0x74a	[0xc60, nil]
0xc78S0x74a	[0xc60, nil]
0xc7aS0x74a	[0xc60, nil]
0xc7dS0x74a	[0xc60, nil]
0xc7eS0x74a	[0xc60, nil]
0xc80S0x74a	[0xc60, nil]
0xc81S0x74a	[0xc60, nil]
0xc82S0x74a	[0xc60, nil]
0xc83S0x74a	[0xc60, nil]
0xc85S0x74a	[0xc60, nil]
0xdc8S0x74a	[0xc60, nil]
0xdc9S0x74a	[0xc60, nil]
0xdcaS0x74a	[0xc60, nil]
0xde0S0x74a	[0xc60, nil]
0xde1S0x74a	[0xc60, nil]
0xde2S0x74a	[0xc60, nil]
0xc62S0x74a	[0xc60, nil]
0xc65S0x74a	[0xc60, nil]
0xc68S0x74a	[0xc60, nil]
0xc69S0x74a	[0xc60, nil]
0xc93S0x74a	[0xc60, nil]
0xc95S0x74a	[0xc60, nil]
0xc89_0x0S0x74a	[0xc60, nil]
0xc89_0x1S0x74a	[0xc60, nil]
0xc89_0x2S0x74a	[0xc60, nil]
0xd75S0x74a	[0xc60, nil]
0xd97S0x74a	[0xc60, nil]
0xd98S0x74a	[0xc60, nil]
0xdfaS0x74a	[0xc60, nil]
0xdfcS0x74a	[0xc60, nil]
0x2420S0x74a	[0xc60, nil]
0x2422S0x74a	[0xc60, nil]
0x2423S0x74a	[0xc60, nil]
0x2424S0x74a	[0xc60, nil]
0x2427S0x74a	[0xc60, nil]
0xdeeS0x74a	[0xc60, nil]
0xdf0S0x74a	[0xc60, nil]
0xdf3S0x74a	[0xc60, nil]
0xd9dS0x74a	[0xc60, nil]
0xda0S0x74a	[0xc60, nil]
0xda3S0x74a	[0xc60, nil]
0xda5S0x74a	[0xc60, nil]
0xda7S0x74a	[0xc60, nil]
0xda9S0x74a	[0xc60, nil]
0xdadS0x74a	[0xc60, nil]
0xdb0S0x74a	[0xc60, nil]
0xdb2S0x74a	[0xc60, nil]
0xdb5S0x74a	[0xc60, nil]
0xdb7S0x74a	[0xc60, nil]
0xdbaS0x74a	[0xc60, nil]
0xdbfS0x74a	[0xc60, nil]
0xdc1S0x74a	[0xc60, nil]
0xdc2S0x74a	[0xc60, nil]
0xdc3S0x74a	[0xc60, nil]
0xdc4S0x74a	[0xc60, nil]
0xde7S0x74a	[0xc60, nil]
0xde9S0x74a	[0xc60, nil]
0x9e3S0x81b	[0x9e2, nil]
0x9e5S0x81b	[0x9e2, nil]
0x9e7S0x81b	[0x9e2, nil]
0x9fdS0x81b	[0x9e2, nil]
0x9ffS0x81b	[0x9e2, nil]
0xa00S0x81b	[0x9e2, nil]
0x2224S0x81b	[0x9e2, nil]
0xb99S0x496	[0xb69, nil]
0xb9bS0x496	[0xb69, nil]
0xb9dS0x496	[0xb69, nil]
0xba7S0x496	[0xb69, nil]
0xba8S0x496	[0xb69, nil]
0xbacS0x496	[0xb69, nil]
0xbaeS0x496	[0xb69, nil]
0xbb1S0x496	[0xb69, nil]
0xbb2S0x496	[0xb69, nil]
0xbb4S0x496	[0xb69, nil]
0xbb5S0x496	[0xb69, nil]
0xb6bS0x496	[0xb69, nil]
0xb6dS0x496	[0xb69, nil]
0xb8fS0x496	[0xb69, nil]
0xb90S0x496	[0xb69, nil]
0xb91S0x496	[0xb69, nil]
0xb93S0x496	[0xb69, nil]
0xb94S0x496	[0xb69, nil]
0xb95S0x496	[0xb69, nil]
0x23b7S0x496	[0xb69, nil]
0x23daS0x496	[0xb69, nil]
0x23fdS0x496	[0xb69, nil]
0xb48S0x23e	[0xb01, nil]
0xb4aS0x23e	[0xb01, nil]
0xb04S0x23e	[0xb01, nil]
0xb07S0x23e	[0xb01, nil]
0xb08S0x23e	[0xb01, nil]
0xb09S0x23e	[0xb01, nil]
0xb0aS0x23e	[0xb01, nil]
0x2325S0x23e	[0xb01, nil]
0x2348S0x23e	[0xb01, nil]
0x2369S0x23e	[0xb01, nil]
0x236bS0x23e	[0xb01, nil]
0x236dS0x23e	[0xb01, nil]
0x2370S0x23e	[0xb01, nil]
0x2372S0x23e	[0xb01, nil]
0xb38S0x23e	[0xb01, nil]
0xb3cS0x23e	[0xb01, nil]
0xb3fS0x23e	[0xb01, nil]
0xb40S0x23e	[0xb01, nil]
0xb43S0x23e	[0xb01, nil]
0xb44S0x23e	[0xb01, nil]
0x2394S0x23e	[0xb01, nil]
0xb5bS0x23e	[0xb01, nil]
0xb5eS0x23e	[0xb01, nil]
0xb62S0x23e	[0xb01, nil]
0xb64S0x23e	[0xb01, nil]
0xb65S0x23e	[0xb01, nil]
0xb59_0x0S0x23e	[0xb01, nil]
0xb59_0x1S0x23e	[0xb01, nil]
0xb4fS0x23e	[0xb01, nil]
0xb50S0x23e	[0xb01, nil]
0xb4c_0x1S0x23e	[0xb01, nil]
0xb0fS0x23e	[0xb01, nil]
0xb11S0x23e	[0xb01, nil]
0xb1bS0x23e	[0xb01, nil]
0xb1cS0x23e	[0xb01, nil]
0xb21S0x23e	[0xb01, nil]
0xb23S0x23e	[0xb01, nil]
0xb25S0x23e	[0xb01, nil]
0xb27S0x23e	[0xb01, nil]
0xb29S0x23e	[0xb01, nil]
0xb2cS0x23e	[0xb01, nil]
0xb2fS0x23e	[0xb01, nil]
0xb31S0x23e	[0xb01, nil]
0xa42S0xb20S0x23e	[0xb01, [0xa05, nil]]
0xa07S0xb20S0x23e	[0xb01, [0xa05, nil]]
0xa09S0xb20S0x23e	[0xb01, [0xa05, nil]]
0xa2bS0xb20S0x23e	[0xb01, [0xa05, nil]]
0xa2cS0xb20S0x23e	[0xb01, [0xa05, nil]]
0xa2eS0xb20S0x23e	[0xb01, [0xa05, nil]]
0xa31S0xb20S0x23e	[0xb01, [0xa05, nil]]
0xa32S0xb20S0x23e	[0xb01, [0xa05, nil]]
0xa3cS0xb20S0x23e	[0xb01, [0xa05, nil]]
0xa3dS0xb20S0x23e	[0xb01, [0xa05, nil]]
0xa3eS0xb20S0x23e	[0xb01, [0xa05, nil]]
0x2247S0xb20S0x23e	[0xb01, [0xa05, nil]]
0x2268S0xb20S0x23e	[0xb01, [0xa05, nil]]
0x226aS0xb20S0x23e	[0xb01, [0xa05, nil]]
0x226cS0xb20S0x23e	[0xb01, [0xa05, nil]]
0x226fS0xb20S0x23e	[0xb01, [0xa05, nil]]
0x2271S0xb20S0x23e	[0xb01, [0xa05, nil]]
0xb48S0x25f	[0xb01, nil]
0xb4aS0x25f	[0xb01, nil]
0xb04S0x25f	[0xb01, nil]
0xb07S0x25f	[0xb01, nil]
0xb08S0x25f	[0xb01, nil]
0xb09S0x25f	[0xb01, nil]
0xb0aS0x25f	[0xb01, nil]
0x2325S0x25f	[0xb01, nil]
0x2348S0x25f	[0xb01, nil]
0x2369S0x25f	[0xb01, nil]
0x236bS0x25f	[0xb01, nil]
0x236dS0x25f	[0xb01, nil]
0x2370S0x25f	[0xb01, nil]
0x2372S0x25f	[0xb01, nil]
0xb38S0x25f	[0xb01, nil]
0xb3cS0x25f	[0xb01, nil]
0xb3fS0x25f	[0xb01, nil]
0xb40S0x25f	[0xb01, nil]
0xb43S0x25f	[0xb01, nil]
0xb44S0x25f	[0xb01, nil]
0x2394S0x25f	[0xb01, nil]
0xb5bS0x25f	[0xb01, nil]
0xb5eS0x25f	[0xb01, nil]
0xb62S0x25f	[0xb01, nil]
0xb64S0x25f	[0xb01, nil]
0xb65S0x25f	[0xb01, nil]
0xb59_0x0S0x25f	[0xb01, nil]
0xb59_0x1S0x25f	[0xb01, nil]
0xb4fS0x25f	[0xb01, nil]
0xb50S0x25f	[0xb01, nil]
0xb4c_0x1S0x25f	[0xb01, nil]
0xb0fS0x25f	[0xb01, nil]
0xb11S0x25f	[0xb01, nil]
0xb1bS0x25f	[0xb01, nil]
0xb1cS0x25f	[0xb01, nil]
0xb21S0x25f	[0xb01, nil]
0xb23S0x25f	[0xb01, nil]
0xb25S0x25f	[0xb01, nil]
0xb27S0x25f	[0xb01, nil]
0xb29S0x25f	[0xb01, nil]
0xb2cS0x25f	[0xb01, nil]
0xb2fS0x25f	[0xb01, nil]
0xb31S0x25f	[0xb01, nil]
0xa42S0xb20S0x25f	[0xb01, [0xa05, nil]]
0xa07S0xb20S0x25f	[0xb01, [0xa05, nil]]
0xa09S0xb20S0x25f	[0xb01, [0xa05, nil]]
0xa2bS0xb20S0x25f	[0xb01, [0xa05, nil]]
0xa2cS0xb20S0x25f	[0xb01, [0xa05, nil]]
0xa2eS0xb20S0x25f	[0xb01, [0xa05, nil]]
0xa31S0xb20S0x25f	[0xb01, [0xa05, nil]]
0xa32S0xb20S0x25f	[0xb01, [0xa05, nil]]
0xa3cS0xb20S0x25f	[0xb01, [0xa05, nil]]
0xa3dS0xb20S0x25f	[0xb01, [0xa05, nil]]
0xa3eS0xb20S0x25f	[0xb01, [0xa05, nil]]
0x2247S0xb20S0x25f	[0xb01, [0xa05, nil]]
0x2268S0xb20S0x25f	[0xb01, [0xa05, nil]]
0x226aS0xb20S0x25f	[0xb01, [0xa05, nil]]
0x226cS0xb20S0x25f	[0xb01, [0xa05, nil]]
0x226fS0xb20S0x25f	[0xb01, [0xa05, nil]]
0x2271S0xb20S0x25f	[0xb01, [0xa05, nil]]
0xa83S0x664	[0xa73, nil]
0xa85S0x664	[0xa73, nil]
0xa86S0x664	[0xa73, nil]
0xaa7S0x664	[0xa73, nil]
0xaa8S0x664	[0xa73, nil]
0xaaaS0x664	[0xa73, nil]
0xa74S0x664	[0xa73, nil]
0xa7eS0x664	[0xa73, nil]
0xa7fS0x664	[0xa73, nil]
0x2293S0x664	[0xa73, nil]
0x22b4S0x664	[0xa73, nil]
0x22b6S0x664	[0xa73, nil]
0x22b8S0x664	[0xa73, nil]
0x22bbS0x664	[0xa73, nil]
0x22bdS0x664	[0xa73, nil]
0xab1S0x33b	[0xaad, nil]
0xab5S0x33b	[0xaad, nil]
0xabbS0x33b	[0xaad, nil]
0xabeS0x33b	[0xaad, nil]
0xac0S0x33b	[0xaad, nil]
0xac3S0x33b	[0xaad, nil]
0xacfS0x33b	[0xaad, nil]
0xad0S0x33b	[0xaad, nil]
0xad1S0x33b	[0xaad, nil]
0x22dfS0x33b	[0xaad, nil]
0xad7S0x33b	[0xaad, nil]
0xadbS0x33b	[0xaad, nil]
0xaddS0x33b	[0xaad, nil]
0xadfS0x33b	[0xaad, nil]
0xae0S0x33b	[0xaad, nil]
0xa42S0xab9S0x33b	[0xaad, [0xa05, nil]]
0xa07S0xab9S0x33b	[0xaad, [0xa05, nil]]
0xa09S0xab9S0x33b	[0xaad, [0xa05, nil]]
0xa2bS0xab9S0x33b	[0xaad, [0xa05, nil]]
0xa2cS0xab9S0x33b	[0xaad, [0xa05, nil]]
0xa2eS0xab9S0x33b	[0xaad, [0xa05, nil]]
0xa31S0xab9S0x33b	[0xaad, [0xa05, nil]]
0xa32S0xab9S0x33b	[0xaad, [0xa05, nil]]
0xa3cS0xab9S0x33b	[0xaad, [0xa05, nil]]
0xa3dS0xab9S0x33b	[0xaad, [0xa05, nil]]
0xa3eS0xab9S0x33b	[0xaad, [0xa05, nil]]
0x2247S0xab9S0x33b	[0xaad, [0xa05, nil]]
0x2268S0xab9S0x33b	[0xaad, [0xa05, nil]]
0x226aS0xab9S0x33b	[0xaad, [0xa05, nil]]
0x226cS0xab9S0x33b	[0xaad, [0xa05, nil]]
0x226fS0xab9S0x33b	[0xaad, [0xa05, nil]]
0x2271S0xab9S0x33b	[0xaad, [0xa05, nil]]
0xa83S0xaadS0x33b	[0xaad, [0xa73, nil]]
0xa85S0xaadS0x33b	[0xaad, [0xa73, nil]]
0xa86S0xaadS0x33b	[0xaad, [0xa73, nil]]
0xaa7S0xaadS0x33b	[0xaad, [0xa73, nil]]
0xaa8S0xaadS0x33b	[0xaad, [0xa73, nil]]
0xaaaS0xaadS0x33b	[0xaad, [0xa73, nil]]
0xa74S0xaadS0x33b	[0xaad, [0xa73, nil]]
0xa7eS0xaadS0x33b	[0xaad, [0xa73, nil]]
0xa7fS0xaadS0x33b	[0xaad, [0xa73, nil]]
0x2293S0xaadS0x33b	[0xaad, [0xa73, nil]]
0x22b4S0xaadS0x33b	[0xaad, [0xa73, nil]]
0x22b6S0xaadS0x33b	[0xaad, [0xa73, nil]]
0x22b8S0xaadS0x33b	[0xaad, [0xa73, nil]]
0x22bbS0xaadS0x33b	[0xaad, [0xa73, nil]]
0x22bdS0xaadS0x33b	[0xaad, [0xa73, nil]]
0xab1S0x4aa	[0xaad, nil]
0xab5S0x4aa	[0xaad, nil]
0xabbS0x4aa	[0xaad, nil]
0xabeS0x4aa	[0xaad, nil]
0xac0S0x4aa	[0xaad, nil]
0xac3S0x4aa	[0xaad, nil]
0xacfS0x4aa	[0xaad, nil]
0xad0S0x4aa	[0xaad, nil]
0xad1S0x4aa	[0xaad, nil]
0x22dfS0x4aa	[0xaad, nil]
0xad7S0x4aa	[0xaad, nil]
0xadbS0x4aa	[0xaad, nil]
0xaddS0x4aa	[0xaad, nil]
0xadfS0x4aa	[0xaad, nil]
0xae0S0x4aa	[0xaad, nil]
0xa42S0xab9S0x4aa	[0xaad, [0xa05, nil]]
0xa07S0xab9S0x4aa	[0xaad, [0xa05, nil]]
0xa09S0xab9S0x4aa	[0xaad, [0xa05, nil]]
0xa2bS0xab9S0x4aa	[0xaad, [0xa05, nil]]
0xa2cS0xab9S0x4aa	[0xaad, [0xa05, nil]]
0xa2eS0xab9S0x4aa	[0xaad, [0xa05, nil]]
0xa31S0xab9S0x4aa	[0xaad, [0xa05, nil]]
0xa32S0xab9S0x4aa	[0xaad, [0xa05, nil]]
0xa3cS0xab9S0x4aa	[0xaad, [0xa05, nil]]
0xa3dS0xab9S0x4aa	[0xaad, [0xa05, nil]]
0xa3eS0xab9S0x4aa	[0xaad, [0xa05, nil]]
0x2247S0xab9S0x4aa	[0xaad, [0xa05, nil]]
0x2268S0xab9S0x4aa	[0xaad, [0xa05, nil]]
0x226aS0xab9S0x4aa	[0xaad, [0xa05, nil]]
0x226cS0xab9S0x4aa	[0xaad, [0xa05, nil]]
0x226fS0xab9S0x4aa	[0xaad, [0xa05, nil]]
0x2271S0xab9S0x4aa	[0xaad, [0xa05, nil]]
0xa83S0xaadS0x4aa	[0xaad, [0xa73, nil]]
0xa85S0xaadS0x4aa	[0xaad, [0xa73, nil]]
0xa86S0xaadS0x4aa	[0xaad, [0xa73, nil]]
0xaa7S0xaadS0x4aa	[0xaad, [0xa73, nil]]
0xaa8S0xaadS0x4aa	[0xaad, [0xa73, nil]]
0xaaaS0xaadS0x4aa	[0xaad, [0xa73, nil]]
0xa74S0xaadS0x4aa	[0xaad, [0xa73, nil]]
0xa7eS0xaadS0x4aa	[0xaad, [0xa73, nil]]
0xa7fS0xaadS0x4aa	[0xaad, [0xa73, nil]]
0x2293S0xaadS0x4aa	[0xaad, [0xa73, nil]]
0x22b4S0xaadS0x4aa	[0xaad, [0xa73, nil]]
0x22b6S0xaadS0x4aa	[0xaad, [0xa73, nil]]
0x22b8S0xaadS0x4aa	[0xaad, [0xa73, nil]]
0x22bbS0xaadS0x4aa	[0xaad, [0xa73, nil]]
0x22bdS0xaadS0x4aa	[0xaad, [0xa73, nil]]
0xab1S0x60e	[0xaad, nil]
0xab5S0x60e	[0xaad, nil]
0xabbS0x60e	[0xaad, nil]
0xabeS0x60e	[0xaad, nil]
0xac0S0x60e	[0xaad, nil]
0xac3S0x60e	[0xaad, nil]
0xacfS0x60e	[0xaad, nil]
0xad0S0x60e	[0xaad, nil]
0xad1S0x60e	[0xaad, nil]
0x22dfS0x60e	[0xaad, nil]
0xad7S0x60e	[0xaad, nil]
0xadbS0x60e	[0xaad, nil]
0xaddS0x60e	[0xaad, nil]
0xadfS0x60e	[0xaad, nil]
0xae0S0x60e	[0xaad, nil]
0xa42S0xab9S0x60e	[0xaad, [0xa05, nil]]
0xa07S0xab9S0x60e	[0xaad, [0xa05, nil]]
0xa09S0xab9S0x60e	[0xaad, [0xa05, nil]]
0xa2bS0xab9S0x60e	[0xaad, [0xa05, nil]]
0xa2cS0xab9S0x60e	[0xaad, [0xa05, nil]]
0xa2eS0xab9S0x60e	[0xaad, [0xa05, nil]]
0xa31S0xab9S0x60e	[0xaad, [0xa05, nil]]
0xa32S0xab9S0x60e	[0xaad, [0xa05, nil]]
0xa3cS0xab9S0x60e	[0xaad, [0xa05, nil]]
0xa3dS0xab9S0x60e	[0xaad, [0xa05, nil]]
0xa3eS0xab9S0x60e	[0xaad, [0xa05, nil]]
0x2247S0xab9S0x60e	[0xaad, [0xa05, nil]]
0x2268S0xab9S0x60e	[0xaad, [0xa05, nil]]
0x226aS0xab9S0x60e	[0xaad, [0xa05, nil]]
0x226cS0xab9S0x60e	[0xaad, [0xa05, nil]]
0x226fS0xab9S0x60e	[0xaad, [0xa05, nil]]
0x2271S0xab9S0x60e	[0xaad, [0xa05, nil]]
0xa83S0xaadS0x60e	[0xaad, [0xa73, nil]]
0xa85S0xaadS0x60e	[0xaad, [0xa73, nil]]
0xa86S0xaadS0x60e	[0xaad, [0xa73, nil]]
0xaa7S0xaadS0x60e	[0xaad, [0xa73, nil]]
0xaa8S0xaadS0x60e	[0xaad, [0xa73, nil]]
0xaaaS0xaadS0x60e	[0xaad, [0xa73, nil]]
0xa74S0xaadS0x60e	[0xaad, [0xa73, nil]]
0xa7eS0xaadS0x60e	[0xaad, [0xa73, nil]]
0xa7fS0xaadS0x60e	[0xaad, [0xa73, nil]]
0x2293S0xaadS0x60e	[0xaad, [0xa73, nil]]
0x22b4S0xaadS0x60e	[0xaad, [0xa73, nil]]
0x22b6S0xaadS0x60e	[0xaad, [0xa73, nil]]
0x22b8S0xaadS0x60e	[0xaad, [0xa73, nil]]
0x22bbS0xaadS0x60e	[0xaad, [0xa73, nil]]
0x22bdS0xaadS0x60e	[0xaad, [0xa73, nil]]
0xae6S0xdb	[0xae3, nil]
0xae9S0xdb	[0xae3, nil]
0xaeaS0xdb	[0xae3, nil]
0xaebS0xdb	[0xae3, nil]
0xaecS0xdb	[0xae3, nil]
0x2302S0xdb	[0xae3, nil]
0xaf1S0xdb	[0xae3, nil]
0xaf3S0xdb	[0xae3, nil]
0xaf7S0xdb	[0xae3, nil]
0xaf9S0xdb	[0xae3, nil]
0xafaS0xdb	[0xae3, nil]
0xab1S0xaf0S0xdb	[0xae3, [0xaad, nil]]
0xab5S0xaf0S0xdb	[0xae3, [0xaad, nil]]
0xabbS0xaf0S0xdb	[0xae3, [0xaad, nil]]
0xabeS0xaf0S0xdb	[0xae3, [0xaad, nil]]
0xac0S0xaf0S0xdb	[0xae3, [0xaad, nil]]
0xac3S0xaf0S0xdb	[0xae3, [0xaad, nil]]
0xacfS0xaf0S0xdb	[0xae3, [0xaad, nil]]
0xad0S0xaf0S0xdb	[0xae3, [0xaad, nil]]
0xad1S0xaf0S0xdb	[0xae3, [0xaad, nil]]
0x22dfS0xaf0S0xdb	[0xae3, [0xaad, nil]]
0xad7S0xaf0S0xdb	[0xae3, [0xaad, nil]]
0xadbS0xaf0S0xdb	[0xae3, [0xaad, nil]]
0xaddS0xaf0S0xdb	[0xae3, [0xaad, nil]]
0xadfS0xaf0S0xdb	[0xae3, [0xaad, nil]]
0xae0S0xaf0S0xdb	[0xae3, [0xaad, nil]]
0xa42S0xab9S0xaf0S0xdb	[0xae3, [0xaad, [0xa05, nil]]]
0xa07S0xab9S0xaf0S0xdb	[0xae3, [0xaad, [0xa05, nil]]]
0xa09S0xab9S0xaf0S0xdb	[0xae3, [0xaad, [0xa05, nil]]]
0xa2bS0xab9S0xaf0S0xdb	[0xae3, [0xaad, [0xa05, nil]]]
0xa2cS0xab9S0xaf0S0xdb	[0xae3, [0xaad, [0xa05, nil]]]
0xa2eS0xab9S0xaf0S0xdb	[0xae3, [0xaad, [0xa05, nil]]]
0xa31S0xab9S0xaf0S0xdb	[0xae3, [0xaad, [0xa05, nil]]]
0xa32S0xab9S0xaf0S0xdb	[0xae3, [0xaad, [0xa05, nil]]]
0xa3cS0xab9S0xaf0S0xdb	[0xae3, [0xaad, [0xa05, nil]]]
0xa3dS0xab9S0xaf0S0xdb	[0xae3, [0xaad, [0xa05, nil]]]
0xa3eS0xab9S0xaf0S0xdb	[0xae3, [0xaad, [0xa05, nil]]]
0x2247S0xab9S0xaf0S0xdb	[0xae3, [0xaad, [0xa05, nil]]]
0x2268S0xab9S0xaf0S0xdb	[0xae3, [0xaad, [0xa05, nil]]]
0x226aS0xab9S0xaf0S0xdb	[0xae3, [0xaad, [0xa05, nil]]]
0x226cS0xab9S0xaf0S0xdb	[0xae3, [0xaad, [0xa05, nil]]]
0x226fS0xab9S0xaf0S0xdb	[0xae3, [0xaad, [0xa05, nil]]]
0x2271S0xab9S0xaf0S0xdb	[0xae3, [0xaad, [0xa05, nil]]]
0xa83S0xaadS0xaf0S0xdb	[0xae3, [0xaad, [0xa73, nil]]]
0xa85S0xaadS0xaf0S0xdb	[0xae3, [0xaad, [0xa73, nil]]]
0xa86S0xaadS0xaf0S0xdb	[0xae3, [0xaad, [0xa73, nil]]]
0xaa7S0xaadS0xaf0S0xdb	[0xae3, [0xaad, [0xa73, nil]]]
0xaa8S0xaadS0xaf0S0xdb	[0xae3, [0xaad, [0xa73, nil]]]
0xaaaS0xaadS0xaf0S0xdb	[0xae3, [0xaad, [0xa73, nil]]]
0xa74S0xaadS0xaf0S0xdb	[0xae3, [0xaad, [0xa73, nil]]]
0xa7eS0xaadS0xaf0S0xdb	[0xae3, [0xaad, [0xa73, nil]]]
0xa7fS0xaadS0xaf0S0xdb	[0xae3, [0xaad, [0xa73, nil]]]
0x2293S0xaadS0xaf0S0xdb	[0xae3, [0xaad, [0xa73, nil]]]
0x22b4S0xaadS0xaf0S0xdb	[0xae3, [0xaad, [0xa73, nil]]]
0x22b6S0xaadS0xaf0S0xdb	[0xae3, [0xaad, [0xa73, nil]]]
0x22b8S0xaadS0xaf0S0xdb	[0xae3, [0xaad, [0xa73, nil]]]
0x22bbS0xaadS0xaf0S0xdb	[0xae3, [0xaad, [0xa73, nil]]]
0x22bdS0xaadS0xaf0S0xdb	[0xae3, [0xaad, [0xa73, nil]]]
0xae6S0x280	[0xae3, nil]
0xae9S0x280	[0xae3, nil]
0xaeaS0x280	[0xae3, nil]
0xaebS0x280	[0xae3, nil]
0xaecS0x280	[0xae3, nil]
0x2302S0x280	[0xae3, nil]
0xaf1S0x280	[0xae3, nil]
0xaf3S0x280	[0xae3, nil]
0xaf7S0x280	[0xae3, nil]
0xaf9S0x280	[0xae3, nil]
0xafaS0x280	[0xae3, nil]
0xab1S0xaf0S0x280	[0xae3, [0xaad, nil]]
0xab5S0xaf0S0x280	[0xae3, [0xaad, nil]]
0xabbS0xaf0S0x280	[0xae3, [0xaad, nil]]
0xabeS0xaf0S0x280	[0xae3, [0xaad, nil]]
0xac0S0xaf0S0x280	[0xae3, [0xaad, nil]]
0xac3S0xaf0S0x280	[0xae3, [0xaad, nil]]
0xacfS0xaf0S0x280	[0xae3, [0xaad, nil]]
0xad0S0xaf0S0x280	[0xae3, [0xaad, nil]]
0xad1S0xaf0S0x280	[0xae3, [0xaad, nil]]
0x22dfS0xaf0S0x280	[0xae3, [0xaad, nil]]
0xad7S0xaf0S0x280	[0xae3, [0xaad, nil]]
0xadbS0xaf0S0x280	[0xae3, [0xaad, nil]]
0xaddS0xaf0S0x280	[0xae3, [0xaad, nil]]
0xadfS0xaf0S0x280	[0xae3, [0xaad, nil]]
0xae0S0xaf0S0x280	[0xae3, [0xaad, nil]]
0xa42S0xab9S0xaf0S0x280	[0xae3, [0xaad, [0xa05, nil]]]
0xa07S0xab9S0xaf0S0x280	[0xae3, [0xaad, [0xa05, nil]]]
0xa09S0xab9S0xaf0S0x280	[0xae3, [0xaad, [0xa05, nil]]]
0xa2bS0xab9S0xaf0S0x280	[0xae3, [0xaad, [0xa05, nil]]]
0xa2cS0xab9S0xaf0S0x280	[0xae3, [0xaad, [0xa05, nil]]]
0xa2eS0xab9S0xaf0S0x280	[0xae3, [0xaad, [0xa05, nil]]]
0xa31S0xab9S0xaf0S0x280	[0xae3, [0xaad, [0xa05, nil]]]
0xa32S0xab9S0xaf0S0x280	[0xae3, [0xaad, [0xa05, nil]]]
0xa3cS0xab9S0xaf0S0x280	[0xae3, [0xaad, [0xa05, nil]]]
0xa3dS0xab9S0xaf0S0x280	[0xae3, [0xaad, [0xa05, nil]]]
0xa3eS0xab9S0xaf0S0x280	[0xae3, [0xaad, [0xa05, nil]]]
0x2247S0xab9S0xaf0S0x280	[0xae3, [0xaad, [0xa05, nil]]]
0x2268S0xab9S0xaf0S0x280	[0xae3, [0xaad, [0xa05, nil]]]
0x226aS0xab9S0xaf0S0x280	[0xae3, [0xaad, [0xa05, nil]]]
0x226cS0xab9S0xaf0S0x280	[0xae3, [0xaad, [0xa05, nil]]]
0x226fS0xab9S0xaf0S0x280	[0xae3, [0xaad, [0xa05, nil]]]
0x2271S0xab9S0xaf0S0x280	[0xae3, [0xaad, [0xa05, nil]]]
0xa83S0xaadS0xaf0S0x280	[0xae3, [0xaad, [0xa73, nil]]]
0xa85S0xaadS0xaf0S0x280	[0xae3, [0xaad, [0xa73, nil]]]
0xa86S0xaadS0xaf0S0x280	[0xae3, [0xaad, [0xa73, nil]]]
0xaa7S0xaadS0xaf0S0x280	[0xae3, [0xaad, [0xa73, nil]]]
0xaa8S0xaadS0xaf0S0x280	[0xae3, [0xaad, [0xa73, nil]]]
0xaaaS0xaadS0xaf0S0x280	[0xae3, [0xaad, [0xa73, nil]]]
0xa74S0xaadS0xaf0S0x280	[0xae3, [0xaad, [0xa73, nil]]]
0xa7eS0xaadS0xaf0S0x280	[0xae3, [0xaad, [0xa73, nil]]]
0xa7fS0xaadS0xaf0S0x280	[0xae3, [0xaad, [0xa73, nil]]]
0x2293S0xaadS0xaf0S0x280	[0xae3, [0xaad, [0xa73, nil]]]
0x22b4S0xaadS0xaf0S0x280	[0xae3, [0xaad, [0xa73, nil]]]
0x22b6S0xaadS0xaf0S0x280	[0xae3, [0xaad, [0xa73, nil]]]
0x22b8S0xaadS0xaf0S0x280	[0xae3, [0xaad, [0xa73, nil]]]
0x22bbS0xaadS0xaf0S0x280	[0xae3, [0xaad, [0xa73, nil]]]
0x22bdS0xaadS0xaf0S0x280	[0xae3, [0xaad, [0xa73, nil]]]
0xae6S0x737	[0xae3, nil]
0xae9S0x737	[0xae3, nil]
0xaeaS0x737	[0xae3, nil]
0xaebS0x737	[0xae3, nil]
0xaecS0x737	[0xae3, nil]
0x2302S0x737	[0xae3, nil]
0xaf1S0x737	[0xae3, nil]
0xaf3S0x737	[0xae3, nil]
0xaf7S0x737	[0xae3, nil]
0xaf9S0x737	[0xae3, nil]
0xafaS0x737	[0xae3, nil]
0xab1S0xaf0S0x737	[0xae3, [0xaad, nil]]
0xab5S0xaf0S0x737	[0xae3, [0xaad, nil]]
0xabbS0xaf0S0x737	[0xae3, [0xaad, nil]]
0xabeS0xaf0S0x737	[0xae3, [0xaad, nil]]
0xac0S0xaf0S0x737	[0xae3, [0xaad, nil]]
0xac3S0xaf0S0x737	[0xae3, [0xaad, nil]]
0xacfS0xaf0S0x737	[0xae3, [0xaad, nil]]
0xad0S0xaf0S0x737	[0xae3, [0xaad, nil]]
0xad1S0xaf0S0x737	[0xae3, [0xaad, nil]]
0x22dfS0xaf0S0x737	[0xae3, [0xaad, nil]]
0xad7S0xaf0S0x737	[0xae3, [0xaad, nil]]
0xadbS0xaf0S0x737	[0xae3, [0xaad, nil]]
0xaddS0xaf0S0x737	[0xae3, [0xaad, nil]]
0xadfS0xaf0S0x737	[0xae3, [0xaad, nil]]
0xae0S0xaf0S0x737	[0xae3, [0xaad, nil]]
0xa42S0xab9S0xaf0S0x737	[0xae3, [0xaad, [0xa05, nil]]]
0xa07S0xab9S0xaf0S0x737	[0xae3, [0xaad, [0xa05, nil]]]
0xa09S0xab9S0xaf0S0x737	[0xae3, [0xaad, [0xa05, nil]]]
0xa2bS0xab9S0xaf0S0x737	[0xae3, [0xaad, [0xa05, nil]]]
0xa2cS0xab9S0xaf0S0x737	[0xae3, [0xaad, [0xa05, nil]]]
0xa2eS0xab9S0xaf0S0x737	[0xae3, [0xaad, [0xa05, nil]]]
0xa31S0xab9S0xaf0S0x737	[0xae3, [0xaad, [0xa05, nil]]]
0xa32S0xab9S0xaf0S0x737	[0xae3, [0xaad, [0xa05, nil]]]
0xa3cS0xab9S0xaf0S0x737	[0xae3, [0xaad, [0xa05, nil]]]
0xa3dS0xab9S0xaf0S0x737	[0xae3, [0xaad, [0xa05, nil]]]
0xa3eS0xab9S0xaf0S0x737	[0xae3, [0xaad, [0xa05, nil]]]
0x2247S0xab9S0xaf0S0x737	[0xae3, [0xaad, [0xa05, nil]]]
0x2268S0xab9S0xaf0S0x737	[0xae3, [0xaad, [0xa05, nil]]]
0x226aS0xab9S0xaf0S0x737	[0xae3, [0xaad, [0xa05, nil]]]
0x226cS0xab9S0xaf0S0x737	[0xae3, [0xaad, [0xa05, nil]]]
0x226fS0xab9S0xaf0S0x737	[0xae3, [0xaad, [0xa05, nil]]]
0x2271S0xab9S0xaf0S0x737	[0xae3, [0xaad, [0xa05, nil]]]
0xa83S0xaadS0xaf0S0x737	[0xae3, [0xaad, [0xa73, nil]]]
0xa85S0xaadS0xaf0S0x737	[0xae3, [0xaad, [0xa73, nil]]]
0xa86S0xaadS0xaf0S0x737	[0xae3, [0xaad, [0xa73, nil]]]
0xaa7S0xaadS0xaf0S0x737	[0xae3, [0xaad, [0xa73, nil]]]
0xaa8S0xaadS0xaf0S0x737	[0xae3, [0xaad, [0xa73, nil]]]
0xaaaS0xaadS0xaf0S0x737	[0xae3, [0xaad, [0xa73, nil]]]
0xa74S0xaadS0xaf0S0x737	[0xae3, [0xaad, [0xa73, nil]]]
0xa7eS0xaadS0xaf0S0x737	[0xae3, [0xaad, [0xa73, nil]]]
0xa7fS0xaadS0xaf0S0x737	[0xae3, [0xaad, [0xa73, nil]]]
0x2293S0xaadS0xaf0S0x737	[0xae3, [0xaad, [0xa73, nil]]]
0x22b4S0xaadS0xaf0S0x737	[0xae3, [0xaad, [0xa73, nil]]]
0x22b6S0xaadS0xaf0S0x737	[0xae3, [0xaad, [0xa73, nil]]]
0x22b8S0xaadS0xaf0S0x737	[0xae3, [0xaad, [0xa73, nil]]]
0x22bbS0xaadS0xaf0S0x737	[0xae3, [0xaad, [0xa73, nil]]]
0x22bdS0xaadS0xaf0S0x737	[0xae3, [0xaad, [0xa73, nil]]]
0xae6S0x838	[0xae3, nil]
0xae9S0x838	[0xae3, nil]
0xaeaS0x838	[0xae3, nil]
0xaebS0x838	[0xae3, nil]
0xaecS0x838	[0xae3, nil]
0x2302S0x838	[0xae3, nil]
0xaf1S0x838	[0xae3, nil]
0xaf3S0x838	[0xae3, nil]
0xaf7S0x838	[0xae3, nil]
0xaf9S0x838	[0xae3, nil]
0xafaS0x838	[0xae3, nil]
0xab1S0xaf0S0x838	[0xae3, [0xaad, nil]]
0xab5S0xaf0S0x838	[0xae3, [0xaad, nil]]
0xabbS0xaf0S0x838	[0xae3, [0xaad, nil]]
0xabeS0xaf0S0x838	[0xae3, [0xaad, nil]]
0xac0S0xaf0S0x838	[0xae3, [0xaad, nil]]
0xac3S0xaf0S0x838	[0xae3, [0xaad, nil]]
0xacfS0xaf0S0x838	[0xae3, [0xaad, nil]]
0xad0S0xaf0S0x838	[0xae3, [0xaad, nil]]
0xad1S0xaf0S0x838	[0xae3, [0xaad, nil]]
0x22dfS0xaf0S0x838	[0xae3, [0xaad, nil]]
0xad7S0xaf0S0x838	[0xae3, [0xaad, nil]]
0xadbS0xaf0S0x838	[0xae3, [0xaad, nil]]
0xaddS0xaf0S0x838	[0xae3, [0xaad, nil]]
0xadfS0xaf0S0x838	[0xae3, [0xaad, nil]]
0xae0S0xaf0S0x838	[0xae3, [0xaad, nil]]
0xa42S0xab9S0xaf0S0x838	[0xae3, [0xaad, [0xa05, nil]]]
0xa07S0xab9S0xaf0S0x838	[0xae3, [0xaad, [0xa05, nil]]]
0xa09S0xab9S0xaf0S0x838	[0xae3, [0xaad, [0xa05, nil]]]
0xa2bS0xab9S0xaf0S0x838	[0xae3, [0xaad, [0xa05, nil]]]
0xa2cS0xab9S0xaf0S0x838	[0xae3, [0xaad, [0xa05, nil]]]
0xa2eS0xab9S0xaf0S0x838	[0xae3, [0xaad, [0xa05, nil]]]
0xa31S0xab9S0xaf0S0x838	[0xae3, [0xaad, [0xa05, nil]]]
0xa32S0xab9S0xaf0S0x838	[0xae3, [0xaad, [0xa05, nil]]]
0xa3cS0xab9S0xaf0S0x838	[0xae3, [0xaad, [0xa05, nil]]]
0xa3dS0xab9S0xaf0S0x838	[0xae3, [0xaad, [0xa05, nil]]]
0xa3eS0xab9S0xaf0S0x838	[0xae3, [0xaad, [0xa05, nil]]]
0x2247S0xab9S0xaf0S0x838	[0xae3, [0xaad, [0xa05, nil]]]
0x2268S0xab9S0xaf0S0x838	[0xae3, [0xaad, [0xa05, nil]]]
0x226aS0xab9S0xaf0S0x838	[0xae3, [0xaad, [0xa05, nil]]]
0x226cS0xab9S0xaf0S0x838	[0xae3, [0xaad, [0xa05, nil]]]
0x226fS0xab9S0xaf0S0x838	[0xae3, [0xaad, [0xa05, nil]]]
0x2271S0xab9S0xaf0S0x838	[0xae3, [0xaad, [0xa05, nil]]]
0xa83S0xaadS0xaf0S0x838	[0xae3, [0xaad, [0xa73, nil]]]
0xa85S0xaadS0xaf0S0x838	[0xae3, [0xaad, [0xa73, nil]]]
0xa86S0xaadS0xaf0S0x838	[0xae3, [0xaad, [0xa73, nil]]]
0xaa7S0xaadS0xaf0S0x838	[0xae3, [0xaad, [0xa73, nil]]]
0xaa8S0xaadS0xaf0S0x838	[0xae3, [0xaad, [0xa73, nil]]]
0xaaaS0xaadS0xaf0S0x838	[0xae3, [0xaad, [0xa73, nil]]]
0xa74S0xaadS0xaf0S0x838	[0xae3, [0xaad, [0xa73, nil]]]
0xa7eS0xaadS0xaf0S0x838	[0xae3, [0xaad, [0xa73, nil]]]
0xa7fS0xaadS0xaf0S0x838	[0xae3, [0xaad, [0xa73, nil]]]
0x2293S0xaadS0xaf0S0x838	[0xae3, [0xaad, [0xa73, nil]]]
0x22b4S0xaadS0xaf0S0x838	[0xae3, [0xaad, [0xa73, nil]]]
0x22b6S0xaadS0xaf0S0x838	[0xae3, [0xaad, [0xa73, nil]]]
0x22b8S0xaadS0xaf0S0x838	[0xae3, [0xaad, [0xa73, nil]]]
0x22bbS0xaadS0xaf0S0x838	[0xae3, [0xaad, [0xa73, nil]]]
0x22bdS0xaadS0xaf0S0x838	[0xae3, [0xaad, [0xa73, nil]]]
0xe7	nil
0x28c	nil
0x749	nil
0x844	nil
0x346	nil
0x4b4	nil
0x614	nil
0x66c	nil
0x24a	nil
0x26b	nil
0xbd	nil
0x220	nil
0x2ee	nil
0x81a	nil
0xc6	nil
0x229	nil
0x823	nil
0x4a9	nil
0x60d	nil
0x362	nil
0x4df	nil
0x4e9	nil
0x61c	nil
0x751	nil
0x1c5	nil
0x33a	nil
0x42d	nil
0x67a	nil
0x48c8	nil
0x48f0	nil
0x4907	nil
0x490a	nil
0x490d	nil
0x4910	nil
0x4913	nil
0x4916	nil
0x4919	nil
0x491c	nil
0x491f	nil
0x4922	nil
0x1d6	nil
0x1de	nil
0x4cf	nil
0x689	nil
0x68e	nil
0x696	nil
0x7e3	nil
0x940	nil
0x96a	nil
0x994	nil
0x9be	nil
0xe	nil
0x8c	nil
0xb6	nil
0xda	nil
0x11c	nil
0x145	nil
0x19a	nil
0x1a0	nil
0x1b8	nil
0x1ce	nil
0x1ef	nil
0x219	nil
0x23d	nil
0x25e	nil
0x27f	nil
0x2bd	nil
0x2e7	nil
0x301	nil
0x30c	nil
0x320	nil
0x32c	nil
0x359	nil
0x370	nil
0x399	nil
0x3bc	nil
0x3e6	nil
0x3f8	nil
0x403	nil
0x417	nil
0x426	nil
0x45e	nil
0x470	nil
0x495	nil
0x4c8	nil
0x4d8	nil
0x56a	nil
0x594	nil
0x5a6	nil
0x5d3	nil
0x5f1	nil
0x642	nil
0x64a	nil
0x663	nil
0x6fa	nil
0x724	nil
0x736	nil
0x76e	nil
0x7e9	nil
0x813	nil
0x837	nil
0x875	nil
0x89f	nil
0x8cd	nil
0x8fa	nil
0x901	nil
0x908	nil
0x90f	nil
0xca3	nil
0xca8	nil
0xcb4	nil
0xce4	nil
0xd17	nil
0x48f2	nil
0x48f4	nil
0x48f6	nil
0x48f8	nil
0x48fa	nil
0x48fc	nil
0x48fe	nil
0x4900	nil
0x4902	nil
0x4904	nil
0xcab	nil
0xd19	nil
0x86	nil
0x35a	nil
0x100x0	nil
0x100x3b7	nil
0x112	nil
0x1ab	nil
0x2b7	nil
0x3b6	nil
0x653	nil
0x7bb	nil
0x86f	nil
0x916	nil
0x564	nil
0x6f4	nil
0xcdb	nil
0xd0f	nil
0xd44	nil
0xd71	nil
0x1c61	nil
0x1c84	nil
0x1ca7	nil
0x1cca	nil
0x1ced	nil
0x1d17	nil
0x1d3a	nil
0x1d5d	nil
0x1d80	nil
0x1da3	nil
0x1dc6	nil
0x1de9	nil
0x1e0c	nil
0x1e2f	nil
0x1e52	nil
0x1e75	nil
0x1e98	nil
0x1ebb	nil
0x1ede	nil
0x1f01	nil
0x1f24	nil
0x1f47	nil
0x1f6a	nil
0x1f8d	nil
0x1fb0	nil
0x1fd3	nil
0x1ff6	nil
0x2019	nil
0x203c	nil
0x205f	nil
0x2082	nil
0x20a5	nil
0x20c8	nil
0x20eb	nil
0x210e	nil
0x2131	nil
0x2154	nil
0x2177	nil
0x219a	nil
0x21bd	nil
0x21e0	nil
0x4879	nil
0x48a0	nil
0x5	nil
0x111	nil
0x16b	nil
0x171	nil
0x177	nil
0x1aa	nil
0x2b6	nil
0x3b5	nil
0x539	nil
0x53e	nil
0x545	nil
0x550	nil
0x55c	nil
0x652	nil
0x67d	nil
0x6bf	nil
0x6c6	nil
0x6cd	nil
0x6f3	nil
0x7ba	nil
0x86e	nil
0x915	nil
0xcd7	nil
0xd08	nil
0xd0b	nil
0xd3d	nil
0xd40	nil
0xd68	nil
0xd6d	nil
0x555	nil
0x683	nil
0x1d14	nil
0x9e1S0xb7	[0x9bf, nil]
0x9e0S0xb7	[0x9bf, nil]
0x2203S0xb7	[0x9bf, nil]
0x9e1S0x21a	[0x9bf, nil]
0x9e0S0x21a	[0x9bf, nil]
0x2203S0x21a	[0x9bf, nil]
0x9e1S0x2e8	[0x9bf, nil]
0x9e0S0x2e8	[0x9bf, nil]
0x2203S0x2e8	[0x9bf, nil]
0xbcaS0x32d	[0xbba, nil]
0xbc3S0x32d	[0xbba, nil]
0xc45S0x32d	[0xbba, nil]
0xc28S0x32d	[0xbba, nil]
0xbf3S0x32d	[0xbba, nil]
0xbfaS0x32d	[0xbba, nil]
0xc01S0x32d	[0xbba, nil]
0xc27S0x32d	[0xbba, nil]
0xbc9S0x32d	[0xbba, nil]
0xbcaS0x427	[0xbba, nil]
0xbc3S0x427	[0xbba, nil]
0xc45S0x427	[0xbba, nil]
0xc28S0x427	[0xbba, nil]
0xbf3S0x427	[0xbba, nil]
0xbfaS0x427	[0xbba, nil]
0xc01S0x427	[0xbba, nil]
0xc27S0x427	[0xbba, nil]
0xbc9S0x427	[0xbba, nil]
0xc5fS0x4d9	[0xc46, nil]
0xc54S0x4d9	[0xc46, nil]
0xc57S0x4d9	[0xc46, nil]
0xc5dS0x4d9	[0xc46, nil]
0xbabS0x5f2	[0xb69, nil]
0xbb8S0x5f2	[0xb69, nil]
0xbb9S0x5f2	[0xb69, nil]
0xb98S0x5f2	[0xb69, nil]
0x23b9S0x5f2	[0xb69, nil]
0x23dcS0x5f2	[0xb69, nil]
0x23ffS0x5f2	[0xb69, nil]
0x9e1S0x814	[0x9bf, nil]
0x9e0S0x814	[0x9bf, nil]
0x2203S0x814	[0x9bf, nil]
0xa04S0xbe	[0x9e2, nil]
0xa03S0xbe	[0x9e2, nil]
0x2226S0xbe	[0x9e2, nil]
0xa45S0x1b9	[0xa05, nil]
0xa44S0x1b9	[0xa05, nil]
0xa41S0x1b9	[0xa05, nil]
0x2272S0x1b9	[0xa05, nil]
0x2269S0x1b9	[0xa05, nil]
0x226eS0x1b9	[0xa05, nil]
0xa04S0x221	[0x9e2, nil]
0xa03S0x221	[0x9e2, nil]
0x2226S0x221	[0x9e2, nil]
0xc5fS0x35b	[0xc46, nil]
0xc54S0x35b	[0xc46, nil]
0xc57S0x35b	[0xc46, nil]
0xc5dS0x35b	[0xc46, nil]
0xc5fS0x4e0	[0xc46, nil]
0xc54S0x4e0	[0xc46, nil]
0xc57S0x4e0	[0xc46, nil]
0xc5dS0x4e0	[0xc46, nil]
0xc88S0x615	[0xc60, nil]
0xde5S0x615	[0xc60, nil]
0xc6cS0x615	[0xc60, nil]
0xc99S0x615	[0xc60, nil]
0xc8fS0x615	[0xc60, nil]
0xd9bS0x615	[0xc60, nil]
0xe00S0x615	[0xc60, nil]
0x2429S0x615	[0xc60, nil]
0x2426S0x615	[0xc60, nil]
0xdf5S0x615	[0xc60, nil]
0xdc7S0x615	[0xc60, nil]
0xdacS0x615	[0xc60, nil]
0xdb1S0x615	[0xc60, nil]
0xdb6S0x615	[0xc60, nil]
0xdbbS0x615	[0xc60, nil]
0xdbeS0x615	[0xc60, nil]
0xdebS0x615	[0xc60, nil]
0xa45S0x66d	[0xa05, nil]
0xa44S0x66d	[0xa05, nil]
0xa41S0x66d	[0xa05, nil]
0x2272S0x66d	[0xa05, nil]
0x2269S0x66d	[0xa05, nil]
0x226eS0x66d	[0xa05, nil]
0xc88S0x74a	[0xc60, nil]
0xde5S0x74a	[0xc60, nil]
0xc6cS0x74a	[0xc60, nil]
0xc99S0x74a	[0xc60, nil]
0xc8fS0x74a	[0xc60, nil]
0xd9bS0x74a	[0xc60, nil]
0xe00S0x74a	[0xc60, nil]
0x2429S0x74a	[0xc60, nil]
0x2426S0x74a	[0xc60, nil]
0xdf5S0x74a	[0xc60, nil]
0xdc7S0x74a	[0xc60, nil]
0xdacS0x74a	[0xc60, nil]
0xdb1S0x74a	[0xc60, nil]
0xdb6S0x74a	[0xc60, nil]
0xdbbS0x74a	[0xc60, nil]
0xdbeS0x74a	[0xc60, nil]
0xdebS0x74a	[0xc60, nil]
0xa04S0x81b	[0x9e2, nil]
0xa03S0x81b	[0x9e2, nil]
0x2226S0x81b	[0x9e2, nil]
0xbabS0x496	[0xb69, nil]
0xbb8S0x496	[0xb69, nil]
0xbb9S0x496	[0xb69, nil]
0xb98S0x496	[0xb69, nil]
0x23b9S0x496	[0xb69, nil]
0x23dcS0x496	[0xb69, nil]
0x23ffS0x496	[0xb69, nil]
0xb0dS0x23e	[0xb01, nil]
0x2327S0x23e	[0xb01, nil]
0x2373S0x23e	[0xb01, nil]
0x236aS0x23e	[0xb01, nil]
0x236fS0x23e	[0xb01, nil]
0xb47S0x23e	[0xb01, nil]
0xb37S0x23e	[0xb01, nil]
0x2396S0x23e	[0xb01, nil]
0xb68S0x23e	[0xb01, nil]
0xb5dS0x23e	[0xb01, nil]
0xb53S0x23e	[0xb01, nil]
0xb1fS0x23e	[0xb01, nil]
0xb34S0x23e	[0xb01, nil]
0xb58S0x23e	[0xb01, nil]
0xa45S0xb20S0x23e	[0xb01, [0xa05, nil]]
0xa44S0xb20S0x23e	[0xb01, [0xa05, nil]]
0xa41S0xb20S0x23e	[0xb01, [0xa05, nil]]
0x2272S0xb20S0x23e	[0xb01, [0xa05, nil]]
0x2269S0xb20S0x23e	[0xb01, [0xa05, nil]]
0x226eS0xb20S0x23e	[0xb01, [0xa05, nil]]
0xb0dS0x25f	[0xb01, nil]
0x2327S0x25f	[0xb01, nil]
0x2373S0x25f	[0xb01, nil]
0x236aS0x25f	[0xb01, nil]
0x236fS0x25f	[0xb01, nil]
0xb47S0x25f	[0xb01, nil]
0xb37S0x25f	[0xb01, nil]
0x2396S0x25f	[0xb01, nil]
0xb68S0x25f	[0xb01, nil]
0xb5dS0x25f	[0xb01, nil]
0xb53S0x25f	[0xb01, nil]
0xb1fS0x25f	[0xb01, nil]
0xb34S0x25f	[0xb01, nil]
0xb58S0x25f	[0xb01, nil]
0xa45S0xb20S0x25f	[0xb01, [0xa05, nil]]
0xa44S0xb20S0x25f	[0xb01, [0xa05, nil]]
0xa41S0xb20S0x25f	[0xb01, [0xa05, nil]]
0x2272S0xb20S0x25f	[0xb01, [0xa05, nil]]
0x2269S0xb20S0x25f	[0xb01, [0xa05, nil]]
0x226eS0xb20S0x25f	[0xb01, [0xa05, nil]]
0xaacS0x664	[0xa73, nil]
0xa82S0x664	[0xa73, nil]
0x22beS0x664	[0xa73, nil]
0x22b5S0x664	[0xa73, nil]
0x22baS0x664	[0xa73, nil]
0xab8S0x33b	[0xaad, nil]
0xac6S0x33b	[0xaad, nil]
0xad4S0x33b	[0xaad, nil]
0xaccS0x33b	[0xaad, nil]
0x22e1S0x33b	[0xaad, nil]
0xae2S0x33b	[0xaad, nil]
0xadeS0x33b	[0xaad, nil]
0xae1S0x33b	[0xaad, nil]
0xa45S0xab9S0x33b	[0xaad, [0xa05, nil]]
0xa44S0xab9S0x33b	[0xaad, [0xa05, nil]]
0xa41S0xab9S0x33b	[0xaad, [0xa05, nil]]
0x2272S0xab9S0x33b	[0xaad, [0xa05, nil]]
0x2269S0xab9S0x33b	[0xaad, [0xa05, nil]]
0x226eS0xab9S0x33b	[0xaad, [0xa05, nil]]
0xaacS0xaadS0x33b	[0xaad, [0xa73, nil]]
0xa82S0xaadS0x33b	[0xaad, [0xa73, nil]]
0x22beS0xaadS0x33b	[0xaad, [0xa73, nil]]
0x22b5S0xaadS0x33b	[0xaad, [0xa73, nil]]
0x22baS0xaadS0x33b	[0xaad, [0xa73, nil]]
0xab8S0x4aa	[0xaad, nil]
0xac6S0x4aa	[0xaad, nil]
0xad4S0x4aa	[0xaad, nil]
0xaccS0x4aa	[0xaad, nil]
0x22e1S0x4aa	[0xaad, nil]
0xae2S0x4aa	[0xaad, nil]
0xadeS0x4aa	[0xaad, nil]
0xae1S0x4aa	[0xaad, nil]
0xa45S0xab9S0x4aa	[0xaad, [0xa05, nil]]
0xa44S0xab9S0x4aa	[0xaad, [0xa05, nil]]
0xa41S0xab9S0x4aa	[0xaad, [0xa05, nil]]
0x2272S0xab9S0x4aa	[0xaad, [0xa05, nil]]
0x2269S0xab9S0x4aa	[0xaad, [0xa05, nil]]
0x226eS0xab9S0x4aa	[0xaad, [0xa05, nil]]
0xaacS0xaadS0x4aa	[0xaad, [0xa73, nil]]
0xa82S0xaadS0x4aa	[0xaad, [0xa73, nil]]
0x22beS0xaadS0x4aa	[0xaad, [0xa73, nil]]
0x22b5S0xaadS0x4aa	[0xaad, [0xa73, nil]]
0x22baS0xaadS0x4aa	[0xaad, [0xa73, nil]]
0xab8S0x60e	[0xaad, nil]
0xac6S0x60e	[0xaad, nil]
0xad4S0x60e	[0xaad, nil]
0xaccS0x60e	[0xaad, nil]
0x22e1S0x60e	[0xaad, nil]
0xae2S0x60e	[0xaad, nil]
0xadeS0x60e	[0xaad, nil]
0xae1S0x60e	[0xaad, nil]
0xa45S0xab9S0x60e	[0xaad, [0xa05, nil]]
0xa44S0xab9S0x60e	[0xaad, [0xa05, nil]]
0xa41S0xab9S0x60e	[0xaad, [0xa05, nil]]
0x2272S0xab9S0x60e	[0xaad, [0xa05, nil]]
0x2269S0xab9S0x60e	[0xaad, [0xa05, nil]]
0x226eS0xab9S0x60e	[0xaad, [0xa05, nil]]
0xaacS0xaadS0x60e	[0xaad, [0xa73, nil]]
0xa82S0xaadS0x60e	[0xaad, [0xa73, nil]]
0x22beS0xaadS0x60e	[0xaad, [0xa73, nil]]
0x22b5S0xaadS0x60e	[0xaad, [0xa73, nil]]
0x22baS0xaadS0x60e	[0xaad, [0xa73, nil]]
0xaefS0xdb	[0xae3, nil]
0x2304S0xdb	[0xae3, nil]
0xb00S0xdb	[0xae3, nil]
0xafdS0xdb	[0xae3, nil]
0xab8S0xaf0S0xdb	[0xae3, [0xaad, nil]]
0xac6S0xaf0S0xdb	[0xae3, [0xaad, nil]]
0xad4S0xaf0S0xdb	[0xae3, [0xaad, nil]]
0xaccS0xaf0S0xdb	[0xae3, [0xaad, nil]]
0x22e1S0xaf0S0xdb	[0xae3, [0xaad, nil]]
0xae2S0xaf0S0xdb	[0xae3, [0xaad, nil]]
0xadeS0xaf0S0xdb	[0xae3, [0xaad, nil]]
0xae1S0xaf0S0xdb	[0xae3, [0xaad, nil]]
0xa45S0xab9S0xaf0S0xdb	[0xae3, [0xaad, [0xa05, nil]]]
0xa44S0xab9S0xaf0S0xdb	[0xae3, [0xaad, [0xa05, nil]]]
0xa41S0xab9S0xaf0S0xdb	[0xae3, [0xaad, [0xa05, nil]]]
0x2272S0xab9S0xaf0S0xdb	[0xae3, [0xaad, [0xa05, nil]]]
0x2269S0xab9S0xaf0S0xdb	[0xae3, [0xaad, [0xa05, nil]]]
0x226eS0xab9S0xaf0S0xdb	[0xae3, [0xaad, [0xa05, nil]]]
0xaacS0xaadS0xaf0S0xdb	[0xae3, [0xaad, [0xa73, nil]]]
0xa82S0xaadS0xaf0S0xdb	[0xae3, [0xaad, [0xa73, nil]]]
0x22beS0xaadS0xaf0S0xdb	[0xae3, [0xaad, [0xa73, nil]]]
0x22b5S0xaadS0xaf0S0xdb	[0xae3, [0xaad, [0xa73, nil]]]
0x22baS0xaadS0xaf0S0xdb	[0xae3, [0xaad, [0xa73, nil]]]
0xaefS0x280	[0xae3, nil]
0x2304S0x280	[0xae3, nil]
0xb00S0x280	[0xae3, nil]
0xafdS0x280	[0xae3, nil]
0xab8S0xaf0S0x280	[0xae3, [0xaad, nil]]
0xac6S0xaf0S0x280	[0xae3, [0xaad, nil]]
0xad4S0xaf0S0x280	[0xae3, [0xaad, nil]]
0xaccS0xaf0S0x280	[0xae3, [0xaad, nil]]
0x22e1S0xaf0S0x280	[0xae3, [0xaad, nil]]
0xae2S0xaf0S0x280	[0xae3, [0xaad, nil]]
0xadeS0xaf0S0x280	[0xae3, [0xaad, nil]]
0xae1S0xaf0S0x280	[0xae3, [0xaad, nil]]
0xa45S0xab9S0xaf0S0x280	[0xae3, [0xaad, [0xa05, nil]]]
0xa44S0xab9S0xaf0S0x280	[0xae3, [0xaad, [0xa05, nil]]]
0xa41S0xab9S0xaf0S0x280	[0xae3, [0xaad, [0xa05, nil]]]
0x2272S0xab9S0xaf0S0x280	[0xae3, [0xaad, [0xa05, nil]]]
0x2269S0xab9S0xaf0S0x280	[0xae3, [0xaad, [0xa05, nil]]]
0x226eS0xab9S0xaf0S0x280	[0xae3, [0xaad, [0xa05, nil]]]
0xaacS0xaadS0xaf0S0x280	[0xae3, [0xaad, [0xa73, nil]]]
0xa82S0xaadS0xaf0S0x280	[0xae3, [0xaad, [0xa73, nil]]]
0x22beS0xaadS0xaf0S0x280	[0xae3, [0xaad, [0xa73, nil]]]
0x22b5S0xaadS0xaf0S0x280	[0xae3, [0xaad, [0xa73, nil]]]
0x22baS0xaadS0xaf0S0x280	[0xae3, [0xaad, [0xa73, nil]]]
0xaefS0x737	[0xae3, nil]
0x2304S0x737	[0xae3, nil]
0xb00S0x737	[0xae3, nil]
0xafdS0x737	[0xae3, nil]
0xab8S0xaf0S0x737	[0xae3, [0xaad, nil]]
0xac6S0xaf0S0x737	[0xae3, [0xaad, nil]]
0xad4S0xaf0S0x737	[0xae3, [0xaad, nil]]
0xaccS0xaf0S0x737	[0xae3, [0xaad, nil]]
0x22e1S0xaf0S0x737	[0xae3, [0xaad, nil]]
0xae2S0xaf0S0x737	[0xae3, [0xaad, nil]]
0xadeS0xaf0S0x737	[0xae3, [0xaad, nil]]
0xae1S0xaf0S0x737	[0xae3, [0xaad, nil]]
0xa45S0xab9S0xaf0S0x737	[0xae3, [0xaad, [0xa05, nil]]]
0xa44S0xab9S0xaf0S0x737	[0xae3, [0xaad, [0xa05, nil]]]
0xa41S0xab9S0xaf0S0x737	[0xae3, [0xaad, [0xa05, nil]]]
0x2272S0xab9S0xaf0S0x737	[0xae3, [0xaad, [0xa05, nil]]]
0x2269S0xab9S0xaf0S0x737	[0xae3, [0xaad, [0xa05, nil]]]
0x226eS0xab9S0xaf0S0x737	[0xae3, [0xaad, [0xa05, nil]]]
0xaacS0xaadS0xaf0S0x737	[0xae3, [0xaad, [0xa73, nil]]]
0xa82S0xaadS0xaf0S0x737	[0xae3, [0xaad, [0xa73, nil]]]
0x22beS0xaadS0xaf0S0x737	[0xae3, [0xaad, [0xa73, nil]]]
0x22b5S0xaadS0xaf0S0x737	[0xae3, [0xaad, [0xa73, nil]]]
0x22baS0xaadS0xaf0S0x737	[0xae3, [0xaad, [0xa73, nil]]]
0xaefS0x838	[0xae3, nil]
0x2304S0x838	[0xae3, nil]
0xb00S0x838	[0xae3, nil]
0xafdS0x838	[0xae3, nil]
0xab8S0xaf0S0x838	[0xae3, [0xaad, nil]]
0xac6S0xaf0S0x838	[0xae3, [0xaad, nil]]
0xad4S0xaf0S0x838	[0xae3, [0xaad, nil]]
0xaccS0xaf0S0x838	[0xae3, [0xaad, nil]]
0x22e1S0xaf0S0x838	[0xae3, [0xaad, nil]]
0xae2S0xaf0S0x838	[0xae3, [0xaad, nil]]
0xadeS0xaf0S0x838	[0xae3, [0xaad, nil]]
0xae1S0xaf0S0x838	[0xae3, [0xaad, nil]]
0xa45S0xab9S0xaf0S0x838	[0xae3, [0xaad, [0xa05, nil]]]
0xa44S0xab9S0xaf0S0x838	[0xae3, [0xaad, [0xa05, nil]]]
0xa41S0xab9S0xaf0S0x838	[0xae3, [0xaad, [0xa05, nil]]]
0x2272S0xab9S0xaf0S0x838	[0xae3, [0xaad, [0xa05, nil]]]
0x2269S0xab9S0xaf0S0x838	[0xae3, [0xaad, [0xa05, nil]]]
0x226eS0xab9S0xaf0S0x838	[0xae3, [0xaad, [0xa05, nil]]]
0xaacS0xaadS0xaf0S0x838	[0xae3, [0xaad, [0xa73, nil]]]
0xa82S0xaadS0xaf0S0x838	[0xae3, [0xaad, [0xa73, nil]]]
0x22beS0xaadS0xaf0S0x838	[0xae3, [0xaad, [0xa73, nil]]]
0x22b5S0xaadS0xaf0S0x838	[0xae3, [0xaad, [0xa73, nil]]]
0x22baS0xaadS0xaf0S0x838	[0xae3, [0xaad, [0xa73, nil]]]
