0x0	0xd
0x0	0xb9e
0xd	0x1d
0xd	0xba1
0x1d	0x28
0x1d	0xba4
0x28	0x33
0x28	0xba7
0x33	0x3e
0x33	0xbaa
0x3e	0x49
0x3e	0xbad
0x49	0x4e0x0
0x4d	0x4e0x4d
0x50	0x58
0x50	0x5b
0x5b	0x71
0x71	0xfe
0x78	0x8d
0x8d	0x92
0x94	0x9c
0x94	0x9f
0x9f	0x20c
0xa8	0xb5
0xbe	0xc6
0xbe	0xc9
0xc9	0xd2
0xd4	0xdc
0xd4	0xdf
0xdf	0x2bf
0xe8	0xf5
0xfe	0x76
0x181	0x1db
0x1db	0x1ef
0x1db	0x1f2
0x1f2	0x1fd
0x1f2	0x204
0x20c	0xa8
0x230	0x274
0x274	0x290
0x290	0x2a4
0x290	0x2a7
0x2a7	0x2b2
0x2a7	0x2b9
0x2bf	0xe8
0x2e4	0x349
0x2e4	0x350
0x350	0x374
0x374	0x37e
0x387	0x3b0
0x3a6	0x387
0x3b7	0x3c0
0x3c0	0x3c7
0x3c0	0x3ca
0x3cd	0x3db
0x3e1	0x3ef
0x3e1	0x3f7
0x3ef	0xb48
0x3f7	0x404
0x404	0x415
0x428	0x431
0x431	0x438
0x431	0x43b
0x43e	0x44c
0x452	0x45f
0x452	0x467
0x45f	0xb6b
0x467	0x474
0x47d	0x486
0x486	0x49f
0x48c	0x47d
0x4a5	0x4ae
0x4ae	0x4c7
0x4b4	0x4a5
0x4cd	0x4db
0x4e1	0x4ee
0x4e1	0x4f6
0x4ee	0xb8e
0x4f6	0x503
0x539	0x543
0x543	0x54e
0x54e	0x55e
0x54e	0x566
0x55e	0x50c
