0x0	0x2
0xf	0x10
0x4	0x5
0x8	0x9
0x60	0x63
0x3f	0x42
0x1f	0x24
0x2	0x4
0xe0	0xe3
0x5	0x7
0x7	0x8
0x9	0xc
0xd	0xf
0x10	0x12
0x12	0x14
0x14	0x19
0x19	0x1a
0x1a	0x1d
0x24	0x39e1
0x2a	0x2f
0x2f	0x39e3
0x35	0x3a
0x3a	0x39e5
0x45	0x4a
0x4a	0x39e7
0x50	0x55
0x55	0x39e9
0x5a	0x5d
0x5f	0x60
0x64	0x67
0x67	0x6a
0x6e	0x71
0x71	0x74
0x76	0x79
0x79	0x7c
0x7c	0x7d
0x7d	0x7f
0x7f	0x82
0x84	0x87
0x9f	0xa2
0xa2	0xa5
0xa5	0xa6
0xa6	0xa8
0xa8	0xab
0xad	0xb0
0xb2	0xb4
0xb4	0xb5
0xb5	0xbb
0xbb	0xbe
0xc0	0xc3
0xc3	0xc6
0xc6	0xc7
0xc7	0xc9
0xc9	0xcc
0xce	0xd1
0xd3	0xd5
0xd5	0xd6
0xd6	0xd9
0xda	0xdd
0xe3	0xe6
0xe6	0xe7
0xe7	0xe9
0xe9	0xec
0xee	0xf1
0xf3	0xf5
0xf5	0xf6
0xf6	0xf9
0xfa	0xfd
0x100	0x103
0x103	0x106
0x108	0x10a
0x10a	0x10b
0x10b	0x11f
0x11f	0x121
0x121	0x122
0x122	0x125
0x125	0x127
0x127	0x12f
0x12f	0x135
0x135	0x137
0x137	0x138
0x138	0x13b
0x3800	0x3802
0x3802	0x3803
0x3803	0x3808
0x3808	0x380b
0x3854	0x3856
0x3856	0x3859
0x3859	0x385b
0x387c	0x387e
0x387e	0x387f
0x387f	0x3884
0x3884	0x3887
0x39b1	0x39b3
0x39b3	0x39b6
0x39b6	0x39b8
0x39d9	0x39db
0x39db	0x39de
0x39de	0x39e0
0x39e1	0x39e2
0x39e3	0x39e4
0x39e5	0x39e6
0x39e7	0x39e8
0x39e9	0x39ea
0x39eb	0x39ec
0x39ef	0x39f0
0x39f2	0x39f3
0x39f5	0x39f6
0x39f8	0x39f9
0x39fb	0x39fc
0x1420x107	0x1440x107
0x1410x107	0x1420x107
0x13d0x107	0x1400x107
0x13c0x107	0x13d0x107
0xa40S0xde	0xa43S0xde
0xa64S0xde	0xa67S0xde
0xa33S0xde	0xa35S0xde
0xa35S0xde	0xa39S0xde
0xa39S0xde	0xa3aS0xde
0xa3aS0xde	0xa3bS0xde
0xa3bS0xde	0xa3cS0xde
0xa3cS0xde	0xa3fS0xde
0xa46S0xde	0xa47S0xde
0xa47S0xde	0xa5dS0xde
0xa5dS0xde	0xa5fS0xde
0xa5fS0xde	0xa60S0xde
0xa60S0xde	0xa63S0xde
0x1420x818S0xfe	0x1440x818S0xfe
0x1410x818S0xfe	0x1420x818S0xfe
0x13d0x818S0xfe	0x1400x818S0xfe
0x13c0x818S0xfe	0x13d0x818S0xfe
0x819S0xfe	0x81cS0xfe
0x1380x818S0xfe	0x13b0x818S0xfe
0x1370x818S0xfe	0x1380x818S0xfe
0x1350x818S0xfe	0x1370x818S0xfe
0x12f0x818S0xfe	0x1350x818S0xfe
0x1270x818S0xfe	0x12f0x818S0xfe
0x1250x818S0xfe	0x1270x818S0xfe
0x1220x818S0xfe	0x1250x818S0xfe
0x1210x818S0xfe	0x1220x818S0xfe
0x11f0x818S0xfe	0x1210x818S0xfe
0x10b0x818S0xfe	0x11f0x818S0xfe
0x10a0x818S0xfe	0x10b0x818S0xfe
0x1080x818S0xfe	0x10a0x818S0xfe
0x98cS0x37ff	0x993S0x37ff
0x993S0x37ff	0x995S0x37ff
0x995S0x37ff	0x997S0x37ff
0x997S0x37ff	0x998S0x37ff
0x998S0x37ff	0x99bS0x37ff
0x940S0x37ff	0x941S0x37ff
0x941S0x37ff	0x942S0x37ff
0x942S0x37ff	0x945S0x37ff
0x917S0x37ff	0x919S0x37ff
0x919S0x37ff	0x91dS0x37ff
0x91dS0x37ff	0x920S0x37ff
0x923S0x37ff	0x926S0x37ff
0x927S0x37ff	0x92dS0x37ff
0x92dS0x37ff	0x932S0x37ff
0x932S0x37ff	0x934S0x37ff
0x934S0x37ff	0x936S0x37ff
0x936S0x37ff	0x937S0x37ff
0x937S0x37ff	0x93aS0x37ff
0x93aS0x37ff	0x93bS0x37ff
0x93bS0x37ff	0x940S0x37ff
0x948S0x37ff	0x949S0x37ff
0x949S0x37ff	0x96aS0x37ff
0x96aS0x37ff	0x96cS0x37ff
0x96eS0x37ff	0x970S0x37ff
0x970S0x37ff	0x971S0x37ff
0x971S0x37ff	0x972S0x37ff
0x972S0x37ff	0x974S0x37ff
0x976S0x37ff	0x977S0x37ff
0x977S0x37ff	0x97aS0x37ff
0x97aS0x37ff	0x97dS0x37ff
0x97eS0x37ff	0x983S0x37ff
0x983S0x37ff	0x985S0x37ff
0x985S0x37ff	0x988S0x37ff
0x8beS0x946S0x37ff	0x8c2S0x946S0x37ff
0x8c2S0x946S0x37ff	0x8c4S0x946S0x37ff
0x8c4S0x946S0x37ff	0x8c5S0x946S0x37ff
0x8c5S0x946S0x37ff	0x8c8S0x946S0x37ff
0x8c8S0x946S0x37ff	0x8caS0x946S0x37ff
0x8caS0x946S0x37ff	0x8cbS0x946S0x37ff
0x8ccS0x946S0x37ff	0x8cdS0x946S0x37ff
0x8cdS0x946S0x37ff	0x8d0S0x946S0x37ff
0x8daS0x946S0x37ff	0x8dcS0x946S0x37ff
0x8dcS0x946S0x37ff	0x8e0S0x946S0x37ff
0x8e0S0x946S0x37ff	0x8e1S0x946S0x37ff
0x8e1S0x946S0x37ff	0x8e2S0x946S0x37ff
0x8d4S0x946S0x37ff	0x8d5S0x946S0x37ff
0x8d5S0x946S0x37ff	0x8d6S0x946S0x37ff
0x8d6S0x946S0x37ff	0x8d9S0x946S0x37ff
0x8b8S0x946S0x37ff	0x8b9S0x946S0x37ff
0x8b9S0x946S0x37ff	0x8baS0x946S0x37ff
0x8baS0x946S0x37ff	0x8bdS0x946S0x37ff
0x8e5S0x946S0x37ff	0x8e7S0x946S0x37ff
0x8e7S0x946S0x37ff	0x8e8S0x946S0x37ff
0x8e8S0x946S0x37ff	0x909S0x946S0x37ff
0x909S0x946S0x37ff	0x90dS0x946S0x37ff
0x90dS0x946S0x37ff	0x90eS0x946S0x37ff
0x90eS0x946S0x37ff	0x910S0x946S0x37ff
0x910S0x946S0x37ff	0x915S0x946S0x37ff
0x8acS0x946S0x37ff	0x8afS0x946S0x37ff
0x8afS0x946S0x37ff	0x8b2S0x946S0x37ff
0x8b3S0x946S0x37ff	0x8b8S0x946S0x37ff
0x16dS0x83	0x170S0x83
0x170S0x83	0x173S0x83
0x1caS0x83	0x1cfS0x83
0x1cfS0x83	0x1d1S0x83
0x1d1S0x83	0x1d2S0x83
0x1d2S0x83	0x1d5S0x83
0x1d6S0x83	0x1d9S0x83
0x1d9S0x83	0x1dcS0x83
0x1f2S0x83	0x1f5S0x83
0x1f5S0x83	0x1f8S0x83
0x272S0x83	0x274S0x83
0x274S0x83	0x277S0x83
0x277S0x83	0x279S0x83
0x279S0x83	0x27aS0x83
0x27aS0x83	0x27cS0x83
0x27cS0x83	0x27dS0x83
0x27dS0x83	0x27eS0x83
0x27eS0x83	0x280S0x83
0x280S0x83	0x281S0x83
0x281S0x83	0x283S0x83
0x284S0x83	0x286S0x83
0x287S0x83	0x288S0x83
0x288S0x83	0x28aS0x83
0x28aS0x83	0x28dS0x83
0x28dS0x83	0x28eS0x83
0x28fS0x83	0x292S0x83
0x2b2S0x83	0x2d3S0x83
0x2d3S0x83	0x2d5S0x83
0x2d6S0x83	0x2d8S0x83
0x2d8S0x83	0x2daS0x83
0x2dbS0x83	0x2ddS0x83
0x2ddS0x83	0x2dfS0x83
0x2e0S0x83	0x301S0x83
0x301S0x83	0x303S0x83
0x304S0x83	0x306S0x83
0x306S0x83	0x308S0x83
0x31cS0x83	0x31eS0x83
0x31eS0x83	0x31fS0x83
0x31fS0x83	0x341S0x83
0x342S0x83	0x344S0x83
0x344S0x83	0x347S0x83
0x347S0x83	0x348S0x83
0x349S0x83	0x34bS0x83
0x34bS0x83	0x34eS0x83
0x34eS0x83	0x34fS0x83
0x350S0x83	0x371S0x83
0x371S0x83	0x374S0x83
0x374S0x83	0x375S0x83
0x376S0x83	0x378S0x83
0x378S0x83	0x379S0x83
0x379S0x83	0x37cS0x83
0x149S0x83	0x14bS0x83
0x14bS0x83	0x14eS0x83
0x159S0x83	0x15dS0x83
0x15dS0x83	0x167S0x83
0x167S0x83	0x168S0x83
0x168S0x83	0x169S0x83
0x169S0x83	0x16cS0x83
0x175S0x83	0x177S0x83
0x177S0x83	0x17bS0x83
0x17dS0x83	0x17fS0x83
0x17fS0x83	0x180S0x83
0x180S0x83	0x182S0x83
0x182S0x83	0x184S0x83
0x184S0x83	0x185S0x83
0x185S0x83	0x187S0x83
0x189S0x83	0x18aS0x83
0x18aS0x83	0x18dS0x83
0x18d1S0x83	0x18f2S0x83
0x18f2S0x83	0x18f4S0x83
0x18f5S0x83	0x18f7S0x83
0x18f7S0x83	0x18f9S0x83
0x18faS0x83	0x18fcS0x83
0x18fcS0x83	0x18feS0x83
0x1beS0x83	0x1bfS0x83
0x1bfS0x83	0x1c4S0x83
0x193S0x83	0x196S0x83
0x196S0x83	0x199S0x83
0x199S0x83	0x19cS0x83
0x19dS0x83	0x1a0S0x83
0x1a1S0x83	0x1a3S0x83
0x1a3S0x83	0x1a6S0x83
0x1a6S0x83	0x1a7S0x83
0x1aaS0x83	0x1acS0x83
0x1acS0x83	0x1aeS0x83
0x1aeS0x83	0x1b1S0x83
0x1b1S0x83	0x1b4S0x83
0x1b4S0x83	0x1b7S0x83
0x316S0x83	0x317S0x83
0x317S0x83	0x318S0x83
0x318S0x83	0x31bS0x83
0x1deS0x83	0x1e0S0x83
0x1e0S0x83	0x1e1S0x83
0x1e1S0x83	0x1e3S0x83
0x1e3S0x83	0x1e4S0x83
0x1e4S0x83	0x1e5S0x83
0x1e5S0x83	0x1edS0x83
0x1edS0x83	0x1eeS0x83
0x1eeS0x83	0x1f1S0x83
0x191fS0x83	0x1940S0x83
0x1940S0x83	0x1942S0x83
0x1943S0x83	0x1945S0x83
0x1945S0x83	0x1947S0x83
0x1948S0x83	0x194aS0x83
0x194aS0x83	0x194cS0x83
0x1fcS0x83	0x1feS0x83
0x1feS0x83	0x200S0x83
0x200S0x83	0x202S0x83
0x202S0x83	0x207S0x83
0x207S0x83	0x20aS0x83
0x196dS0x83	0x198eS0x83
0x198eS0x83	0x1990S0x83
0x1991S0x83	0x1993S0x83
0x1993S0x83	0x1995S0x83
0x1996S0x83	0x1998S0x83
0x1998S0x83	0x199aS0x83
0x20cS0x83	0x20fS0x83
0x20fS0x83	0x210S0x83
0x210S0x83	0x213S0x83
0x213S0x83	0x218S0x83
0x218S0x83	0x21bS0x83
0x21bS0x83	0x21eS0x83
0x21eS0x83	0x220S0x83
0x220S0x83	0x223S0x83
0x225S0x83	0x23aS0x83
0x23aS0x83	0x23cS0x83
0x23cS0x83	0x23fS0x83
0x23fS0x83	0x242S0x83
0x242S0x83	0x244S0x83
0x244S0x83	0x247S0x83
0x249S0x83	0x24bS0x83
0x24bS0x83	0x24cS0x83
0x24cS0x83	0x252S0x83
0x252S0x83	0x255S0x83
0x257S0x83	0x259S0x83
0x259S0x83	0x25bS0x83
0x25bS0x83	0x25eS0x83
0x25eS0x83	0x262S0x83
0x262S0x83	0x263S0x83
0x263S0x83	0x268S0x83
0x268S0x83	0x26aS0x83
0x26aS0x83	0x26dS0x83
0x26dS0x83	0x26eS0x83
0x26eS0x83	0x271S0x83
0x294S0x83	0x29aS0x83
0x29aS0x83	0x29eS0x83
0x29eS0x83	0x2a2S0x83
0x2a4S0x83	0x2a5S0x83
0x2a5S0x83	0x2a8S0x83
0x2abS0x83	0x2acS0x83
0x2acS0x83	0x2adS0x83
0x2adS0x83	0x2aeS0x83
0x2aeS0x83	0x2b1S0x83
0x30cS0x83	0x30eS0x83
0x30eS0x83	0x30fS0x83
0x30fS0x83	0x312S0x83
0x1c4S0x83	0x1c5S0x83
0x1c5S0x83	0x1c6S0x83
0x1c6S0x83	0x1c9S0x83
0x19bbS0x83	0x19bdS0x83
0x19bdS0x83	0x19c0S0x83
0x19c0S0x83	0x19c2S0x83
0x18fS0x83	0x191S0x83
0x191S0x83	0x193S0x83
0xafdS0x1f9S0x83	0xb00S0x1f9S0x83
0xaceS0x1f9S0x83	0xad1S0x1f9S0x83
0xad1S0x1f9S0x83	0xad2S0x1f9S0x83
0xad2S0x1f9S0x83	0xaf4S0x1f9S0x83
0xaf4S0x1f9S0x83	0xaf5S0x1f9S0x83
0xaf5S0x1f9S0x83	0xaf6S0x1f9S0x83
0xaf6S0x1f9S0x83	0xaf8S0x1f9S0x83
0xaf8S0x1f9S0x83	0xaf9S0x1f9S0x83
0xaf9S0x1f9S0x83	0xafcS0x1f9S0x83
0xb050xacdS0x1f9S0x83	0xb0a0xacdS0x1f9S0x83
0xa40S0x20bS0x83	0xa43S0x20bS0x83
0xa64S0x20bS0x83	0xa67S0x20bS0x83
0xa33S0x20bS0x83	0xa35S0x20bS0x83
0xa35S0x20bS0x83	0xa39S0x20bS0x83
0xa39S0x20bS0x83	0xa3aS0x20bS0x83
0xa3aS0x20bS0x83	0xa3bS0x20bS0x83
0xa3bS0x20bS0x83	0xa3cS0x20bS0x83
0xa3cS0x20bS0x83	0xa3fS0x20bS0x83
0xa46S0x20bS0x83	0xa47S0x20bS0x83
0xa47S0x20bS0x83	0xa5dS0x20bS0x83
0xa5dS0x20bS0x83	0xa5fS0x20bS0x83
0xa5fS0x20bS0x83	0xa60S0x20bS0x83
0xa60S0x20bS0x83	0xa63S0x20bS0x83
0xb3cS0x224S0x83	0xb3fS0x224S0x83
0xb57S0x224S0x83	0xb5aS0x224S0x83
0xb6cS0x224S0x83	0xb6fS0x224S0x83
0xb0cS0x224S0x83	0xb10S0x224S0x83
0xb10S0x224S0x83	0xb11S0x224S0x83
0xb11S0x224S0x83	0xb33S0x224S0x83
0xb33S0x224S0x83	0xb34S0x224S0x83
0xb34S0x224S0x83	0xb35S0x224S0x83
0xb35S0x224S0x83	0xb37S0x224S0x83
0xb37S0x224S0x83	0xb38S0x224S0x83
0xb38S0x224S0x83	0xb3bS0x224S0x83
0xb42S0x224S0x83	0xb44S0x224S0x83
0xb44S0x224S0x83	0xb47S0x224S0x83
0xb47S0x224S0x83	0xb51S0x224S0x83
0xb51S0x224S0x83	0xb52S0x224S0x83
0xb52S0x224S0x83	0xb53S0x224S0x83
0xb53S0x224S0x83	0xb56S0x224S0x83
0xb5cS0x224S0x83	0xb5eS0x224S0x83
0xb5eS0x224S0x83	0xb61S0x224S0x83
0xb61S0x224S0x83	0xb64S0x224S0x83
0xb64S0x224S0x83	0xb66S0x224S0x83
0xb66S0x224S0x83	0xb67S0x224S0x83
0xb67S0x224S0x83	0xb68S0x224S0x83
0xb68S0x224S0x83	0xb6bS0x224S0x83
0xb75S0x248S0x83	0xb78S0x248S0x83
0xb78S0x248S0x83	0xb7bS0x248S0x83
0x9e1S0xb1	0xa04S0xb1
0xa04S0xb1	0xa05S0xb1
0xa05S0xb1	0xa07S0xb1
0xa08S0xb1	0xa0dS0xb1
0xa0dS0xb1	0xa0eS0xb1
0xa0eS0xb1	0xa11S0xb1
0x9abS0xb1	0x9adS0xb1
0x9adS0xb1	0x9b0S0xb1
0x9b0S0xb1	0x9b3S0xb1
0x9b4S0xb1	0x9b6S0xb1
0x9b6S0xb1	0x9baS0xb1
0x9baS0xb1	0x9bbS0xb1
0x9beS0xb1	0x9c1S0xb1
0x9c2S0xb1	0x9c5S0xb1
0x9c5S0xb1	0x9c8S0xb1
0x9c8S0xb1	0x9cbS0xb1
0x9cbS0xb1	0x9cdS0xb1
0x9cdS0xb1	0x9cfS0xb1
0x9cfS0xb1	0x9d0S0xb1
0x9d0S0xb1	0x9d5S0xb1
0x9d5S0xb1	0x9d6S0xb1
0x9d6S0xb1	0x9dbS0xb1
0xa17S0xb1	0xa1bS0xb1
0xa1bS0xb1	0xa1dS0xb1
0xa1dS0xb1	0xa1fS0xb1
0xa1fS0xb1	0xa20S0xb1
0xa20S0xb1	0xa23S0xb1
0x9dbS0xb1	0x9dcS0xb1
0x9dcS0xb1	0x9ddS0xb1
0x9ddS0xb1	0x9e0S0xb1
0x8beS0x9e1S0xb1	0x8c2S0x9e1S0xb1
0x8c2S0x9e1S0xb1	0x8c4S0x9e1S0xb1
0x8c4S0x9e1S0xb1	0x8c5S0x9e1S0xb1
0x8c5S0x9e1S0xb1	0x8c8S0x9e1S0xb1
0x8c8S0x9e1S0xb1	0x8caS0x9e1S0xb1
0x8caS0x9e1S0xb1	0x8cbS0x9e1S0xb1
0x8ccS0x9e1S0xb1	0x8cdS0x9e1S0xb1
0x8cdS0x9e1S0xb1	0x8d0S0x9e1S0xb1
0x8daS0x9e1S0xb1	0x8dcS0x9e1S0xb1
0x8dcS0x9e1S0xb1	0x8e0S0x9e1S0xb1
0x8e0S0x9e1S0xb1	0x8e1S0x9e1S0xb1
0x8e1S0x9e1S0xb1	0x8e2S0x9e1S0xb1
0x8d4S0x9e1S0xb1	0x8d5S0x9e1S0xb1
0x8d5S0x9e1S0xb1	0x8d6S0x9e1S0xb1
0x8d6S0x9e1S0xb1	0x8d9S0x9e1S0xb1
0x8b8S0x9e1S0xb1	0x8b9S0x9e1S0xb1
0x8b9S0x9e1S0xb1	0x8baS0x9e1S0xb1
0x8baS0x9e1S0xb1	0x8bdS0x9e1S0xb1
0x8e5S0x9e1S0xb1	0x8e7S0x9e1S0xb1
0x8e7S0x9e1S0xb1	0x8e8S0x9e1S0xb1
0x8e8S0x9e1S0xb1	0x909S0x9e1S0xb1
0x909S0x9e1S0xb1	0x90dS0x9e1S0xb1
0x90dS0x9e1S0xb1	0x90eS0x9e1S0xb1
0x90eS0x9e1S0xb1	0x910S0x9e1S0xb1
0x910S0x9e1S0xb1	0x915S0x9e1S0xb1
0x8acS0x9e1S0xb1	0x8afS0x9e1S0xb1
0x8afS0x9e1S0xb1	0x8b2S0x9e1S0xb1
0x8b3S0x9e1S0xb1	0x8b8S0x9e1S0xb1
0x39cS0xac	0x39fS0xac
0x39fS0xac	0x3a2S0xac
0x3e6S0xac	0x3edS0xac
0x3edS0xac	0x3eeS0xac
0x3eeS0xac	0x3f1S0xac
0x3f2S0xac	0x3f5S0xac
0x3f5S0xac	0x3f8S0xac
0x467S0xac	0x469S0xac
0x469S0xac	0x46cS0xac
0x46cS0xac	0x46eS0xac
0x46eS0xac	0x46fS0xac
0x46fS0xac	0x471S0xac
0x471S0xac	0x472S0xac
0x472S0xac	0x473S0xac
0x473S0xac	0x475S0xac
0x475S0xac	0x476S0xac
0x476S0xac	0x478S0xac
0x479S0xac	0x47bS0xac
0x47cS0xac	0x47dS0xac
0x47dS0xac	0x47fS0xac
0x47fS0xac	0x482S0xac
0x482S0xac	0x483S0xac
0x484S0xac	0x487S0xac
0x499S0xac	0x49cS0xac
0x49cS0xac	0x49fS0xac
0x4b3S0xac	0x4b5S0xac
0x4b5S0xac	0x4b6S0xac
0x4b6S0xac	0x4d8S0xac
0x4d9S0xac	0x4dbS0xac
0x4dbS0xac	0x4deS0xac
0x4deS0xac	0x4dfS0xac
0x4e0S0xac	0x4e2S0xac
0x4e2S0xac	0x4e5S0xac
0x4e5S0xac	0x4e6S0xac
0x4e7S0xac	0x508S0xac
0x508S0xac	0x50bS0xac
0x50bS0xac	0x50cS0xac
0x50dS0xac	0x50fS0xac
0x50fS0xac	0x510S0xac
0x510S0xac	0x513S0xac
0x387S0xac	0x388S0xac
0x388S0xac	0x38cS0xac
0x38cS0xac	0x396S0xac
0x396S0xac	0x397S0xac
0x397S0xac	0x398S0xac
0x398S0xac	0x39bS0xac
0x3a4S0xac	0x3a6S0xac
0x3a6S0xac	0x3aaS0xac
0x3acS0xac	0x3aeS0xac
0x3aeS0xac	0x3afS0xac
0x3afS0xac	0x3b1S0xac
0x3b1S0xac	0x3b3S0xac
0x3b3S0xac	0x3b4S0xac
0x3b4S0xac	0x3b6S0xac
0x3b8S0xac	0x3b9S0xac
0x3b9S0xac	0x3bcS0xac
0x19e3S0xac	0x1a04S0xac
0x1a04S0xac	0x1a06S0xac
0x1a07S0xac	0x1a09S0xac
0x1a09S0xac	0x1a0bS0xac
0x1a0cS0xac	0x1a0eS0xac
0x1a0eS0xac	0x1a10S0xac
0x3daS0xac	0x3dbS0xac
0x3dbS0xac	0x3e0S0xac
0x3c2S0xac	0x3c5S0xac
0x3c6S0xac	0x3c8S0xac
0x3c8S0xac	0x3caS0xac
0x3caS0xac	0x3cdS0xac
0x3cdS0xac	0x3d0S0xac
0x3d0S0xac	0x3d3S0xac
0x3fcS0xac	0x3feS0xac
0x3feS0xac	0x400S0xac
0x400S0xac	0x402S0xac
0x402S0xac	0x407S0xac
0x407S0xac	0x40aS0xac
0x1a31S0xac	0x1a52S0xac
0x1a52S0xac	0x1a54S0xac
0x1a55S0xac	0x1a57S0xac
0x1a57S0xac	0x1a59S0xac
0x1a5aS0xac	0x1a5cS0xac
0x1a5cS0xac	0x1a5eS0xac
0x40eS0xac	0x411S0xac
0x411S0xac	0x414S0xac
0x414S0xac	0x416S0xac
0x416S0xac	0x419S0xac
0x41bS0xac	0x430S0xac
0x430S0xac	0x431S0xac
0x431S0xac	0x434S0xac
0x434S0xac	0x437S0xac
0x437S0xac	0x439S0xac
0x439S0xac	0x43cS0xac
0x43eS0xac	0x440S0xac
0x440S0xac	0x441S0xac
0x441S0xac	0x447S0xac
0x447S0xac	0x44aS0xac
0x44cS0xac	0x44eS0xac
0x44eS0xac	0x450S0xac
0x450S0xac	0x453S0xac
0x453S0xac	0x455S0xac
0x455S0xac	0x458S0xac
0x458S0xac	0x459S0xac
0x459S0xac	0x45dS0xac
0x45dS0xac	0x45fS0xac
0x45fS0xac	0x462S0xac
0x462S0xac	0x463S0xac
0x463S0xac	0x466S0xac
0x489S0xac	0x492S0xac
0x492S0xac	0x494S0xac
0x494S0xac	0x495S0xac
0x495S0xac	0x498S0xac
0x4a1S0xac	0x4a5S0xac
0x4a5S0xac	0x4a9S0xac
0x4a9S0xac	0x4aaS0xac
0x4aaS0xac	0x4abS0xac
0x4afS0xac	0x4b2S0xac
0x1a7fS0xac	0x1aa0S0xac
0x1aa0S0xac	0x1aa2S0xac
0x1aa3S0xac	0x1aa5S0xac
0x1aa5S0xac	0x1aa7S0xac
0x1aa8S0xac	0x1aaaS0xac
0x1aaaS0xac	0x1aacS0xac
0x516S0xac	0x518S0xac
0x518S0xac	0x519S0xac
0x519S0xac	0x51cS0xac
0x1acdS0xac	0x1acfS0xac
0x1acfS0xac	0x1ad2S0xac
0x1ad2S0xac	0x1ad4S0xac
0x3e0S0xac	0x3e1S0xac
0x3e1S0xac	0x3e2S0xac
0x3e2S0xac	0x3e5S0xac
0x3beS0xac	0x3c0S0xac
0x3c0S0xac	0x3c2S0xac
0xbb0S0x3f9S0xac	0xbb3S0x3f9S0xac
0xb81S0x3f9S0xac	0xb84S0x3f9S0xac
0xb84S0x3f9S0xac	0xb85S0x3f9S0xac
0xb85S0x3f9S0xac	0xba7S0x3f9S0xac
0xba7S0x3f9S0xac	0xba8S0x3f9S0xac
0xba8S0x3f9S0xac	0xba9S0x3f9S0xac
0xba9S0x3f9S0xac	0xbabS0x3f9S0xac
0xbabS0x3f9S0xac	0xbacS0x3f9S0xac
0xbacS0x3f9S0xac	0xbafS0x3f9S0xac
0xb050xb80S0x3f9S0xac	0xb0a0xb80S0x3f9S0xac
0xa40S0x40bS0xac	0xa43S0x40bS0xac
0xa64S0x40bS0xac	0xa67S0x40bS0xac
0xa33S0x40bS0xac	0xa35S0x40bS0xac
0xa35S0x40bS0xac	0xa39S0x40bS0xac
0xa39S0x40bS0xac	0xa3aS0x40bS0xac
0xa3aS0x40bS0xac	0xa3bS0x40bS0xac
0xa3bS0x40bS0xac	0xa3cS0x40bS0xac
0xa3cS0x40bS0xac	0xa3fS0x40bS0xac
0xa46S0x40bS0xac	0xa47S0x40bS0xac
0xa47S0x40bS0xac	0xa5dS0x40bS0xac
0xa5dS0x40bS0xac	0xa5fS0x40bS0xac
0xa5fS0x40bS0xac	0xa60S0x40bS0xac
0xa60S0x40bS0xac	0xa63S0x40bS0xac
0xb3cS0x41aS0xac	0xb3fS0x41aS0xac
0xb57S0x41aS0xac	0xb5aS0x41aS0xac
0xb6cS0x41aS0xac	0xb6fS0x41aS0xac
0xb0cS0x41aS0xac	0xb10S0x41aS0xac
0xb10S0x41aS0xac	0xb11S0x41aS0xac
0xb11S0x41aS0xac	0xb33S0x41aS0xac
0xb33S0x41aS0xac	0xb34S0x41aS0xac
0xb34S0x41aS0xac	0xb35S0x41aS0xac
0xb35S0x41aS0xac	0xb37S0x41aS0xac
0xb37S0x41aS0xac	0xb38S0x41aS0xac
0xb38S0x41aS0xac	0xb3bS0x41aS0xac
0xb42S0x41aS0xac	0xb44S0x41aS0xac
0xb44S0x41aS0xac	0xb47S0x41aS0xac
0xb47S0x41aS0xac	0xb51S0x41aS0xac
0xb51S0x41aS0xac	0xb52S0x41aS0xac
0xb52S0x41aS0xac	0xb53S0x41aS0xac
0xb53S0x41aS0xac	0xb56S0x41aS0xac
0xb5cS0x41aS0xac	0xb5eS0x41aS0xac
0xb5eS0x41aS0xac	0xb61S0x41aS0xac
0xb61S0x41aS0xac	0xb64S0x41aS0xac
0xb64S0x41aS0xac	0xb66S0x41aS0xac
0xb66S0x41aS0xac	0xb67S0x41aS0xac
0xb67S0x41aS0xac	0xb68S0x41aS0xac
0xb68S0x41aS0xac	0xb6bS0x41aS0xac
0xb75S0x43dS0xac	0xb78S0x43dS0xac
0xb78S0x43dS0xac	0xb7bS0x43dS0xac
0x98cS0x387b	0x993S0x387b
0x993S0x387b	0x995S0x387b
0x995S0x387b	0x997S0x387b
0x997S0x387b	0x998S0x387b
0x998S0x387b	0x99bS0x387b
0x940S0x387b	0x941S0x387b
0x941S0x387b	0x942S0x387b
0x942S0x387b	0x945S0x387b
0x917S0x387b	0x919S0x387b
0x919S0x387b	0x91dS0x387b
0x91dS0x387b	0x920S0x387b
0x923S0x387b	0x926S0x387b
0x927S0x387b	0x92dS0x387b
0x92dS0x387b	0x932S0x387b
0x932S0x387b	0x934S0x387b
0x934S0x387b	0x936S0x387b
0x936S0x387b	0x937S0x387b
0x937S0x387b	0x93aS0x387b
0x93aS0x387b	0x93bS0x387b
0x93bS0x387b	0x940S0x387b
0x948S0x387b	0x949S0x387b
0x949S0x387b	0x96aS0x387b
0x96aS0x387b	0x96cS0x387b
0x96eS0x387b	0x970S0x387b
0x970S0x387b	0x971S0x387b
0x971S0x387b	0x972S0x387b
0x972S0x387b	0x974S0x387b
0x976S0x387b	0x977S0x387b
0x977S0x387b	0x97aS0x387b
0x97aS0x387b	0x97dS0x387b
0x97eS0x387b	0x983S0x387b
0x983S0x387b	0x985S0x387b
0x985S0x387b	0x988S0x387b
0x8beS0x946S0x387b	0x8c2S0x946S0x387b
0x8c2S0x946S0x387b	0x8c4S0x946S0x387b
0x8c4S0x946S0x387b	0x8c5S0x946S0x387b
0x8c5S0x946S0x387b	0x8c8S0x946S0x387b
0x8c8S0x946S0x387b	0x8caS0x946S0x387b
0x8caS0x946S0x387b	0x8cbS0x946S0x387b
0x8ccS0x946S0x387b	0x8cdS0x946S0x387b
0x8cdS0x946S0x387b	0x8d0S0x946S0x387b
0x8daS0x946S0x387b	0x8dcS0x946S0x387b
0x8dcS0x946S0x387b	0x8e0S0x946S0x387b
0x8e0S0x946S0x387b	0x8e1S0x946S0x387b
0x8e1S0x946S0x387b	0x8e2S0x946S0x387b
0x8d4S0x946S0x387b	0x8d5S0x946S0x387b
0x8d5S0x946S0x387b	0x8d6S0x946S0x387b
0x8d6S0x946S0x387b	0x8d9S0x946S0x387b
0x8b8S0x946S0x387b	0x8b9S0x946S0x387b
0x8b9S0x946S0x387b	0x8baS0x946S0x387b
0x8baS0x946S0x387b	0x8bdS0x946S0x387b
0x8e5S0x946S0x387b	0x8e7S0x946S0x387b
0x8e7S0x946S0x387b	0x8e8S0x946S0x387b
0x8e8S0x946S0x387b	0x909S0x946S0x387b
0x909S0x946S0x387b	0x90dS0x946S0x387b
0x90dS0x946S0x387b	0x90eS0x946S0x387b
0x90eS0x946S0x387b	0x910S0x946S0x387b
0x910S0x946S0x387b	0x915S0x946S0x387b
0x8acS0x946S0x387b	0x8afS0x946S0x387b
0x8afS0x946S0x387b	0x8b2S0x946S0x387b
0x8b3S0x946S0x387b	0x8b8S0x946S0x387b
0x53cS0xcd	0x53fS0xcd
0x53fS0xcd	0x542S0xcd
0x599S0xcd	0x59eS0xcd
0x59eS0xcd	0x5a0S0xcd
0x5a0S0xcd	0x5a1S0xcd
0x5a1S0xcd	0x5a4S0xcd
0x5a5S0xcd	0x5a8S0xcd
0x5a8S0xcd	0x5abS0xcd
0x5c1S0xcd	0x5c4S0xcd
0x5c4S0xcd	0x5c7S0xcd
0x636S0xcd	0x638S0xcd
0x638S0xcd	0x63bS0xcd
0x63bS0xcd	0x63dS0xcd
0x63dS0xcd	0x63eS0xcd
0x63eS0xcd	0x640S0xcd
0x640S0xcd	0x641S0xcd
0x641S0xcd	0x642S0xcd
0x642S0xcd	0x644S0xcd
0x644S0xcd	0x645S0xcd
0x645S0xcd	0x647S0xcd
0x648S0xcd	0x64aS0xcd
0x64bS0xcd	0x64cS0xcd
0x64cS0xcd	0x64eS0xcd
0x64eS0xcd	0x651S0xcd
0x651S0xcd	0x652S0xcd
0x653S0xcd	0x656S0xcd
0x676S0xcd	0x697S0xcd
0x697S0xcd	0x699S0xcd
0x69aS0xcd	0x69cS0xcd
0x69cS0xcd	0x69eS0xcd
0x69fS0xcd	0x6a1S0xcd
0x6a1S0xcd	0x6a3S0xcd
0x6a4S0xcd	0x6c5S0xcd
0x6c5S0xcd	0x6c7S0xcd
0x6c8S0xcd	0x6caS0xcd
0x6caS0xcd	0x6ccS0xcd
0x528S0xcd	0x52cS0xcd
0x52cS0xcd	0x536S0xcd
0x536S0xcd	0x537S0xcd
0x537S0xcd	0x538S0xcd
0x538S0xcd	0x53bS0xcd
0x544S0xcd	0x546S0xcd
0x546S0xcd	0x54aS0xcd
0x54cS0xcd	0x54eS0xcd
0x54eS0xcd	0x54fS0xcd
0x54fS0xcd	0x551S0xcd
0x551S0xcd	0x553S0xcd
0x553S0xcd	0x554S0xcd
0x554S0xcd	0x556S0xcd
0x558S0xcd	0x559S0xcd
0x559S0xcd	0x55cS0xcd
0x1af5S0xcd	0x1b16S0xcd
0x1b16S0xcd	0x1b18S0xcd
0x1b19S0xcd	0x1b1bS0xcd
0x1b1bS0xcd	0x1b1dS0xcd
0x1b1eS0xcd	0x1b20S0xcd
0x1b20S0xcd	0x1b22S0xcd
0x58dS0xcd	0x58eS0xcd
0x58eS0xcd	0x593S0xcd
0x562S0xcd	0x565S0xcd
0x565S0xcd	0x568S0xcd
0x568S0xcd	0x56bS0xcd
0x56cS0xcd	0x56fS0xcd
0x570S0xcd	0x572S0xcd
0x572S0xcd	0x575S0xcd
0x575S0xcd	0x576S0xcd
0x579S0xcd	0x57bS0xcd
0x57bS0xcd	0x57dS0xcd
0x57dS0xcd	0x580S0xcd
0x580S0xcd	0x583S0xcd
0x583S0xcd	0x586S0xcd
0x5adS0xcd	0x5afS0xcd
0x5afS0xcd	0x5b0S0xcd
0x5b0S0xcd	0x5b2S0xcd
0x5b2S0xcd	0x5b3S0xcd
0x5b3S0xcd	0x5b4S0xcd
0x5b4S0xcd	0x5bcS0xcd
0x5bcS0xcd	0x5bdS0xcd
0x5bdS0xcd	0x5c0S0xcd
0x1b43S0xcd	0x1b64S0xcd
0x1b64S0xcd	0x1b66S0xcd
0x1b67S0xcd	0x1b69S0xcd
0x1b69S0xcd	0x1b6bS0xcd
0x1b6cS0xcd	0x1b6eS0xcd
0x1b6eS0xcd	0x1b70S0xcd
0x5cbS0xcd	0x5cdS0xcd
0x5cdS0xcd	0x5cfS0xcd
0x5cfS0xcd	0x5d1S0xcd
0x5d1S0xcd	0x5d6S0xcd
0x5d6S0xcd	0x5d9S0xcd
0x1b91S0xcd	0x1bb2S0xcd
0x1bb2S0xcd	0x1bb4S0xcd
0x1bb5S0xcd	0x1bb7S0xcd
0x1bb7S0xcd	0x1bb9S0xcd
0x1bbaS0xcd	0x1bbcS0xcd
0x1bbcS0xcd	0x1bbeS0xcd
0x5ddS0xcd	0x5e0S0xcd
0x5e0S0xcd	0x5e3S0xcd
0x5e3S0xcd	0x5e5S0xcd
0x5e5S0xcd	0x5e8S0xcd
0x5eaS0xcd	0x5ffS0xcd
0x5ffS0xcd	0x600S0xcd
0x600S0xcd	0x603S0xcd
0x603S0xcd	0x606S0xcd
0x606S0xcd	0x608S0xcd
0x608S0xcd	0x60bS0xcd
0x60dS0xcd	0x60fS0xcd
0x60fS0xcd	0x610S0xcd
0x610S0xcd	0x616S0xcd
0x616S0xcd	0x619S0xcd
0x61bS0xcd	0x61dS0xcd
0x61dS0xcd	0x61fS0xcd
0x61fS0xcd	0x622S0xcd
0x622S0xcd	0x624S0xcd
0x624S0xcd	0x627S0xcd
0x627S0xcd	0x628S0xcd
0x628S0xcd	0x62cS0xcd
0x62cS0xcd	0x62eS0xcd
0x62eS0xcd	0x631S0xcd
0x631S0xcd	0x632S0xcd
0x632S0xcd	0x635S0xcd
0x658S0xcd	0x65eS0xcd
0x65eS0xcd	0x662S0xcd
0x662S0xcd	0x666S0xcd
0x668S0xcd	0x669S0xcd
0x669S0xcd	0x66cS0xcd
0x66fS0xcd	0x670S0xcd
0x670S0xcd	0x671S0xcd
0x671S0xcd	0x672S0xcd
0x672S0xcd	0x675S0xcd
0x6cfS0xcd	0x6d1S0xcd
0x6d1S0xcd	0x6d2S0xcd
0x6d2S0xcd	0x6d5S0xcd
0x593S0xcd	0x594S0xcd
0x594S0xcd	0x595S0xcd
0x595S0xcd	0x598S0xcd
0x55eS0xcd	0x560S0xcd
0x560S0xcd	0x562S0xcd
0xbe4S0x5c8S0xcd	0xbe7S0x5c8S0xcd
0xbb5S0x5c8S0xcd	0xbb8S0x5c8S0xcd
0xbb8S0x5c8S0xcd	0xbb9S0x5c8S0xcd
0xbb9S0x5c8S0xcd	0xbdbS0x5c8S0xcd
0xbdbS0x5c8S0xcd	0xbdcS0x5c8S0xcd
0xbdcS0x5c8S0xcd	0xbddS0x5c8S0xcd
0xbddS0x5c8S0xcd	0xbdfS0x5c8S0xcd
0xbdfS0x5c8S0xcd	0xbe0S0x5c8S0xcd
0xbe0S0x5c8S0xcd	0xbe3S0x5c8S0xcd
0xb050xbb4S0x5c8S0xcd	0xb0a0xbb4S0x5c8S0xcd
0xa40S0x5daS0xcd	0xa43S0x5daS0xcd
0xa64S0x5daS0xcd	0xa67S0x5daS0xcd
0xa33S0x5daS0xcd	0xa35S0x5daS0xcd
0xa35S0x5daS0xcd	0xa39S0x5daS0xcd
0xa39S0x5daS0xcd	0xa3aS0x5daS0xcd
0xa3aS0x5daS0xcd	0xa3bS0x5daS0xcd
0xa3bS0x5daS0xcd	0xa3cS0x5daS0xcd
0xa3cS0x5daS0xcd	0xa3fS0x5daS0xcd
0xa46S0x5daS0xcd	0xa47S0x5daS0xcd
0xa47S0x5daS0xcd	0xa5dS0x5daS0xcd
0xa5dS0x5daS0xcd	0xa5fS0x5daS0xcd
0xa5fS0x5daS0xcd	0xa60S0x5daS0xcd
0xa60S0x5daS0xcd	0xa63S0x5daS0xcd
0xb3cS0x5e9S0xcd	0xb3fS0x5e9S0xcd
0xb57S0x5e9S0xcd	0xb5aS0x5e9S0xcd
0xb6cS0x5e9S0xcd	0xb6fS0x5e9S0xcd
0xb0cS0x5e9S0xcd	0xb10S0x5e9S0xcd
0xb10S0x5e9S0xcd	0xb11S0x5e9S0xcd
0xb11S0x5e9S0xcd	0xb33S0x5e9S0xcd
0xb33S0x5e9S0xcd	0xb34S0x5e9S0xcd
0xb34S0x5e9S0xcd	0xb35S0x5e9S0xcd
0xb35S0x5e9S0xcd	0xb37S0x5e9S0xcd
0xb37S0x5e9S0xcd	0xb38S0x5e9S0xcd
0xb38S0x5e9S0xcd	0xb3bS0x5e9S0xcd
0xb42S0x5e9S0xcd	0xb44S0x5e9S0xcd
0xb44S0x5e9S0xcd	0xb47S0x5e9S0xcd
0xb47S0x5e9S0xcd	0xb51S0x5e9S0xcd
0xb51S0x5e9S0xcd	0xb52S0x5e9S0xcd
0xb52S0x5e9S0xcd	0xb53S0x5e9S0xcd
0xb53S0x5e9S0xcd	0xb56S0x5e9S0xcd
0xb5cS0x5e9S0xcd	0xb5eS0x5e9S0xcd
0xb5eS0x5e9S0xcd	0xb61S0x5e9S0xcd
0xb61S0x5e9S0xcd	0xb64S0x5e9S0xcd
0xb64S0x5e9S0xcd	0xb66S0x5e9S0xcd
0xb66S0x5e9S0xcd	0xb67S0x5e9S0xcd
0xb67S0x5e9S0xcd	0xb68S0x5e9S0xcd
0xb68S0x5e9S0xcd	0xb6bS0x5e9S0xcd
0xb75S0x60cS0xcd	0xb78S0x60cS0xcd
0xb78S0x60cS0xcd	0xb7bS0x60cS0xcd
0x73aS0xed	0x73bS0xed
0x73bS0xed	0x73eS0xed
0x73fS0xed	0x740S0xed
0x740S0xed	0x742S0xed
0x7e6S0xed	0x7e7S0xed
0x7e7S0xed	0x7eaS0xed
0x7ebS0xed	0x7ecS0xed
0x7ecS0xed	0x7eeS0xed
0xbf6S0xed	0xbf9S0xed
0x6d7S0xed	0x6d9S0xed
0x6d9S0xed	0x6daS0xed
0x6daS0xed	0x6fcS0xed
0x6fdS0xed	0x6feS0xed
0x6feS0xed	0x701S0xed
0x701S0xed	0x702S0xed
0x703S0xed	0x706S0xed
0x706S0xed	0x71cS0xed
0x71cS0xed	0x71eS0xed
0x71eS0xed	0x724S0xed
0x724S0xed	0x726S0xed
0x726S0xed	0x727S0xed
0x727S0xed	0x729S0xed
0x729S0xed	0x72bS0xed
0x72bS0xed	0x72eS0xed
0x72eS0xed	0x731S0xed
0x731S0xed	0x732S0xed
0x732S0xed	0x733S0xed
0x733S0xed	0x735S0xed
0x735S0xed	0x736S0xed
0x736S0xed	0x739S0xed
0x748S0xed	0x74aS0xed
0x74aS0xed	0x74bS0xed
0x74bS0xed	0x74cS0xed
0x74cS0xed	0x74eS0xed
0x74eS0xed	0x74fS0xed
0x74fS0xed	0x752S0xed
0x752S0xed	0x753S0xed
0x753S0xed	0x755S0xed
0x755S0xed	0x757S0xed
0x757S0xed	0x759S0xed
0x75cS0xed	0x75eS0xed
0x75eS0xed	0x763S0xed
0x763S0xed	0x766S0xed
0x768S0xed	0x76aS0xed
0x76aS0xed	0x76bS0xed
0x76bS0xed	0x78dS0xed
0x78eS0xed	0x7a1S0xed
0x7a1S0xed	0x7a4S0xed
0x7a4S0xed	0x7a5S0xed
0x7a6S0xed	0x7a9S0xed
0x7a9S0xed	0x7acS0xed
0x7b0S0xed	0x7c6S0xed
0x7c6S0xed	0x7c8S0xed
0x7c8S0xed	0x7ceS0xed
0x7ceS0xed	0x7d0S0xed
0x7d0S0xed	0x7d1S0xed
0x7d1S0xed	0x7d3S0xed
0x7d3S0xed	0x7d5S0xed
0x7d5S0xed	0x7d8S0xed
0x7d8S0xed	0x7daS0xed
0x7daS0xed	0x7ddS0xed
0x7ddS0xed	0x7deS0xed
0x7deS0xed	0x7dfS0xed
0x7dfS0xed	0x7e1S0xed
0x7e1S0xed	0x7e2S0xed
0x7e2S0xed	0x7e5S0xed
0xbe9S0xed	0xbebS0xed
0xbebS0xed	0xbefS0xed
0xbefS0xed	0xbf0S0xed
0xbf0S0xed	0xbf1S0xed
0xbf1S0xed	0xbf2S0xed
0xbf2S0xed	0xbf5S0xed
0x7f4S0xed	0x7f6S0xed
0x7f6S0xed	0x7f7S0xed
0x7f7S0xed	0x7f8S0xed
0x7f8S0xed	0x7faS0xed
0x7faS0xed	0x7fbS0xed
0x7fbS0xed	0x7feS0xed
0x7feS0xed	0x7ffS0xed
0x7ffS0xed	0x801S0xed
0x801S0xed	0x803S0xed
0x803S0xed	0x805S0xed
0x808S0xed	0x80aS0xed
0x80aS0xed	0x80fS0xed
0x80fS0xed	0x812S0xed
0xbfcS0xed	0xc00S0xed
0xc0fS0x7efS0xed	0xc12S0x7efS0xed
0xc1fS0x7efS0xed	0xc22S0x7efS0xed
0xc02S0x7efS0xed	0xc04S0x7efS0xed
0xc04S0x7efS0xed	0xc08S0x7efS0xed
0xc08S0x7efS0xed	0xc09S0x7efS0xed
0xc09S0x7efS0xed	0xc0aS0x7efS0xed
0xc0aS0x7efS0xed	0xc0bS0x7efS0xed
0xc0bS0x7efS0xed	0xc0eS0x7efS0xed
0xc15S0x7efS0xed	0xc17S0x7efS0xed
0xc17S0x7efS0xed	0xc18S0x7efS0xed
0xc18S0x7efS0xed	0xc1aS0x7efS0xed
0xc1aS0x7efS0xed	0xc1bS0x7efS0xed
0xc1bS0x7efS0xed	0xc1eS0x7efS0xed
0x878S0x75	0x87bS0x75
0x88fS0x75	0x892S0x75
0x86aS0x75	0x86dS0x75
0x86dS0x75	0x871S0x75
0x871S0x75	0x872S0x75
0x872S0x75	0x873S0x75
0x873S0x75	0x874S0x75
0x874S0x75	0x877S0x75
0x87eS0x75	0x87fS0x75
0x87fS0x75	0x889S0x75
0x889S0x75	0x88aS0x75
0x88aS0x75	0x88bS0x75
0x88bS0x75	0x88eS0x75
0x894S0x75	0x89aS0x75
0x89aS0x75	0x89bS0x75
0x89bS0x75	0x89eS0x75
0x82bS0x893S0x75	0x82eS0x893S0x75
0x843S0x893S0x75	0x846S0x893S0x75
0x85eS0x893S0x75	0x861S0x893S0x75
0x832S0x893S0x75	0x833S0x893S0x75
0x833S0x893S0x75	0x83dS0x893S0x75
0x83dS0x893S0x75	0x83eS0x893S0x75
0x83eS0x893S0x75	0x83fS0x893S0x75
0x83fS0x893S0x75	0x842S0x893S0x75
0x848S0x893S0x75	0x84bS0x893S0x75
0x84bS0x893S0x75	0x84fS0x893S0x75
0x84fS0x893S0x75	0x852S0x893S0x75
0x852S0x893S0x75	0x854S0x893S0x75
0x854S0x893S0x75	0x856S0x893S0x75
0x856S0x893S0x75	0x857S0x893S0x75
0x857S0x893S0x75	0x858S0x893S0x75
0x858S0x893S0x75	0x859S0x893S0x75
0x859S0x893S0x75	0x85aS0x893S0x75
0x85aS0x893S0x75	0x85dS0x893S0x75
0x81eS0x893S0x75	0x822S0x893S0x75
0x822S0x893S0x75	0x825S0x893S0x75
0x825S0x893S0x75	0x826S0x893S0x75
0x826S0x893S0x75	0x827S0x893S0x75
0x827S0x893S0x75	0x82aS0x893S0x75
0x878S0x9e	0x87bS0x9e
0x88fS0x9e	0x892S0x9e
0x86aS0x9e	0x86dS0x9e
0x86dS0x9e	0x871S0x9e
0x871S0x9e	0x872S0x9e
0x872S0x9e	0x873S0x9e
0x873S0x9e	0x874S0x9e
0x874S0x9e	0x877S0x9e
0x87eS0x9e	0x87fS0x9e
0x87fS0x9e	0x889S0x9e
0x889S0x9e	0x88aS0x9e
0x88aS0x9e	0x88bS0x9e
0x88bS0x9e	0x88eS0x9e
0x894S0x9e	0x89aS0x9e
0x89aS0x9e	0x89bS0x9e
0x89bS0x9e	0x89eS0x9e
0x82bS0x893S0x9e	0x82eS0x893S0x9e
0x843S0x893S0x9e	0x846S0x893S0x9e
0x85eS0x893S0x9e	0x861S0x893S0x9e
0x832S0x893S0x9e	0x833S0x893S0x9e
0x833S0x893S0x9e	0x83dS0x893S0x9e
0x83dS0x893S0x9e	0x83eS0x893S0x9e
0x83eS0x893S0x9e	0x83fS0x893S0x9e
0x83fS0x893S0x9e	0x842S0x893S0x9e
0x848S0x893S0x9e	0x84bS0x893S0x9e
0x84bS0x893S0x9e	0x84fS0x893S0x9e
0x84fS0x893S0x9e	0x852S0x893S0x9e
0x852S0x893S0x9e	0x854S0x893S0x9e
0x854S0x893S0x9e	0x856S0x893S0x9e
0x856S0x893S0x9e	0x857S0x893S0x9e
0x857S0x893S0x9e	0x858S0x893S0x9e
0x858S0x893S0x9e	0x859S0x893S0x9e
0x859S0x893S0x9e	0x85aS0x893S0x9e
0x85aS0x893S0x9e	0x85dS0x893S0x9e
0x81eS0x893S0x9e	0x822S0x893S0x9e
0x822S0x893S0x9e	0x825S0x893S0x9e
0x825S0x893S0x9e	0x826S0x893S0x9e
0x826S0x893S0x9e	0x827S0x893S0x9e
0x827S0x893S0x9e	0x82aS0x893S0x9e
0x878S0xbf	0x87bS0xbf
0x88fS0xbf	0x892S0xbf
0x86aS0xbf	0x86dS0xbf
0x86dS0xbf	0x871S0xbf
0x871S0xbf	0x872S0xbf
0x872S0xbf	0x873S0xbf
0x873S0xbf	0x874S0xbf
0x874S0xbf	0x877S0xbf
0x87eS0xbf	0x87fS0xbf
0x87fS0xbf	0x889S0xbf
0x889S0xbf	0x88aS0xbf
0x88aS0xbf	0x88bS0xbf
0x88bS0xbf	0x88eS0xbf
0x894S0xbf	0x89aS0xbf
0x89aS0xbf	0x89bS0xbf
0x89bS0xbf	0x89eS0xbf
0x82bS0x893S0xbf	0x82eS0x893S0xbf
0x843S0x893S0xbf	0x846S0x893S0xbf
0x85eS0x893S0xbf	0x861S0x893S0xbf
0x832S0x893S0xbf	0x833S0x893S0xbf
0x833S0x893S0xbf	0x83dS0x893S0xbf
0x83dS0x893S0xbf	0x83eS0x893S0xbf
0x83eS0x893S0xbf	0x83fS0x893S0xbf
0x83fS0x893S0xbf	0x842S0x893S0xbf
0x848S0x893S0xbf	0x84bS0x893S0xbf
0x84bS0x893S0xbf	0x84fS0x893S0xbf
0x84fS0x893S0xbf	0x852S0x893S0xbf
0x852S0x893S0xbf	0x854S0x893S0xbf
0x854S0x893S0xbf	0x856S0x893S0xbf
0x856S0x893S0xbf	0x857S0x893S0xbf
0x857S0x893S0xbf	0x858S0x893S0xbf
0x858S0x893S0xbf	0x859S0x893S0xbf
0x859S0x893S0xbf	0x85aS0x893S0xbf
0x85aS0x893S0xbf	0x85dS0x893S0xbf
0x81eS0x893S0xbf	0x822S0x893S0xbf
0x822S0x893S0xbf	0x825S0x893S0xbf
0x825S0x893S0xbf	0x826S0x893S0xbf
0x826S0x893S0xbf	0x827S0x893S0xbf
0x827S0x893S0xbf	0x82aS0x893S0xbf
0x87	0x149S0x83
0xb0	0x387S0xac
0xd1	0x528S0xcd
0x82	0x86aS0x75
0xab	0x86aS0x9e
0xcc	0x86aS0xbf
0x380b	0x917S0x37ff
0x3887	0x917S0x387b
0xbe	0x9abS0xb1
0xec	0xa33S0xde
0x74	0x39ef
0xf1	0x6d7S0xed
0x106	0x819S0xfe
0x42	0x45
0x5d	0x5f
0xc	0xd
0x1d	0x1f
0x63	0x39eb
0xd9	0xda
0xf9	0xfa
0x13b	0x13c0x107
0x39e2	0x2a
0x39e4	0x35
0x39e6	0x3f
0x39e8	0x50
0x39ea	0x5a
0xdd	0xe0
0xfd	0x100
0x1440x107	0x1470x107
0x1400x107	0x1410x107
0xa43S0xde	0xa46S0xde
0xa3fS0xde	0xa40S0xde
0xa63S0xde	0xa64S0xde
0x3944S0xde	0xee
0x1440x818S0xfe	0x1470x818S0xfe
0x1400x818S0xfe	0x1410x818S0xfe
0x13b0x818S0xfe	0x13c0x818S0xfe
0x99bS0x37ff	0x9a9S0x37ff
0x945S0x37ff	0x948S0x37ff
0x920S0x37ff	0x923S0x37ff
0x926S0x37ff	0x927S0x37ff
0x988S0x37ff	0x8acS0x946S0x37ff
0x96cS0x37ff	0x96eS0x37ff
0x974S0x37ff	0x976S0x37ff
0x97dS0x37ff	0x97eS0x37ff
0x8d0S0x946S0x37ff	0x8d4S0x946S0x37ff
0x8cbS0x946S0x37ff	0x8ccS0x946S0x37ff
0x8e2S0x946S0x37ff	0x8e5S0x946S0x37ff
0x8d9S0x946S0x37ff	0x8daS0x946S0x37ff
0x8bdS0x946S0x37ff	0x8beS0x946S0x37ff
0x915S0x946S0x37ff	0x98cS0x37ff
0x8b2S0x946S0x37ff	0x8b3S0x946S0x37ff
0x173S0x83	0x175S0x83
0x1d5S0x83	0x1d6S0x83
0x1dcS0x83	0x1deS0x83
0x1f8S0x83	0x1fcS0x83
0x292S0x83	0x294S0x83
0x283S0x83	0x284S0x83
0x286S0x83	0x287S0x83
0x28eS0x83	0x28fS0x83
0x308S0x83	0x30cS0x83
0x2d5S0x83	0x2d6S0x83
0x2daS0x83	0x2dbS0x83
0x2dfS0x83	0x2e0S0x83
0x303S0x83	0x304S0x83
0x341S0x83	0x342S0x83
0x348S0x83	0x349S0x83
0x34fS0x83	0x350S0x83
0x375S0x83	0x376S0x83
0x16cS0x83	0x16dS0x83
0x18dS0x83	0x18fS0x83
0x17bS0x83	0x17dS0x83
0x187S0x83	0x189S0x83
0x18feS0x83	0x191fS0x83
0x18f4S0x83	0x18f5S0x83
0x18f9S0x83	0x18faS0x83
0x1b7S0x83	0x1beS0x83
0x19cS0x83	0x19dS0x83
0x1a0S0x83	0x1a1S0x83
0x1a7S0x83	0x1a9S0x83
0x1a9S0x83	0x1aaS0x83
0x31bS0x83	0x31cS0x83
0x1f1S0x83	0x1f2S0x83
0x194cS0x83	0x196dS0x83
0x1942S0x83	0x1943S0x83
0x1947S0x83	0x1948S0x83
0x20aS0x83	0xaceS0x1f9S0x83
0x199aS0x83	0x19bbS0x83
0x1990S0x83	0x1991S0x83
0x1995S0x83	0x1996S0x83
0x223S0x83	0xa33S0x20bS0x83
0x247S0x83	0xb0cS0x224S0x83
0x255S0x83	0xb74S0x248S0x83
0x271S0x83	0x272S0x83
0x2b1S0x83	0x2b2S0x83
0x2a2S0x83	0x2a4S0x83
0x2a8S0x83	0x2abS0x83
0x312S0x83	0x316S0x83
0x1c9S0x83	0x1caS0x83
0xb00S0x1f9S0x83	0xb050xacdS0x1f9S0x83
0xafcS0x1f9S0x83	0xafdS0x1f9S0x83
0xb0a0xacdS0x1f9S0x83	0x20cS0x83
0xa43S0x20bS0x83	0xa46S0x20bS0x83
0xa3fS0x20bS0x83	0xa40S0x20bS0x83
0xa63S0x20bS0x83	0xa64S0x20bS0x83
0x3944S0x20bS0x83	0x225S0x83
0xb3fS0x224S0x83	0xb42S0x224S0x83
0xb5aS0x224S0x83	0xb5cS0x224S0x83
0xb3bS0x224S0x83	0xb3cS0x224S0x83
0xb56S0x224S0x83	0xb57S0x224S0x83
0xb6bS0x224S0x83	0xb6cS0x224S0x83
0x396aS0x224S0x83	0x249S0x83
0xb7fS0x248S0x83	0x257S0x83
0xb74S0x248S0x83	0xb75S0x248S0x83
0xb7bS0x248S0x83	0xb7fS0x248S0x83
0xa11S0xb1	0x8acS0x9e1S0xb1
0xa07S0xb1	0xa08S0xb1
0x9b3S0xb1	0x9b4S0xb1
0x9bbS0xb1	0x9beS0xb1
0x9c1S0xb1	0x9c2S0xb1
0xa23S0xb1	0xa31S0xb1
0x9e0S0xb1	0x9e1S0xb1
0x8d0S0x9e1S0xb1	0x8d4S0x9e1S0xb1
0x8cbS0x9e1S0xb1	0x8ccS0x9e1S0xb1
0x8e2S0x9e1S0xb1	0x8e5S0x9e1S0xb1
0x8d9S0x9e1S0xb1	0x8daS0x9e1S0xb1
0x8bdS0x9e1S0xb1	0x8beS0x9e1S0xb1
0x915S0x9e1S0xb1	0xa17S0xb1
0x8b2S0x9e1S0xb1	0x8b3S0x9e1S0xb1
0x3a2S0xac	0x3a4S0xac
0x3f1S0xac	0x3f2S0xac
0x3f8S0xac	0x3fcS0xac
0x487S0xac	0x489S0xac
0x478S0xac	0x479S0xac
0x47bS0xac	0x47cS0xac
0x483S0xac	0x484S0xac
0x49fS0xac	0x4a1S0xac
0x513S0xac	0x516S0xac
0x4d8S0xac	0x4d9S0xac
0x4dfS0xac	0x4e0S0xac
0x4e6S0xac	0x4e7S0xac
0x50cS0xac	0x50dS0xac
0x39bS0xac	0x39cS0xac
0x3bcS0xac	0x3beS0xac
0x3aaS0xac	0x3acS0xac
0x3b6S0xac	0x3b8S0xac
0x1a10S0xac	0x1a31S0xac
0x1a06S0xac	0x1a07S0xac
0x1a0bS0xac	0x1a0cS0xac
0x3d3S0xac	0x3daS0xac
0x3c5S0xac	0x3c6S0xac
0x526S0xac	0xb2
0x40aS0xac	0xb81S0x3f9S0xac
0x1a5eS0xac	0x1a7fS0xac
0x1a54S0xac	0x1a55S0xac
0x1a59S0xac	0x1a5aS0xac
0x419S0xac	0xa33S0x40bS0xac
0x43cS0xac	0xb0cS0x41aS0xac
0x44aS0xac	0xb74S0x43dS0xac
0x466S0xac	0x467S0xac
0x498S0xac	0x499S0xac
0x4b2S0xac	0x4b3S0xac
0x4abS0xac	0x4afS0xac
0x1aacS0xac	0x1acdS0xac
0x1aa2S0xac	0x1aa3S0xac
0x1aa7S0xac	0x1aa8S0xac
0x51cS0xac	0x526S0xac
0x3e5S0xac	0x3e6S0xac
0xbafS0x3f9S0xac	0xbb0S0x3f9S0xac
0xb0a0xb80S0x3f9S0xac	0x40eS0xac
0xa43S0x40bS0xac	0xa46S0x40bS0xac
0xa3fS0x40bS0xac	0xa40S0x40bS0xac
0xa63S0x40bS0xac	0xa64S0x40bS0xac
0x3944S0x40bS0xac	0x41bS0xac
0xb3fS0x41aS0xac	0xb42S0x41aS0xac
0xb5aS0x41aS0xac	0xb5cS0x41aS0xac
0xb3bS0x41aS0xac	0xb3cS0x41aS0xac
0xb56S0x41aS0xac	0xb57S0x41aS0xac
0xb6bS0x41aS0xac	0xb6cS0x41aS0xac
0x396aS0x41aS0xac	0x43eS0xac
0xb7fS0x43dS0xac	0x44cS0xac
0xb74S0x43dS0xac	0xb75S0x43dS0xac
0xb7bS0x43dS0xac	0xb7fS0x43dS0xac
0x99bS0x387b	0x9a9S0x387b
0x945S0x387b	0x948S0x387b
0x920S0x387b	0x923S0x387b
0x926S0x387b	0x927S0x387b
0x988S0x387b	0x8acS0x946S0x387b
0x96cS0x387b	0x96eS0x387b
0x974S0x387b	0x976S0x387b
0x97dS0x387b	0x97eS0x387b
0x8d0S0x946S0x387b	0x8d4S0x946S0x387b
0x8cbS0x946S0x387b	0x8ccS0x946S0x387b
0x8e2S0x946S0x387b	0x8e5S0x946S0x387b
0x8d9S0x946S0x387b	0x8daS0x946S0x387b
0x8bdS0x946S0x387b	0x8beS0x946S0x387b
0x915S0x946S0x387b	0x98cS0x387b
0x8b2S0x946S0x387b	0x8b3S0x946S0x387b
0x542S0xcd	0x544S0xcd
0x5a4S0xcd	0x5a5S0xcd
0x5abS0xcd	0x5adS0xcd
0x5c7S0xcd	0x5cbS0xcd
0x656S0xcd	0x658S0xcd
0x647S0xcd	0x648S0xcd
0x64aS0xcd	0x64bS0xcd
0x652S0xcd	0x653S0xcd
0x6ccS0xcd	0x6cfS0xcd
0x699S0xcd	0x69aS0xcd
0x69eS0xcd	0x69fS0xcd
0x6a3S0xcd	0x6a4S0xcd
0x6c7S0xcd	0x6c8S0xcd
0x53bS0xcd	0x53cS0xcd
0x55cS0xcd	0x55eS0xcd
0x54aS0xcd	0x54cS0xcd
0x556S0xcd	0x558S0xcd
0x1b22S0xcd	0x1b43S0xcd
0x1b18S0xcd	0x1b19S0xcd
0x1b1dS0xcd	0x1b1eS0xcd
0x586S0xcd	0x58dS0xcd
0x56bS0xcd	0x56cS0xcd
0x56fS0xcd	0x570S0xcd
0x576S0xcd	0x578S0xcd
0x578S0xcd	0x579S0xcd
0x5c0S0xcd	0x5c1S0xcd
0x1b70S0xcd	0x1b91S0xcd
0x1b66S0xcd	0x1b67S0xcd
0x1b6bS0xcd	0x1b6cS0xcd
0x5d9S0xcd	0xbb5S0x5c8S0xcd
0x1bb4S0xcd	0x1bb5S0xcd
0x1bb9S0xcd	0x1bbaS0xcd
0x5e8S0xcd	0xa33S0x5daS0xcd
0x60bS0xcd	0xb0cS0x5e9S0xcd
0x619S0xcd	0xb74S0x60cS0xcd
0x635S0xcd	0x636S0xcd
0x675S0xcd	0x676S0xcd
0x666S0xcd	0x668S0xcd
0x66cS0xcd	0x66fS0xcd
0x598S0xcd	0x599S0xcd
0xbe3S0x5c8S0xcd	0xbe4S0x5c8S0xcd
0xb0a0xbb4S0x5c8S0xcd	0x5ddS0xcd
0xa43S0x5daS0xcd	0xa46S0x5daS0xcd
0xa3fS0x5daS0xcd	0xa40S0x5daS0xcd
0xa63S0x5daS0xcd	0xa64S0x5daS0xcd
0x3944S0x5daS0xcd	0x5eaS0xcd
0xb3fS0x5e9S0xcd	0xb42S0x5e9S0xcd
0xb5aS0x5e9S0xcd	0xb5cS0x5e9S0xcd
0xb3bS0x5e9S0xcd	0xb3cS0x5e9S0xcd
0xb56S0x5e9S0xcd	0xb57S0x5e9S0xcd
0xb6bS0x5e9S0xcd	0xb6cS0x5e9S0xcd
0x396aS0x5e9S0xcd	0x60dS0xcd
0xb7fS0x60cS0xcd	0x61bS0xcd
0xb74S0x60cS0xcd	0xb75S0x60cS0xcd
0xb7bS0x60cS0xcd	0xb7fS0x60cS0xcd
0x742S0xed	0x748S0xed
0x73eS0xed	0x73fS0xed
0x7eeS0xed	0x7f4S0xed
0x7eaS0xed	0x7ebS0xed
0xbf9S0xed	0xbfcS0xed
0x739S0xed	0x73aS0xed
0x6fcS0xed	0x6fdS0xed
0x702S0xed	0x703S0xed
0x766S0xed	0x768S0xed
0x759S0xed	0x75cS0xed
0x7e5S0xed	0x7e6S0xed
0x78dS0xed	0x78eS0xed
0x7a5S0xed	0x7a6S0xed
0x7acS0xed	0x7b0S0xed
0xbf5S0xed	0xbf6S0xed
0x812S0xed	0xc02S0x7efS0xed
0x805S0xed	0x808S0xed
0xc12S0x7efS0xed	0xc15S0x7efS0xed
0xc0eS0x7efS0xed	0xc0fS0x7efS0xed
0xc1eS0x7efS0xed	0xc1fS0x7efS0xed
0x3990S0x7efS0xed	0x817S0xed
0x87bS0x75	0x87eS0x75
0x892S0x75	0x894S0x75
0x877S0x75	0x878S0x75
0x88eS0x75	0x88fS0x75
0x89eS0x75	0x81eS0x893S0x75
0x8aaS0x75	0x84
0x82eS0x893S0x75	0x832S0x893S0x75
0x846S0x893S0x75	0x848S0x893S0x75
0x842S0x893S0x75	0x843S0x893S0x75
0x85dS0x893S0x75	0x85eS0x893S0x75
0x391eS0x893S0x75	0x8aaS0x75
0x82aS0x893S0x75	0x82bS0x893S0x75
0x87bS0x9e	0x87eS0x9e
0x892S0x9e	0x894S0x9e
0x877S0x9e	0x878S0x9e
0x88eS0x9e	0x88fS0x9e
0x89eS0x9e	0x81eS0x893S0x9e
0x8aaS0x9e	0xad
0x82eS0x893S0x9e	0x832S0x893S0x9e
0x846S0x893S0x9e	0x848S0x893S0x9e
0x842S0x893S0x9e	0x843S0x893S0x9e
0x85dS0x893S0x9e	0x85eS0x893S0x9e
0x391eS0x893S0x9e	0x8aaS0x9e
0x82aS0x893S0x9e	0x82bS0x893S0x9e
0x87bS0xbf	0x87eS0xbf
0x892S0xbf	0x894S0xbf
0x877S0xbf	0x878S0xbf
0x88eS0xbf	0x88fS0xbf
0x89eS0xbf	0x81eS0x893S0xbf
0x8aaS0xbf	0xce
0x82eS0x893S0xbf	0x832S0x893S0xbf
0x846S0x893S0xbf	0x848S0x893S0xbf
0x842S0x893S0xbf	0x843S0x893S0xbf
0x85dS0x893S0xbf	0x85eS0x893S0xbf
0x391eS0x893S0xbf	0x8aaS0xbf
0x82aS0x893S0xbf	0x82bS0x893S0xbf
