model,condition,seed,fold,n_test,n_positive,temperature,best_val_AUPRC,threshold_01,threshold_05,threshold_10,AUPRC,AUROC,Brier,Recall_01,FPR_01,Recall_05,FPR_05,Recall_10,FPR_10
authguard_seq,M0,7702,0,446,152,1.2435489892959595,0.956129226000771,0.9862288420586732,0.74849321479008,0.2983465451682277,0.8253962034758445,0.8861551199427139,0.1538458257413261,0.27631578947368424,0.006802721088435374,0.5723684210526315,0.030612244897959183,0.5789473684210527,0.05442176870748299
authguard_seq,F200,7702,0,446,152,1.2435489892959595,0.956129226000771,0.9862288420586732,0.74849321479008,0.2983465451682277,0.7795355997861975,0.7957393483709274,0.14648858774281284,0.17763157894736842,0.003401360544217687,0.5131578947368421,0.023809523809523808,0.6381578947368421,0.11224489795918367
authguard_seq,M3+F200,7702,0,446,152,1.2435489892959595,0.956129226000771,0.9862288420586732,0.74849321479008,0.2983465451682277,0.7798168801561605,0.8197278911564625,0.14802828777853128,0.19078947368421054,0.003401360544217687,0.5657894736842105,0.05102040816326531,0.7039473684210527,0.17006802721088435
flat_cnn,M0,7702,0,446,152,2.52643084526062,0.9096595783082458,0.8492694079380101,0.6049182752596118,0.4960278664739061,0.8338437080476285,0.8901382921589689,0.1487749825214244,0.42105263157894735,0.013605442176870748,0.5460526315789473,0.034013605442176874,0.5657894736842105,0.04081632653061224
flat_cnn,F200,7702,0,446,152,2.52643084526062,0.9096595783082458,0.8492694079380101,0.6049182752596118,0.4960278664739061,0.5382026004124163,0.6832482993197279,0.24327308969285757,0.039473684210526314,0.0,0.07236842105263158,0.013605442176870748,0.10526315789473684,0.04421768707482993
flat_cnn,M3+F200,7702,0,446,152,2.52643084526062,0.9096595783082458,0.8492694079380101,0.6049182752596118,0.4960278664739061,0.4940598393999877,0.618219656283566,0.2544253796614924,0.046052631578947366,0.0,0.07236842105263158,0.023809523809523808,0.09868421052631579,0.04081632653061224
hist_ngram_xgb,M0,7702,0,446,152,2.4310617446899414,,0.7513715186778913,0.6407535051363449,0.3918351901162161,0.7922066035020778,0.8596379341210169,0.15786193202319965,0.2894736842105263,0.006802721088435374,0.34868421052631576,0.006802721088435374,0.5,0.047619047619047616
hist_ngram_xgb,F200,7702,0,446,152,2.4310617446899414,,0.7513715186778913,0.6407535051363449,0.3918351901162161,0.5141347398284448,0.6234335839598998,0.23542811395839883,0.013157894736842105,0.003401360544217687,0.05263157894736842,0.003401360544217687,0.17763157894736842,0.027210884353741496
hist_ngram_xgb,M3+F200,7702,0,446,152,2.4310617446899414,,0.7513715186778913,0.6407535051363449,0.3918351901162161,0.4538180299409322,0.6089106695309703,0.24531869939024142,0.0,0.0,0.02631578947368421,0.006802721088435374,0.11842105263157894,0.05442176870748299
authguard_seq,M0,7703,0,446,152,2.061343193054199,0.9546177847267798,0.9179210864913323,0.48693543640446557,0.11826149330785113,0.8195717795700843,0.8845103831006087,0.1605504199842968,0.47368421052631576,0.013605442176870748,0.5526315789473685,0.04081632653061224,0.5657894736842105,0.0782312925170068
authguard_seq,F200,7703,0,446,152,2.061343193054199,0.9546177847267798,0.9179210864913323,0.48693543640446557,0.11826149330785113,0.8477961243963604,0.8986528822055139,0.1632827835659146,0.23026315789473684,0.0,0.48026315789473684,0.013605442176870748,0.5921052631578947,0.061224489795918366
authguard_seq,M3+F200,7703,0,446,152,2.061343193054199,0.9546177847267798,0.9179210864913323,0.48693543640446557,0.11826149330785113,0.7934159092893486,0.8666532402434659,0.17768489721986727,0.25,0.006802721088435374,0.4605263157894737,0.047619047619047616,0.5986842105263158,0.09183673469387756
flat_cnn,M0,7703,0,446,152,2.0186355113983154,0.8926340915217895,0.8304855481604199,0.6397987010730334,0.5068471853844374,0.7594838480797148,0.8152636054421769,0.17373883590882255,0.3684210526315789,0.017006802721088437,0.47368421052631576,0.034013605442176874,0.5197368421052632,0.034013605442176874
flat_cnn,F200,7703,0,446,152,2.0186355113983154,0.8926340915217895,0.8304855481604199,0.6397987010730334,0.5068471853844374,0.48492849463793286,0.6386054421768708,0.2586878990572706,0.03289473684210526,0.003401360544217687,0.06578947368421052,0.013605442176870748,0.11842105263157894,0.02040816326530612
flat_cnn,M3+F200,7703,0,446,152,2.0186355113983154,0.8926340915217895,0.8304855481604199,0.6397987010730334,0.5068471853844374,0.46131600904703673,0.5873165055495883,0.2628634620318288,0.046052631578947366,0.006802721088435374,0.08552631578947369,0.017006802721088437,0.11842105263157894,0.03741496598639456
hist_ngram_xgb,M0,7703,0,446,152,2.6167943477630615,,0.7623238445186705,0.625774562839952,0.4210151831795981,0.7701551338438071,0.8349109380594344,0.16046203361952407,0.28289473684210525,0.006802721088435374,0.3684210526315789,0.006802721088435374,0.4868421052631579,0.047619047619047616
hist_ngram_xgb,F200,7703,0,446,152,2.6167943477630615,,0.7623238445186705,0.625774562839952,0.4210151831795981,0.5194125692497497,0.6284908700322234,0.2324117118036566,0.006578947368421052,0.0,0.046052631578947366,0.003401360544217687,0.14473684210526316,0.023809523809523808
hist_ngram_xgb,M3+F200,7703,0,446,152,2.6167943477630615,,0.7623238445186705,0.625774562839952,0.4210151831795981,0.44621751746774785,0.6138784461152882,0.24287764610431592,0.006578947368421052,0.0,0.03289473684210526,0.01020408163265306,0.08552631578947369,0.04421768707482993
authguard_seq,M0,7704,0,446,152,2.7530250549316406,0.9545710757386636,0.8923500639019194,0.8480661239695831,0.7767007751194359,0.8833504389682092,0.9611193161475117,0.08770126929865085,0.34868421052631576,0.013605442176870748,0.5328947368421053,0.05102040816326531,0.9802631578947368,0.07482993197278912
authguard_seq,F200,7704,0,446,152,2.7530250549316406,0.9545710757386636,0.8923500639019194,0.8480661239695831,0.7767007751194359,0.8937492104688476,0.9485544217687075,0.12477555400340358,0.17763157894736842,0.003401360544217687,0.4605263157894737,0.02040816326530612,0.7828947368421053,0.061224489795918366
authguard_seq,M3+F200,7704,0,446,152,2.7530250549316406,0.9545710757386636,0.8923500639019194,0.8480661239695831,0.7767007751194359,0.8456316748377468,0.9200232724668815,0.14632519864674956,0.20394736842105263,0.003401360544217687,0.4342105263157895,0.04421768707482993,0.7171052631578947,0.09863945578231292
flat_cnn,M0,7704,0,446,152,2.2719967365264893,0.9110629406018733,0.7975185858882738,0.5772405757441326,0.4885158329973575,0.8670400616233831,0.9303504296455424,0.12910591844335179,0.46710526315789475,0.01020408163265306,0.5394736842105263,0.03741496598639456,0.5592105263157895,0.04421768707482993
flat_cnn,F200,7704,0,446,152,2.2719967365264893,0.9110629406018733,0.7975185858882738,0.5772405757441326,0.4885158329973575,0.5871250775524453,0.6947055137844612,0.23192677501905995,0.046052631578947366,0.003401360544217687,0.07236842105263158,0.017006802721088437,0.14473684210526316,0.02040816326530612
flat_cnn,M3+F200,7704,0,446,152,2.2719967365264893,0.9110629406018733,0.7975185858882738,0.5772405757441326,0.4885158329973575,0.5317881874551704,0.6503088077336197,0.24790628507978002,0.046052631578947366,0.006802721088435374,0.09210526315789473,0.017006802721088437,0.10526315789473684,0.034013605442176874
hist_ngram_xgb,M0,7704,0,446,152,2.4203779697418213,,0.7581486996386793,0.6279374241680524,0.37068568814125746,0.7705645719872121,0.8243488184747583,0.16083235375816482,0.28289473684210525,0.006802721088435374,0.375,0.006802721088435374,0.5,0.047619047619047616
hist_ngram_xgb,F200,7704,0,446,152,2.4203779697418213,,0.7581486996386793,0.6279374241680524,0.37068568814125746,0.5148366601495928,0.6149301825993556,0.23566536236350732,0.013157894736842105,0.0,0.05921052631578947,0.003401360544217687,0.17763157894736842,0.04421768707482993
hist_ngram_xgb,M3+F200,7704,0,446,152,2.4203779697418213,,0.7581486996386793,0.6279374241680524,0.37068568814125746,0.4329712367256855,0.5751432151808092,0.24884574503034648,0.006578947368421052,0.0,0.02631578947368421,0.013605442176870748,0.13157894736842105,0.05102040816326531
authguard_seq,M0,7702,1,446,146,1.9279323816299438,0.9399651930419414,0.9433019881053797,0.6473256714643667,0.04014793046148297,0.939674351188496,0.9762100456621005,0.039127478481563484,0.4931506849315068,0.01,0.9383561643835616,0.03333333333333333,0.9657534246575342,0.16333333333333333
authguard_seq,F200,7702,1,446,146,1.9279323816299438,0.9399651930419414,0.9433019881053797,0.6473256714643667,0.04014793046148297,0.9179182293287821,0.9640867579908676,0.08757107293021428,0.14383561643835616,0.0033333333333333335,0.678082191780822,0.023333333333333334,0.9315068493150684,0.09333333333333334
authguard_seq,M3+F200,7702,1,446,146,1.9279323816299438,0.9399651930419414,0.9433019881053797,0.6473256714643667,0.04014793046148297,0.9172180209310911,0.9742237442922373,0.0813581512938628,0.1643835616438356,0.006666666666666667,0.684931506849315,0.02,0.9452054794520548,0.11
flat_cnn,M0,7702,1,446,146,1.871945858001709,0.9279364586823654,0.9473637014656622,0.4087531552887106,0.3042201347725208,0.9081717873770111,0.9443835616438355,0.0807905842241007,0.3561643835616438,0.0033333333333333335,0.8493150684931506,0.09666666666666666,0.8561643835616438,0.15
flat_cnn,F200,7702,1,446,146,1.871945858001709,0.9279364586823654,0.9473637014656622,0.4087531552887106,0.3042201347725208,0.5140541262131577,0.6366438356164383,0.23127328970220098,0.08904109589041095,0.006666666666666667,0.3082191780821918,0.12,0.3698630136986301,0.17333333333333334
flat_cnn,M3+F200,7702,1,446,146,1.871945858001709,0.9279364586823654,0.9473637014656622,0.4087531552887106,0.3042201347725208,0.543332040285748,0.6917351598173516,0.21778891710595902,0.07534246575342465,0.0033333333333333335,0.3150684931506849,0.12,0.363013698630137,0.14666666666666667
hist_ngram_xgb,M0,7702,1,446,146,1.5303634405136108,,0.8787852331723796,0.3225230529455267,0.2020336290089628,0.8441162648926454,0.9074657534246575,0.11770462948037252,0.3493150684931507,0.01,0.7534246575342466,0.12,0.8013698630136986,0.18333333333333332
hist_ngram_xgb,F200,7702,1,446,146,1.5303634405136108,,0.8787852331723796,0.3225230529455267,0.2020336290089628,0.5539980285777908,0.7204109589041097,0.22713515565068745,0.0136986301369863,0.0,0.2876712328767123,0.08333333333333333,0.4520547945205479,0.16
hist_ngram_xgb,M3+F200,7702,1,446,146,1.5303634405136108,,0.8787852331723796,0.3225230529455267,0.2020336290089628,0.5963989156032811,0.7307534246575341,0.2184160475681725,0.0136986301369863,0.0,0.2945205479452055,0.07,0.4657534246575342,0.15666666666666668
authguard_seq,M0,7703,1,446,146,1.5576355457305908,0.9336146314848212,0.9572567139576434,0.6967116018002162,0.123584570658697,0.9270882378640609,0.9654337899543378,0.05174098354458885,0.3493150684931507,0.01,0.9452054794520548,0.05333333333333334,0.952054794520548,0.13
authguard_seq,F200,7703,1,446,146,1.5576355457305908,0.9336146314848212,0.9572567139576434,0.6967116018002162,0.123584570658697,0.9042309744602293,0.9484931506849315,0.07300632133963121,0.10273972602739725,0.0033333333333333335,0.7328767123287672,0.03,0.9383561643835616,0.16666666666666666
authguard_seq,M3+F200,7703,1,446,146,1.5576355457305908,0.9336146314848212,0.9572567139576434,0.6967116018002162,0.123584570658697,0.9084349498261818,0.955890410958904,0.07381896750081816,0.10273972602739725,0.0033333333333333335,0.7123287671232876,0.03,0.952054794520548,0.14333333333333334
flat_cnn,M0,7703,1,446,146,1.6366498470306396,0.9497875479449069,0.7562375366284894,0.21157968696925888,0.1531672613088662,0.9056158451464674,0.9388812785388129,0.08528592813640867,0.5273972602739726,0.016666666666666666,0.8698630136986302,0.09333333333333334,0.8972602739726028,0.18
flat_cnn,F200,7703,1,446,146,1.6366498470306396,0.9497875479449069,0.7562375366284894,0.21157968696925888,0.1531672613088662,0.5032600065460824,0.6106849315068492,0.24959873718027561,0.11643835616438356,0.013333333333333334,0.3013698630136986,0.11,0.3287671232876712,0.15333333333333332
flat_cnn,M3+F200,7703,1,446,146,1.6366498470306396,0.9497875479449069,0.7562375366284894,0.21157968696925888,0.1531672613088662,0.5580813842053496,0.6725799086757991,0.23373221038208802,0.136986301369863,0.0033333333333333335,0.3150684931506849,0.09,0.363013698630137,0.13666666666666666
hist_ngram_xgb,M0,7703,1,446,146,1.6590265035629272,,0.834332650291136,0.26327758965700887,0.18876337461663295,0.8592001815721895,0.9168264840182649,0.11238579095594119,0.410958904109589,0.02,0.7945205479452054,0.15,0.8698630136986302,0.15666666666666668
hist_ngram_xgb,F200,7703,1,446,146,1.6590265035629272,,0.834332650291136,0.26327758965700887,0.18876337461663295,0.5486822822226844,0.7208675799086759,0.22467899445863473,0.0410958904109589,0.0033333333333333335,0.3493150684931507,0.13333333333333333,0.4726027397260274,0.21666666666666667
hist_ngram_xgb,M3+F200,7703,1,446,146,1.6590265035629272,,0.834332650291136,0.26327758965700887,0.18876337461663295,0.6123376721538506,0.7385159817351599,0.21152604252224608,0.0136986301369863,0.0033333333333333335,0.3972602739726027,0.11,0.5205479452054794,0.18
authguard_seq,M0,7704,1,446,146,2.2687904834747314,0.942174021028529,0.9048783963233203,0.0772673361703072,0.05009817989134649,0.9453201136088173,0.9837442922374429,0.048319720019067654,0.0958904109589041,0.006666666666666667,0.9726027397260274,0.05,0.9726027397260274,0.08666666666666667
authguard_seq,F200,7704,1,446,146,2.2687904834747314,0.942174021028529,0.9048783963233203,0.0772673361703072,0.05009817989134649,0.9110550683806895,0.9603424657534246,0.08784666265709547,0.0410958904109589,0.0,0.8972602739726028,0.056666666666666664,0.9246575342465754,0.11
authguard_seq,M3+F200,7704,1,446,146,2.2687904834747314,0.942174021028529,0.9048783963233203,0.0772673361703072,0.05009817989134649,0.917961597605693,0.9682876712328767,0.092732374341218,0.0410958904109589,0.0033333333333333335,0.9041095890410958,0.06333333333333334,0.9452054794520548,0.11666666666666667
flat_cnn,M0,7704,1,446,146,1.7770121097564697,0.9387427169854619,0.8216810493717733,0.2677374958030646,0.16113169187328683,0.9126024078620583,0.952648401826484,0.07782342089084887,0.541095890410959,0.013333333333333334,0.8493150684931506,0.11333333333333333,0.9246575342465754,0.16333333333333333
flat_cnn,F200,7704,1,446,146,1.7770121097564697,0.9387427169854619,0.8216810493717733,0.2677374958030646,0.16113169187328683,0.5031103375513148,0.6410730593607306,0.24213660220593444,0.13013698630136986,0.016666666666666666,0.2945205479452055,0.12666666666666668,0.3698630136986301,0.20333333333333334
flat_cnn,M3+F200,7704,1,446,146,1.7770121097564697,0.9387427169854619,0.8216810493717733,0.2677374958030646,0.16113169187328683,0.5523531161932117,0.6878767123287672,0.22910516578059834,0.14383561643835616,0.0033333333333333335,0.3287671232876712,0.10666666666666667,0.3698630136986301,0.17666666666666667
hist_ngram_xgb,M0,7704,1,446,146,1.6430656909942627,,0.8481407372688261,0.3325470684940041,0.19110570548033987,0.8487674321672588,0.9175114155251142,0.1100174081533687,0.3835616438356164,0.016666666666666666,0.7328767123287672,0.08666666666666667,0.8698630136986302,0.15333333333333332
hist_ngram_xgb,F200,7704,1,446,146,1.6430656909942627,,0.8481407372688261,0.3325470684940041,0.19110570548033987,0.5536962106198599,0.7164155251141553,0.22942539300062534,0.0273972602739726,0.0,0.273972602739726,0.08333333333333333,0.4246575342465753,0.19
hist_ngram_xgb,M3+F200,7704,1,446,146,1.6430656909942627,,0.8481407372688261,0.3325470684940041,0.19110570548033987,0.5892227053101596,0.7219406392694064,0.22195080289795416,0.0136986301369863,0.0,0.2671232876712329,0.05,0.4315068493150685,0.14666666666666667
authguard_seq,M0,7702,2,427,145,1.1130014657974243,0.9930464161962507,0.11052006781345977,0.011120183059030928,0.008792987347803932,0.9460929572870427,0.9805086818292981,0.06989830298736555,0.8758620689655172,0.02127659574468085,0.9655172413793104,0.04964539007092199,0.9724137931034482,0.06382978723404255
authguard_seq,F200,7702,2,427,145,1.1130014657974243,0.9930464161962507,0.11052006781345977,0.011120183059030928,0.008792987347803932,0.9234978662291919,0.9546832966495475,0.11006735804408344,0.7517241379310344,0.02127659574468085,0.8827586206896552,0.11347517730496454,0.903448275862069,0.16312056737588654
authguard_seq,M3+F200,7702,2,427,145,1.1130014657974243,0.9930464161962507,0.11052006781345977,0.011120183059030928,0.008792987347803932,0.9202113502817861,0.9499144044998777,0.10932320822499214,0.7655172413793103,0.028368794326241134,0.8896551724137931,0.11347517730496454,0.903448275862069,0.13829787234042554
flat_cnn,M0,7702,2,427,145,1.5500776767730713,0.8443759668288654,0.47898276709514487,0.3582689754655641,0.2932162352092956,0.9166106690672535,0.9510638297872341,0.14308966882541796,0.3931034482758621,0.0070921985815602835,0.5379310344827586,0.01773049645390071,0.5655172413793104,0.01773049645390071
flat_cnn,F200,7702,2,427,145,1.5500776767730713,0.8443759668288654,0.47898276709514487,0.3582689754655641,0.2932162352092956,0.45570861295626797,0.5544142822205919,0.26723326084358945,0.07586206896551724,0.0070921985815602835,0.1103448275862069,0.0070921985815602835,0.12413793103448276,0.014184397163120567
flat_cnn,M3+F200,7702,2,427,145,1.5500776767730713,0.8443759668288654,0.47898276709514487,0.3582689754655641,0.2932162352092956,0.4398882180854302,0.563878698948398,0.27216797440267665,0.05517241379310345,0.0,0.06896551724137931,0.0070921985815602835,0.10344827586206896,0.028368794326241134
hist_ngram_xgb,M0,7702,2,427,145,1.0770620107650757,,0.845470326859377,0.36027446863501694,0.36027446863501694,0.8217500612556782,0.8991195891415995,0.15730455218084405,0.41379310344827586,0.014184397163120567,0.5172413793103449,0.0851063829787234,0.5172413793103449,0.0851063829787234
hist_ngram_xgb,F200,7702,2,427,145,1.0770620107650757,,0.845470326859377,0.36027446863501694,0.36027446863501694,0.6211621910694674,0.7267791636096845,0.24795412560719693,0.04827586206896552,0.0,0.2620689655172414,0.031914893617021274,0.2620689655172414,0.031914893617021274
hist_ngram_xgb,M3+F200,7702,2,427,145,1.0770620107650757,,0.845470326859377,0.36027446863501694,0.36027446863501694,0.6275861267569713,0.7461237466373196,0.25194444164305985,0.041379310344827586,0.0035460992907801418,0.18620689655172415,0.031914893617021274,0.18620689655172415,0.031914893617021274
authguard_seq,M0,7703,2,427,145,0.845295250415802,0.9920706097888424,0.6822969761681094,0.15911307297732824,0.015143541688970625,0.9260282785237559,0.9742968941061384,0.03943472458851537,0.9517241379310345,0.03546099290780142,0.9586206896551724,0.05319148936170213,0.9724137931034482,0.23404255319148937
authguard_seq,F200,7703,2,427,145,0.845295250415802,0.9920706097888424,0.6822969761681094,0.15911307297732824,0.015143541688970625,0.9397818710725487,0.9591098067987283,0.06638232174842168,0.7379310344827587,0.024822695035460994,0.8896551724137931,0.06382978723404255,0.9655172413793104,0.3049645390070922
authguard_seq,M3+F200,7703,2,427,145,0.845295250415802,0.9920706097888424,0.6822969761681094,0.15911307297732824,0.015143541688970625,0.9403802982329817,0.9620445096600635,0.06746010448073031,0.7379310344827587,0.028368794326241134,0.903448275862069,0.07446808510638298,0.9724137931034482,0.34397163120567376
flat_cnn,M0,7703,2,427,145,1.7850910425186157,0.8967693177746667,0.9013383761989152,0.6666900210068172,0.5186684261283077,0.9414524593272893,0.9665932990951333,0.06827224645592983,0.47586206896551725,0.010638297872340425,0.8344827586206897,0.03900709219858156,0.9172413793103448,0.0851063829787234
flat_cnn,F200,7703,2,427,145,1.7850910425186157,0.8967693177746667,0.9013383761989152,0.6666900210068172,0.5186684261283077,0.4679752294849149,0.5766935681095622,0.24064264145552175,0.06896551724137931,0.0035460992907801418,0.15862068965517243,0.04964539007092199,0.23448275862068965,0.11702127659574468
flat_cnn,M3+F200,7703,2,427,145,1.7850910425186157,0.8967693177746667,0.9013383761989152,0.6666900210068172,0.5186684261283077,0.4490980220989411,0.5658596233797994,0.2451753087384584,0.06206896551724138,0.0035460992907801418,0.15172413793103448,0.06028368794326241,0.2206896551724138,0.12411347517730496
hist_ngram_xgb,M0,7703,2,427,145,1.222786784172058,,0.7772417189343714,0.48671696840667134,0.48644451868890104,0.8591102857291191,0.9252384446074834,0.13081145532427108,0.42758620689655175,0.03546099290780142,0.5310344827586206,0.06028368794326241,0.5310344827586206,0.06028368794326241
hist_ngram_xgb,F200,7703,2,427,145,1.222786784172058,,0.7772417189343714,0.48671696840667134,0.48644451868890104,0.6258525849497887,0.7318170701883101,0.24094000225880796,0.06206896551724138,0.0035460992907801418,0.2,0.01773049645390071,0.2,0.01773049645390071
hist_ngram_xgb,M3+F200,7703,2,427,145,1.222786784172058,,0.7772417189343714,0.48671696840667134,0.48644451868890104,0.6443551016438952,0.7660797260943996,0.2404952030201024,0.06896551724137931,0.0070921985815602835,0.16551724137931034,0.01773049645390071,0.16551724137931034,0.01773049645390071
authguard_seq,M0,7704,2,427,145,0.8280667662620544,0.9963775077781728,0.48654868126985246,0.011362859544236627,0.009751775108221304,0.9196575685661538,0.9688187820983125,0.07485348162983203,0.8,0.05319148936170213,0.9724137931034482,0.11702127659574468,0.9724137931034482,0.12056737588652482
authguard_seq,F200,7704,2,427,145,0.8280667662620544,0.9963775077781728,0.48654868126985246,0.011362859544236627,0.009751775108221304,0.9065817206613946,0.9497921252139887,0.10502311893971565,0.6896551724137931,0.02127659574468085,0.9103448275862069,0.1595744680851064,0.9172413793103448,0.16666666666666666
authguard_seq,M3+F200,7704,2,427,145,0.8280667662620544,0.9963775077781728,0.48654868126985246,0.011362859544236627,0.009751775108221304,0.9062984047181174,0.9552702372218145,0.10616328275298312,0.6896551724137931,0.028368794326241134,0.896551724137931,0.12056737588652482,0.9103448275862069,0.14184397163120568
flat_cnn,M0,7704,2,427,145,1.4890390634536743,0.9355145053020384,0.9614351059994245,0.7610626746396478,0.3413407071783668,0.9343759994184053,0.964954756664221,0.0698621854792501,0.593103448275862,0.01773049645390071,0.896551724137931,0.06382978723404255,0.9448275862068966,0.1276595744680851
flat_cnn,F200,7704,2,427,145,1.4890390634536743,0.9355145053020384,0.9614351059994245,0.7610626746396478,0.3413407071783668,0.516788327379972,0.6175348495964783,0.2394785280214547,0.08275862068965517,0.0035460992907801418,0.2,0.024822695035460994,0.32413793103448274,0.22340425531914893
flat_cnn,M3+F200,7704,2,427,145,1.4890390634536743,0.9355145053020384,0.9614351059994245,0.7610626746396478,0.3413407071783668,0.48030552962236284,0.5949865492785521,0.24880534908731794,0.08275862068965517,0.0035460992907801418,0.13793103448275862,0.02127659574468085,0.33793103448275863,0.20921985815602837
hist_ngram_xgb,M0,7704,2,427,145,1.1785304546356201,,0.8912988246065189,0.40166170286892633,0.40166170286892633,0.8805628617253134,0.9353876253362681,0.11640303455782812,0.38620689655172413,0.010638297872340425,0.6896551724137931,0.0673758865248227,0.6896551724137931,0.0673758865248227
hist_ngram_xgb,F200,7704,2,427,145,1.1785304546356201,,0.8912988246065189,0.40166170286892633,0.40166170286892633,0.625849440116565,0.7292981168989974,0.2420069197146744,0.034482758620689655,0.0,0.2,0.024822695035460994,0.2,0.024822695035460994
hist_ngram_xgb,M3+F200,7704,2,427,145,1.1785304546356201,,0.8912988246065189,0.40166170286892633,0.40166170286892633,0.6134370625742807,0.7497676693568109,0.2474013646219092,0.020689655172413793,0.0070921985815602835,0.20689655172413793,0.028368794326241134,0.20689655172413793,0.028368794326241134
authguard_seq,M0,7702,3,447,93,1.3286383152008057,0.9810123589207135,0.9450515472276179,0.294791291746628,0.005523380233990859,0.9739981965632731,0.990978676872608,0.028259398723732065,0.5053763440860215,0.0,0.9139784946236559,0.00847457627118644,0.978494623655914,0.1384180790960452
authguard_seq,F200,7702,3,447,93,1.3286383152008057,0.9810123589207135,0.9450515472276179,0.294791291746628,0.005523380233990859,0.9646585085491247,0.979709616669704,0.05420664692168109,0.34408602150537637,0.0,0.7849462365591398,0.0,0.9139784946236559,0.03954802259887006
authguard_seq,M3+F200,7702,3,447,93,1.3286383152008057,0.9810123589207135,0.9450515472276179,0.294791291746628,0.005523380233990859,0.9645397484342898,0.9858149565639998,0.058327785789045815,0.34408602150537637,0.0,0.7311827956989247,0.002824858757062147,0.9139784946236559,0.0423728813559322
flat_cnn,M0,7702,3,447,93,2.3249735832214355,0.9447484009499885,0.8364484011860692,0.6463511436639394,0.5487192333893254,0.8450648197853731,0.9494562906263289,0.07322209280897256,0.41935483870967744,0.014124293785310734,0.6774193548387096,0.0480225988700565,0.7311827956989247,0.05084745762711865
flat_cnn,F200,7702,3,447,93,2.3249735832214355,0.9447484009499885,0.8364484011860692,0.6463511436639394,0.5487192333893254,0.3879732948470781,0.6521171253265294,0.16781078834035498,0.08602150537634409,0.00847457627118644,0.16129032258064516,0.05084745762711865,0.25806451612903225,0.06779661016949153
flat_cnn,M3+F200,7702,3,447,93,2.3249735832214355,0.9447484009499885,0.8364484011860692,0.6463511436639394,0.5487192333893254,0.36159570651329065,0.6463459085110261,0.17300658564930818,0.06451612903225806,0.005649717514124294,0.13978494623655913,0.0480225988700565,0.22580645161290322,0.08192090395480225
hist_ngram_xgb,M0,7702,3,447,93,2.458563804626465,,0.8879302326954823,0.5980496471504075,0.44219805120582417,0.7965814112325201,0.930897272340684,0.0889294357402928,0.053763440860215055,0.0,0.4731182795698925,0.01694915254237288,0.7419354838709677,0.13559322033898305
hist_ngram_xgb,F200,7702,3,447,93,2.458563804626465,,0.8879302326954823,0.5980496471504075,0.44219805120582417,0.4557332005511076,0.7539942895328353,0.14302067509137065,0.0,0.0,0.053763440860215055,0.002824858757062147,0.12903225806451613,0.03389830508474576
hist_ngram_xgb,M3+F200,7702,3,447,93,2.458563804626465,,0.8879302326954823,0.5980496471504075,0.44219805120582417,0.4286627932277707,0.7506530587449122,0.14516270080826363,0.0,0.0,0.010752688172043012,0.014124293785310734,0.16129032258064516,0.031073446327683617
authguard_seq,M0,7703,3,447,93,1.3677085638046265,0.974712096100045,0.9781480226849948,0.8253285288470547,0.21245984407864776,0.9889539792650509,0.9967802685134561,0.019061684637934614,0.43010752688172044,0.0,0.9032258064516129,0.002824858757062147,0.967741935483871,0.05367231638418079
authguard_seq,F200,7703,3,447,93,1.3677085638046265,0.974712096100045,0.9781480226849948,0.8253285288470547,0.21245984407864776,0.9578559658852019,0.9767632586112629,0.0350118474446458,0.08602150537634409,0.0,0.6129032258064516,0.0,0.9354838709677419,0.05649717514124294
authguard_seq,M3+F200,7703,3,447,93,1.3677085638046265,0.974712096100045,0.9781480226849948,0.8253285288470547,0.21245984407864776,0.9482425732088089,0.9791932446388434,0.037423391698912796,0.043010752688172046,0.0,0.6344086021505376,0.002824858757062147,0.9139784946236559,0.07627118644067797
flat_cnn,M0,7703,3,447,93,1.6278351545333862,0.9546424903534116,0.9134404005345669,0.77569272681479,0.4239667779361776,0.8296840517303544,0.9468136808213352,0.07527253410342766,0.34408602150537637,0.005649717514124294,0.46236559139784944,0.02824858757062147,0.8064516129032258,0.07344632768361582
flat_cnn,F200,7703,3,447,93,1.6278351545333862,0.9546424903534116,0.9134404005345669,0.77569272681479,0.4239667779361776,0.4009422424353768,0.6516918777717029,0.16877241834220866,0.08602150537634409,0.00847457627118644,0.11827956989247312,0.022598870056497175,0.34408602150537637,0.13559322033898305
flat_cnn,M3+F200,7703,3,447,93,1.6278351545333862,0.9546424903534116,0.9134404005345669,0.77569272681479,0.4239667779361776,0.33962980750964683,0.6368082133527732,0.1839123598094504,0.053763440860215055,0.002824858757062147,0.10752688172043011,0.02824858757062147,0.23655913978494625,0.14689265536723164
hist_ngram_xgb,M0,7703,3,447,93,2.230961799621582,,0.9249866074224884,0.5650366961004483,0.46073240817744465,0.7909270514592457,0.9177145981410607,0.08792987545408586,0.03225806451612903,0.0,0.5806451612903226,0.01977401129943503,0.6774193548387096,0.0480225988700565
hist_ngram_xgb,F200,7703,3,447,93,2.230961799621582,,0.9249866074224884,0.5650366961004483,0.46073240817744465,0.4776943949037824,0.7638661077698803,0.14029384514209384,0.0,0.0,0.10752688172043011,0.005649717514124294,0.17204301075268819,0.03389830508474576
hist_ngram_xgb,M3+F200,7703,3,447,93,2.230961799621582,,0.9249866074224884,0.5650366961004483,0.46073240817744465,0.4343097280515515,0.748101573415953,0.14358526575235575,0.0,0.0,0.053763440860215055,0.01977401129943503,0.17204301075268819,0.02824858757062147
authguard_seq,M0,7704,3,447,93,1.9444841146469116,0.9726017891009678,0.9629192502163686,0.9285009939932757,0.059332141263539785,0.9843213726074322,0.994684405564668,0.018088102406900338,0.3225806451612903,0.0,0.7311827956989247,0.002824858757062147,0.989247311827957,0.11016949152542373
authguard_seq,F200,7704,3,447,93,1.9444841146469116,0.9726017891009678,0.9629192502163686,0.9285009939932757,0.059332141263539785,0.9647759239229032,0.9821092278719397,0.02867671685906618,0.3118279569892473,0.0,0.6451612903225806,0.002824858757062147,0.967741935483871,0.2570621468926554
authguard_seq,M3+F200,7704,3,447,93,1.9444841146469116,0.9726017891009678,0.9629192502163686,0.9285009939932757,0.059332141263539785,0.959456083201592,0.9753052669947148,0.026676312018505448,0.3763440860215054,0.0,0.6344086021505376,0.002824858757062147,0.956989247311828,0.22598870056497175
flat_cnn,M0,7704,3,447,93,2.396407127380371,0.9405501319578633,0.7269673303238895,0.45926921272342885,0.2439131612398656,0.8834920959041304,0.9568069983597595,0.07094364162124689,0.3118279569892473,0.002824858757062147,0.6129032258064516,0.011299435028248588,0.8172043010752689,0.06779661016949153
flat_cnn,F200,7704,3,447,93,2.396407127380371,0.9405501319578633,0.7269673303238895,0.45926921272342885,0.2439131612398656,0.4264075111664345,0.6574023449365166,0.15254690095993878,0.06451612903225806,0.0,0.1827956989247312,0.031073446327683617,0.3978494623655914,0.1497175141242938
flat_cnn,M3+F200,7704,3,447,93,2.396407127380371,0.9405501319578633,0.7269673303238895,0.45926921272342885,0.2439131612398656,0.38863367732535925,0.6557924791932446,0.1576540867281739,0.053763440860215055,0.0,0.15053763440860216,0.031073446327683617,0.3225806451612903,0.1694915254237288
hist_ngram_xgb,M0,7704,3,447,93,2.3831911087036133,,0.8945402542198537,0.5989471410711756,0.3837016939129283,0.8135102417679559,0.9389769758823887,0.08578955048013814,0.021505376344086023,0.0,0.46236559139784944,0.014124293785310734,0.7849462365591398,0.14124293785310735
hist_ngram_xgb,F200,7704,3,447,93,2.3831911087036133,,0.8945402542198537,0.5989471410711756,0.3837016939129283,0.4370111107615323,0.7449122167547537,0.14463006962544467,0.0,0.0,0.043010752688172046,0.00847457627118644,0.1935483870967742,0.059322033898305086
hist_ngram_xgb,M3+F200,7704,3,447,93,2.3831911087036133,,0.8945402542198537,0.5989471410711756,0.3837016939129283,0.417223337123813,0.7460664601178544,0.14421081748457423,0.0,0.0,0.021505376344086023,0.01694915254237288,0.3118279569892473,0.06497175141242938
authguard_seq,M0,7702,4,424,191,2.398056745529175,0.8553307450199784,0.8867145071877149,0.5110397109626329,0.2597892537179546,0.9645402231214177,0.9774284879671034,0.06183014347609111,0.774869109947644,0.034334763948497854,0.9685863874345549,0.10300429184549356,0.9842931937172775,0.19313304721030042
authguard_seq,F200,7702,4,424,191,2.398056745529175,0.8553307450199784,0.8867145071877149,0.5110397109626329,0.2597892537179546,0.969179982453475,0.9733725816237108,0.07780179587416475,0.08376963350785341,0.0,0.9162303664921466,0.060085836909871244,0.9790575916230366,0.2575107296137339
authguard_seq,M3+F200,7702,4,424,191,2.398056745529175,0.8553307450199784,0.8867145071877149,0.5110397109626329,0.2597892537179546,0.9667487826308276,0.9724288250230321,0.07763392945605543,0.08900523560209424,0.0,0.9267015706806283,0.05150214592274678,0.9842931937172775,0.2446351931330472
flat_cnn,M0,7702,4,424,191,2.223781108856201,0.8361568532847816,0.8304369990520168,0.7138020089344489,0.6021735433893616,0.9293264439664218,0.9574523065860728,0.09210981766389147,0.643979057591623,0.008583690987124463,0.8272251308900523,0.07725321888412018,0.8952879581151832,0.11587982832618025
flat_cnn,F200,7702,4,424,191,2.223781108856201,0.8361568532847816,0.8304369990520168,0.7138020089344489,0.6021735433893616,0.7484580581424807,0.7719928993550996,0.20376159134765842,0.17801047120418848,0.0,0.2356020942408377,0.008583690987124463,0.29842931937172773,0.060085836909871244
flat_cnn,M3+F200,7702,4,424,191,2.223781108856201,0.8361568532847816,0.8304369990520168,0.7138020089344489,0.6021735433893616,0.7612632401182663,0.7783070804215446,0.19830040105944302,0.193717277486911,0.0,0.24607329842931938,0.004291845493562232,0.29842931937172773,0.05150214592274678
hist_ngram_xgb,M0,7702,4,424,191,3.458652973175049,,0.5732812555809721,0.31144241781093607,0.2708837415630493,0.8870682041016738,0.9321618767274117,0.13591503982904082,0.5497382198952879,0.017167381974248927,0.8795811518324608,0.15021459227467812,0.8795811518324608,0.1759656652360515
hist_ngram_xgb,F200,7702,4,424,191,3.458652973175049,,0.5732812555809721,0.31144241781093607,0.2708837415630493,0.7273493774509276,0.7720603105408624,0.23417201914744484,0.08900523560209424,0.012875536480686695,0.5549738219895288,0.15879828326180256,0.6335078534031413,0.2317596566523605
hist_ngram_xgb,M3+F200,7702,4,424,191,3.458652973175049,,0.5732812555809721,0.31144241781093607,0.2708837415630493,0.6826782538354166,0.7523762442981372,0.24105152678797573,0.06806282722513089,0.02575107296137339,0.4869109947643979,0.1759656652360515,0.6492146596858639,0.26609442060085836
authguard_seq,M0,7703,4,424,191,3.5204155445098877,0.7481234010945073,0.8150449764731396,0.4135110644417157,0.2892865043273447,0.9727917618524339,0.9794732939352404,0.07828238006847459,0.5602094240837696,0.008583690987124463,0.8586387434554974,0.06437768240343347,0.9738219895287958,0.09012875536480687
authguard_seq,F200,7703,4,424,191,3.5204155445098877,0.7481234010945073,0.8150449764731396,0.4135110644417157,0.2892865043273447,0.9564174214681438,0.9597105813091252,0.10293326028815768,0.225130890052356,0.0,0.8586387434554974,0.04721030042918455,0.9057591623036649,0.11158798283261803
authguard_seq,M3+F200,7703,4,424,191,3.5204155445098877,0.7481234010945073,0.8150449764731396,0.4135110644417157,0.2892865043273447,0.9521273958390798,0.953733456171494,0.10538789558809372,0.2617801047120419,0.0,0.8534031413612565,0.0944206008583691,0.9267015706806283,0.1759656652360515
flat_cnn,M0,7703,4,424,191,4.723802089691162,0.7916847719505344,0.6704592810103056,0.41515040460907837,0.3609670100757414,0.9562562423986273,0.9737321079477789,0.09620278872336814,0.5916230366492147,0.008583690987124463,0.9267015706806283,0.09871244635193133,0.9685863874345549,0.15021459227467812
flat_cnn,F200,7703,4,424,191,4.723802089691162,0.7916847719505344,0.6704592810103056,0.41515040460907837,0.3609670100757414,0.7585282957989037,0.7796103633462911,0.21586631117461894,0.14659685863874344,0.0,0.3507853403141361,0.0815450643776824,0.43455497382198954,0.12017167381974249
flat_cnn,M3+F200,7703,4,424,191,4.723802089691162,0.7916847719505344,0.6704592810103056,0.41515040460907837,0.3609670100757414,0.7666851837064446,0.776217333662899,0.21468403164584132,0.18324607329842932,0.0,0.33507853403141363,0.04291845493562232,0.41361256544502617,0.1072961373390558
hist_ngram_xgb,M0,7703,4,424,191,3.596757173538208,,0.5850614882986067,0.33011954726983483,0.2959861776477048,0.8844764154832307,0.9364537222209739,0.14012265731785406,0.5235602094240838,0.017167381974248927,0.8586387434554974,0.13733905579399142,0.9057591623036649,0.15021459227467812
hist_ngram_xgb,F200,7703,4,424,191,3.596757173538208,,0.5850614882986067,0.33011954726983483,0.2959861776477048,0.7271815378842067,0.7715434914500146,0.23711398874916675,0.05235602094240838,0.004291845493562232,0.44502617801047123,0.12017167381974249,0.5445026178010471,0.15879828326180256
hist_ngram_xgb,M3+F200,7703,4,424,191,3.596757173538208,,0.5850614882986067,0.33011954726983483,0.2959861776477048,0.6885623813993704,0.7544435206615285,0.24173891298227235,0.05235602094240838,0.004291845493562232,0.450261780104712,0.15879828326180256,0.5392670157068062,0.18454935622317598
authguard_seq,M0,7704,4,424,191,5.04399299621582,0.7482232637389545,0.7599840104443941,0.21543619031649214,0.18698206372543008,0.9691081228466085,0.9802934633620204,0.07052178308038802,0.387434554973822,0.012875536480686695,0.9738219895287958,0.07725321888412018,0.9895287958115183,0.15879828326180256
authguard_seq,F200,7704,4,424,191,5.04399299621582,0.7482232637389545,0.7599840104443941,0.21543619031649214,0.18698206372543008,0.9603476904373812,0.9737995191335417,0.09718585762378398,0.04712041884816754,0.0,0.9424083769633508,0.060085836909871244,0.9685863874345549,0.1072961373390558
authguard_seq,M3+F200,7704,4,424,191,5.04399299621582,0.7482232637389545,0.7599840104443941,0.21543619031649214,0.18698206372543008,0.9645920218450494,0.9738669303193044,0.09409882906218683,0.05235602094240838,0.0,0.9476439790575916,0.07725321888412018,0.9633507853403142,0.11158798283261803
flat_cnn,M0,7704,4,424,191,4.226191520690918,0.80993651216524,0.6108526425605361,0.4778283126208789,0.42918222490925134,0.9246384037680068,0.9488124396108127,0.11839093141584717,0.7225130890052356,0.05150214592274678,0.8219895287958116,0.08583690987124463,0.8900523560209425,0.11158798283261803
flat_cnn,F200,7704,4,424,191,4.226191520690918,0.80993651216524,0.6108526425605361,0.4778283126208789,0.42918222490925134,0.7310493080906271,0.7572298496730557,0.2255328966621529,0.16230366492146597,0.0,0.2356020942408377,0.04291845493562232,0.2670157068062827,0.060085836909871244
flat_cnn,M3+F200,7704,4,424,191,4.226191520690918,0.80993651216524,0.6108526425605361,0.4778283126208789,0.42918222490925134,0.7511918968142153,0.7733411230703547,0.22064273456773137,0.16230366492146597,0.004291845493562232,0.225130890052356,0.02145922746781116,0.2774869109947644,0.03862660944206009
hist_ngram_xgb,M0,7704,4,424,191,3.5843870639801025,,0.6067135912632604,0.3472127296380336,0.29147655318685584,0.8809212074711722,0.9351729096914815,0.14227990591805778,0.39267015706806285,0.017167381974248927,0.8638743455497382,0.14163090128755365,0.8743455497382199,0.1759656652360515
hist_ngram_xgb,F200,7704,4,424,191,3.5843870639801025,,0.6067135912632604,0.3472127296380336,0.29147655318685584,0.731036936275991,0.7808012942947666,0.23430597901296896,0.05235602094240838,0.008583690987124463,0.4607329842931937,0.0944206008583691,0.5706806282722513,0.18025751072961374
hist_ngram_xgb,M3+F200,7704,4,424,191,3.5843870639801025,,0.6067135912632604,0.3472127296380336,0.29147655318685584,0.688747401927974,0.7572972608588185,0.24142646632995968,0.041884816753926704,0.0,0.4083769633507853,0.12446351931330472,0.5497382198952879,0.2145922746781116
