unit_key,model,seed,fold,condition,layout,aggregation,token_budget,reference,best_val_AUPRC,temperature,threshold_01,threshold_05,threshold_10,AUPRC,AUROC,Brier,Recall_01,FPR_01,Recall_05,FPR_05,Recall_10,FPR_10
flat_control_2048:7702:0,flat_control_2048,7702,0,M0,flat,flat,2048,False,0.9007903408128748,1.8704991340637207,0.9118254934315723,0.6069084305884684,0.4442635399245539,0.8143757834036245,0.904079394915861,0.15293947879338493,0.2565789473684211,0.01020408163265306,0.48026315789473684,0.05442176870748299,0.5328947368421053,0.0782312925170068
flat_control_2048:7702:0,flat_control_2048,7702,0,F200,flat,flat,2048,False,0.9007903408128748,1.8704991340637207,0.9118254934315723,0.6069084305884684,0.4442635399245539,0.49235003242962405,0.6393886501969208,0.24773561591072688,0.006578947368421052,0.003401360544217687,0.08552631578947369,0.006802721088435374,0.13157894736842105,0.030612244897959183
flat_control_16384:7702:0,flat_control_16384,7702,0,M0,flat,flat,16384,False,0.9665363955465818,1.160104513168335,0.900689739527382,0.5975893173700468,0.25889718902419645,0.8959504350642702,0.9552788220551378,0.12494193696284675,0.506578947368421,0.013605442176870748,0.5986842105263158,0.017006802721088437,0.6118421052631579,0.023809523809523808
flat_control_16384:7702:0,flat_control_16384,7702,0,F200,flat,flat,16384,False,0.9665363955465818,1.160104513168335,0.900689739527382,0.5975893173700468,0.25889718902419645,0.8416531075578243,0.8739258861439313,0.1621422599959651,0.21710526315789475,0.0,0.3618421052631579,0.006802721088435374,0.4934210526315789,0.027210884353741496
chunk_attention_control_2048:7702:0,chunk_attention_control_2048,7702,0,M0,chunk,attention,2048,False,0.9385256805233605,1.627206802368164,0.9484362738819635,0.4854820938357719,0.2905930067506117,0.7041720197355263,0.6712428392409596,0.18162638884632265,0.375,0.01020408163265306,0.5131578947368421,0.03741496598639456,0.5263157894736842,0.08843537414965986
chunk_attention_control_2048:7702:0,chunk_attention_control_2048,7702,0,F200,chunk,attention,2048,False,0.9385256805233605,1.627206802368164,0.9484362738819635,0.4854820938357719,0.2905930067506117,0.7598922489526804,0.7895408163265307,0.15722072342413004,0.375,0.01020408163265306,0.5460526315789473,0.0782312925170068,0.6447368421052632,0.22448979591836735
chunk_mean_control_16384:7702:0,chunk_mean_control_16384,7702,0,M0,chunk,mean,16384,False,0.8987798112973889,1.8339331150054932,0.7055421237528674,0.37953882759399993,0.26546115613557203,0.7080341770432982,0.6508794307196563,0.18279195448096025,0.3618421052631579,0.006802721088435374,0.4934210526315789,0.05782312925170068,0.5526315789473685,0.0782312925170068
chunk_mean_control_16384:7702:0,chunk_mean_control_16384,7702,0,F200,chunk,mean,16384,False,0.8987798112973889,1.8339331150054932,0.7055421237528674,0.37953882759399993,0.26546115613557203,0.6290902722675636,0.7080200501253133,0.24228364260250104,0.0,0.0,0.1513157894736842,0.01020408163265306,0.26973684210526316,0.04421768707482993
chunk_attention_control_16384:7702:0,chunk_attention_control_16384,7702,0,M0,chunk,attention,16384,False,0.9339535467749249,1.7075793743133545,0.9566653523075662,0.4641959992901236,0.2787616442582424,0.8092410967919912,0.8884376118868601,0.14700937812577175,0.3618421052631579,0.013605442176870748,0.5592105263157895,0.02040816326530612,0.5592105263157895,0.034013605442176874
chunk_attention_control_16384:7702:0,chunk_attention_control_16384,7702,0,F200,chunk,attention,16384,False,0.9339535467749249,1.7075793743133545,0.9566653523075662,0.4641959992901236,0.2787616442582424,0.7551851009940379,0.8239124597207304,0.14681664413768233,0.35526315789473684,0.013605442176870748,0.5526315789473685,0.023809523809523808,0.5657894736842105,0.05102040816326531
authguard_reference_16384:7702:0,authguard_reference_16384,7702,0,M0,chunk,attention,16384,True,0.9519519905996946,2.182542085647583,0.9029991245726856,0.4620781935470092,0.12434834035796294,0.8366300283353988,0.9001857321876119,0.1615807556974035,0.4407894736842105,0.013605442176870748,0.5526315789473685,0.04081632653061224,0.5592105263157895,0.07482993197278912
authguard_reference_16384:7702:0,authguard_reference_16384,7702,0,F200,chunk,attention,16384,True,0.9519519905996946,2.182542085647583,0.9029991245726856,0.4620781935470092,0.12434834035796294,0.7861963840445728,0.8259711779448622,0.1515806055913625,0.4342105263157895,0.01020408163265306,0.5855263157894737,0.04081632653061224,0.6052631578947368,0.1326530612244898
flat_control_2048:7703:0,flat_control_2048,7703,0,M0,flat,flat,2048,False,0.8924607805320814,1.371226191520691,0.9159694034225848,0.7960440504239126,0.6978918588693707,0.8155605369327162,0.8725049230218404,0.1507546033226119,0.3223684210526316,0.013605442176870748,0.5,0.027210884353741496,0.5394736842105263,0.03741496598639456
flat_control_2048:7703:0,flat_control_2048,7703,0,F200,flat,flat,2048,False,0.8924607805320814,1.371226191520691,0.9159694034225848,0.7960440504239126,0.6978918588693707,0.5397199197859399,0.6468626924453991,0.21496445285521457,0.039473684210526314,0.0,0.07236842105263158,0.003401360544217687,0.09210526315789473,0.003401360544217687
flat_control_16384:7703:0,flat_control_16384,7703,0,M0,flat,flat,16384,False,0.9484389338351837,1.5693678855895996,0.9714340848432848,0.6226173260015865,0.4648195522834121,0.9109264340711009,0.9731583422842821,0.061921747929830344,0.4144736842105263,0.013605442176870748,0.5789473684210527,0.030612244897959183,0.9671052631578947,0.03741496598639456
flat_control_16384:7703:0,flat_control_16384,7703,0,F200,flat,flat,16384,False,0.9484389338351837,1.5693678855895996,0.9714340848432848,0.6226173260015865,0.4648195522834121,0.7493247250873282,0.7745255997135696,0.17210472533905002,0.10526315789473684,0.0,0.45394736842105265,0.023809523809523808,0.506578947368421,0.047619047619047616
chunk_attention_control_2048:7703:0,chunk_attention_control_2048,7703,0,M0,chunk,attention,2048,False,0.9149381063465384,2.279475450515747,0.8947025632327401,0.49690449643777024,0.3445066025862683,0.6847399427992578,0.7110745614035088,0.19397363868860248,0.27631578947368424,0.013605442176870748,0.4605263157894737,0.04081632653061224,0.4934210526315789,0.08163265306122448
chunk_attention_control_2048:7703:0,chunk_attention_control_2048,7703,0,F200,chunk,attention,2048,False,0.9149381063465384,2.279475450515747,0.8947025632327401,0.49690449643777024,0.3445066025862683,0.6880784696557602,0.691953097028285,0.1865461787032934,0.29605263157894735,0.017006802721088437,0.5328947368421053,0.10204081632653061,0.5657894736842105,0.22108843537414966
chunk_mean_control_16384:7703:0,chunk_mean_control_16384,7703,0,M0,chunk,mean,16384,False,0.8959025228415759,1.8395943641662598,0.907052109568012,0.6817910506437799,0.5768661764756359,0.7135850059021531,0.6945600608664517,0.17919731561154734,0.2631578947368421,0.003401360544217687,0.48026315789473684,0.034013605442176874,0.5460526315789473,0.061224489795918366
chunk_mean_control_16384:7703:0,chunk_mean_control_16384,7703,0,F200,chunk,mean,16384,False,0.8959025228415759,1.8395943641662598,0.907052109568012,0.6817910506437799,0.5768661764756359,0.6966939652075913,0.7604949874686716,0.19533035991891376,0.0,0.0,0.05263157894736842,0.0,0.14473684210526316,0.003401360544217687
chunk_attention_control_16384:7703:0,chunk_attention_control_16384,7703,0,M0,chunk,attention,16384,False,0.9524979598846419,1.9050121307373047,0.903808676176384,0.4995554490698107,0.19714915257836707,0.7170363622259964,0.7645564804869317,0.18655476387901443,0.39473684210526316,0.01020408163265306,0.5197368421052632,0.05442176870748299,0.5460526315789473,0.09183673469387756
chunk_attention_control_16384:7703:0,chunk_attention_control_16384,7703,0,F200,chunk,attention,16384,False,0.9524979598846419,1.9050121307373047,0.903808676176384,0.4995554490698107,0.19714915257836707,0.7426201548443541,0.7919351951306839,0.16807079825756294,0.40131578947368424,0.01020408163265306,0.5131578947368421,0.05442176870748299,0.5855263157894737,0.12244897959183673
authguard_reference_16384:7703:0,authguard_reference_16384,7703,0,M0,chunk,attention,16384,True,0.9550198496046602,2.0070340633392334,0.8962134299171127,0.6863707978340641,0.05334802544164372,0.8452295564356233,0.9309322413175797,0.16867747766659003,0.4276315789473684,0.017006802721088437,0.4868421052631579,0.02040816326530612,0.5723684210526315,0.05442176870748299
authguard_reference_16384:7703:0,authguard_reference_16384,7703,0,F200,chunk,attention,16384,True,0.9550198496046602,2.0070340633392334,0.8962134299171127,0.6863707978340641,0.05334802544164372,0.8239609902136763,0.8688909774436091,0.17420191986854008,0.3026315789473684,0.006802721088435374,0.4407894736842105,0.01020408163265306,0.5789473684210527,0.05782312925170068
flat_control_2048:7704:0,flat_control_2048,7704,0,M0,flat,flat,2048,False,0.9013136058812041,1.7362475395202637,0.840204188987657,0.737983229370073,0.5130382804097807,0.8641123887140291,0.9276875223773721,0.10336334851912862,0.40131578947368424,0.01020408163265306,0.48026315789473684,0.02040816326530612,0.5263157894736842,0.05782312925170068
flat_control_2048:7704:0,flat_control_2048,7704,0,F200,flat,flat,2048,False,0.9013136058812041,1.7362475395202637,0.840204188987657,0.737983229370073,0.5130382804097807,0.6107342044747488,0.7015529896168993,0.2040115801965711,0.03289473684210526,0.003401360544217687,0.046052631578947366,0.006802721088435374,0.20394736842105263,0.027210884353741496
flat_control_16384:7704:0,flat_control_16384,7704,0,M0,flat,flat,16384,False,0.9549816299141348,1.8750592470169067,0.9661970065674665,0.2985208666011,0.17738562256300686,0.8824047851074629,0.947267722878625,0.12048447360414782,0.2565789473684211,0.013605442176870748,0.5789473684210527,0.030612244897959183,0.5986842105263158,0.08163265306122448
flat_control_16384:7704:0,flat_control_16384,7704,0,F200,flat,flat,16384,False,0.9549816299141348,1.8750592470169067,0.9661970065674665,0.2985208666011,0.17738562256300686,0.813452128053443,0.8744629430719656,0.15599071170345286,0.09210526315789473,0.0,0.5394736842105263,0.05442176870748299,0.6381578947368421,0.14625850340136054
chunk_attention_control_2048:7704:0,chunk_attention_control_2048,7704,0,M0,chunk,attention,2048,False,0.9020993048839299,2.6022121906280518,0.9209823083401631,0.7995694742482051,0.5476419163910485,0.7053337432829174,0.7018327067669173,0.1893016252165091,0.3881578947368421,0.01020408163265306,0.5,0.05782312925170068,0.5394736842105263,0.09863945578231292
chunk_attention_control_2048:7704:0,chunk_attention_control_2048,7704,0,F200,chunk,attention,2048,False,0.9020993048839299,2.6022121906280518,0.9209823083401631,0.7995694742482051,0.5476419163910485,0.7350877998249391,0.7256310418904403,0.1707564389116815,0.3881578947368421,0.013605442176870748,0.5197368421052632,0.02040816326530612,0.5855263157894737,0.09523809523809523
chunk_mean_control_16384:7704:0,chunk_mean_control_16384,7704,0,M0,chunk,mean,16384,False,0.9178157113027872,1.4675801992416382,0.8494383602748219,0.4809348814391115,0.25728886759761804,0.7303698220050756,0.6847140171858216,0.16952516260620196,0.24342105263157895,0.0,0.5131578947368421,0.03741496598639456,0.5789473684210527,0.05102040816326531
chunk_mean_control_16384:7704:0,chunk_mean_control_16384,7704,0,F200,chunk,mean,16384,False,0.9178157113027872,1.4675801992416382,0.8494383602748219,0.4809348814391115,0.25728886759761804,0.6374047048001316,0.7086018617973504,0.2425932010191233,0.0,0.0,0.1513157894736842,0.003401360544217687,0.2894736842105263,0.013605442176870748
chunk_attention_control_16384:7704:0,chunk_attention_control_16384,7704,0,M0,chunk,attention,16384,False,0.9423855440968212,1.8863047361373901,0.9730522097373556,0.4007436691607653,0.24265917200609238,0.7678698828209106,0.7923491765127103,0.1510010436762068,0.27631578947368424,0.003401360544217687,0.5723684210526315,0.030612244897959183,0.5789473684210527,0.05442176870748299
chunk_attention_control_16384:7704:0,chunk_attention_control_16384,7704,0,F200,chunk,attention,16384,False,0.9423855440968212,1.8863047361373901,0.9730522097373556,0.4007436691607653,0.24265917200609238,0.7750466365754973,0.8054511278195488,0.14261687624462077,0.23026315789473684,0.003401360544217687,0.5657894736842105,0.04421768707482993,0.5789473684210527,0.07482993197278912
authguard_reference_16384:7704:0,authguard_reference_16384,7704,0,M0,chunk,attention,16384,True,0.9522902468727409,2.255960702896118,0.9275489442699814,0.32556442818276754,0.1163086113883403,0.8535560133771033,0.9129408342284282,0.1508930961257286,0.39473684210526316,0.013605442176870748,0.5526315789473685,0.03741496598639456,0.5592105263157895,0.06462585034013606
authguard_reference_16384:7704:0,authguard_reference_16384,7704,0,F200,chunk,attention,16384,True,0.9522902468727409,2.255960702896118,0.9275489442699814,0.32556442818276754,0.1163086113883403,0.7837032556011034,0.8282984246330112,0.1522977903899833,0.27631578947368424,0.003401360544217687,0.5460526315789473,0.027210884353741496,0.618421052631579,0.1054421768707483
flat_control_2048:7702:1,flat_control_2048,7702,1,M0,flat,flat,2048,False,0.9169938002602582,1.235519528388977,0.9015335795170392,0.4280948346794313,0.2638155338596452,0.8786100831682253,0.9330821917808219,0.09689948634254587,0.3424657534246575,0.006666666666666667,0.7876712328767124,0.12333333333333334,0.8904109589041096,0.17333333333333334
flat_control_2048:7702:1,flat_control_2048,7702,1,F200,flat,flat,2048,False,0.9169938002602582,1.235519528388977,0.9015335795170392,0.4280948346794313,0.2638155338596452,0.5242802499364638,0.6700228310502282,0.2427135435216459,0.0684931506849315,0.0033333333333333335,0.19863013698630136,0.04666666666666667,0.2671232876712329,0.09333333333333334
flat_control_16384:7702:1,flat_control_16384,7702,1,M0,flat,flat,16384,False,0.9551889679855985,0.9964497685432434,0.9766197136669721,0.8149771301031296,0.28714084787770633,0.9102636332591364,0.9654908675799087,0.05621787318920666,0.4863013698630137,0.013333333333333334,0.8698630136986302,0.05,0.9657534246575342,0.09333333333333334
flat_control_16384:7702:1,flat_control_16384,7702,1,F200,flat,flat,16384,False,0.9551889679855985,0.9964497685432434,0.9766197136669721,0.8149771301031296,0.28714084787770633,0.8904545148758728,0.9412100456621004,0.08513216170967178,0.15753424657534246,0.0033333333333333335,0.6506849315068494,0.03333333333333333,0.8972602739726028,0.14666666666666667
chunk_attention_control_2048:7702:1,chunk_attention_control_2048,7702,1,M0,chunk,attention,2048,False,0.941236355193072,1.8877720832824707,0.9434688130446587,0.2501031677473472,0.1176945836613752,0.9222961860309762,0.9533561643835617,0.060436916556315855,0.4794520547945205,0.01,0.9246575342465754,0.08333333333333333,0.9315068493150684,0.15
chunk_attention_control_2048:7702:1,chunk_attention_control_2048,7702,1,F200,chunk,attention,2048,False,0.941236355193072,1.8877720832824707,0.9434688130446587,0.2501031677473472,0.1176945836613752,0.9215130427226494,0.9630821917808219,0.04952306652747111,0.4452054794520548,0.01,0.958904109589041,0.12333333333333334,0.958904109589041,0.2966666666666667
chunk_mean_control_16384:7702:1,chunk_mean_control_16384,7702,1,M0,chunk,mean,16384,False,0.9163795526091135,0.9552019834518433,0.9856902775915444,0.6042601884710944,0.5123356263226566,0.8825122005761195,0.9389497716894978,0.08768151503998435,0.2054794520547945,0.0033333333333333335,0.7945205479452054,0.08333333333333333,0.8561643835616438,0.1
chunk_mean_control_16384:7702:1,chunk_mean_control_16384,7702,1,F200,chunk,mean,16384,False,0.9163795526091135,0.9552019834518433,0.9856902775915444,0.6042601884710944,0.5123356263226566,0.6945867077878731,0.8286986301369863,0.18457523317491964,0.0,0.0,0.1643835616438356,0.02,0.2465753424657534,0.03
chunk_attention_control_16384:7702:1,chunk_attention_control_16384,7702,1,M0,chunk,attention,16384,False,0.9436187567120417,1.702605128288269,0.9143876473522022,0.34548461838729255,0.1615983662520296,0.9208829764276663,0.9581963470319634,0.06466877099423099,0.726027397260274,0.02,0.8424657534246576,0.06333333333333334,0.9246575342465754,0.12
chunk_attention_control_16384:7702:1,chunk_attention_control_16384,7702,1,F200,chunk,attention,16384,False,0.9436187567120417,1.702605128288269,0.9143876473522022,0.34548461838729255,0.1615983662520296,0.9045517084627942,0.94986301369863,0.07067656910450743,0.6917808219178082,0.02,0.8904109589041096,0.10333333333333333,0.958904109589041,0.20333333333333334
authguard_reference_16384:7702:1,authguard_reference_16384,7702,1,M0,chunk,attention,16384,True,0.9512945773014536,1.7876911163330078,0.9490995809288135,0.1623888731042625,0.052316157671724844,0.9287530160753922,0.9764383561643836,0.04155340182763991,0.3972602739726027,0.01,0.9657534246575342,0.06666666666666667,0.9657534246575342,0.12666666666666668
authguard_reference_16384:7702:1,authguard_reference_16384,7702,1,F200,chunk,attention,16384,True,0.9512945773014536,1.7876911163330078,0.9490995809288135,0.1623888731042625,0.052316157671724844,0.9155995562382145,0.9608219178082191,0.0678972380701908,0.4726027397260274,0.013333333333333334,0.9383561643835616,0.12333333333333334,0.9657534246575342,0.17666666666666667
flat_control_2048:7703:1,flat_control_2048,7703,1,M0,flat,flat,2048,False,0.9115821918536731,1.2328953742980957,0.9030244849046847,0.39163339534774655,0.27954111946185634,0.8997414122400618,0.9481506849315069,0.0851773149314705,0.363013698630137,0.01,0.821917808219178,0.08333333333333333,0.8835616438356164,0.15
flat_control_2048:7703:1,flat_control_2048,7703,1,F200,flat,flat,2048,False,0.9115821918536731,1.2328953742980957,0.9030244849046847,0.39163339534774655,0.27954111946185634,0.5420148282937223,0.6635388127853881,0.2360528717666287,0.0273972602739726,0.0,0.2054794520547945,0.043333333333333335,0.2465753424657534,0.09666666666666666
flat_control_16384:7703:1,flat_control_16384,7703,1,M0,flat,flat,16384,False,0.9647582425157679,0.9693924188613892,0.9270926281341578,0.5138096545424958,0.14851172460612316,0.9391767387881829,0.9738356164383563,0.057003657883802406,0.5342465753424658,0.013333333333333334,0.9315068493150684,0.07,0.958904109589041,0.13
flat_control_16384:7703:1,flat_control_16384,7703,1,F200,flat,flat,16384,False,0.9647582425157679,0.9693924188613892,0.9270926281341578,0.5138096545424958,0.14851172460612316,0.8208304459942318,0.8907990867579909,0.14025924781536941,0.2602739726027397,0.0033333333333333335,0.5342465753424658,0.04666666666666667,0.7328767123287672,0.16333333333333333
chunk_attention_control_2048:7703:1,chunk_attention_control_2048,7703,1,M0,chunk,attention,2048,False,0.9411007360690251,1.4302772283554077,0.9234955173048072,0.3463551120797984,0.1751651586907442,0.932075545766067,0.9731735159817352,0.056622559843060354,0.5958904109589042,0.013333333333333334,0.9452054794520548,0.1,0.958904109589041,0.15
chunk_attention_control_2048:7703:1,chunk_attention_control_2048,7703,1,F200,chunk,attention,2048,False,0.9411007360690251,1.4302772283554077,0.9234955173048072,0.3463551120797984,0.1751651586907442,0.9292046811695732,0.9659817351598173,0.061319242038962815,0.5821917808219178,0.01,0.9178082191780822,0.09333333333333334,0.952054794520548,0.17
chunk_mean_control_16384:7703:1,chunk_mean_control_16384,7703,1,M0,chunk,mean,16384,False,0.9394061799732734,1.2387181520462036,0.9577149234837228,0.41658428597720554,0.2842828278419921,0.9088844458763098,0.9678538812785389,0.06316917112546178,0.4657534246575342,0.013333333333333334,0.9931506849315068,0.09666666666666666,0.9931506849315068,0.12333333333333334
chunk_mean_control_16384:7703:1,chunk_mean_control_16384,7703,1,F200,chunk,mean,16384,False,0.9394061799732734,1.2387181520462036,0.9577149234837228,0.41658428597720554,0.2842828278419921,0.7272650230250718,0.8473059360730594,0.17959540064130866,0.0273972602739726,0.0,0.3904109589041096,0.05333333333333334,0.4794520547945205,0.08333333333333333
chunk_attention_control_16384:7703:1,chunk_attention_control_16384,7703,1,M0,chunk,attention,16384,False,0.9653309208608999,1.705525279045105,0.9625500957132711,0.21305422338543947,0.10007078277833242,0.9399982207414067,0.973538812785388,0.045914433562207806,0.589041095890411,0.016666666666666666,0.952054794520548,0.09,0.9657534246575342,0.16666666666666666
chunk_attention_control_16384:7703:1,chunk_attention_control_16384,7703,1,F200,chunk,attention,16384,False,0.9653309208608999,1.705525279045105,0.9625500957132711,0.21305422338543947,0.10007078277833242,0.9259976413300207,0.961986301369863,0.06355885547954254,0.547945205479452,0.02,0.9657534246575342,0.12,0.9657534246575342,0.26
authguard_reference_16384:7703:1,authguard_reference_16384,7703,1,M0,chunk,attention,16384,True,0.9496924376140468,1.4699057340621948,0.8781333118040795,0.07627882986127042,0.05016378879018719,0.9186858946367334,0.9682420091324201,0.046134446260661315,0.6643835616438356,0.016666666666666666,0.952054794520548,0.06666666666666667,0.952054794520548,0.08
authguard_reference_16384:7703:1,authguard_reference_16384,7703,1,F200,chunk,attention,16384,True,0.9496924376140468,1.4699057340621948,0.8781333118040795,0.07627882986127042,0.05016378879018719,0.9129988892416051,0.9605479452054796,0.056086379868939364,0.4520547945205479,0.016666666666666666,0.952054794520548,0.08333333333333333,0.952054794520548,0.10666666666666667
flat_control_2048:7704:1,flat_control_2048,7704,1,M0,flat,flat,2048,False,0.8962267481794789,1.220799207687378,0.9833921666410014,0.6415464320938864,0.4283540854539461,0.8812976618787483,0.9325342465753425,0.10197794042924113,0.4041095890410959,0.013333333333333334,0.815068493150685,0.09333333333333334,0.8698630136986302,0.15333333333333332
flat_control_2048:7704:1,flat_control_2048,7704,1,F200,flat,flat,2048,False,0.8962267481794789,1.220799207687378,0.9833921666410014,0.6415464320938864,0.4283540854539461,0.551006634761271,0.6629680365296804,0.21075581711103075,0.0821917808219178,0.0033333333333333335,0.2876712328767123,0.07333333333333333,0.3835616438356164,0.16
flat_control_16384:7704:1,flat_control_16384,7704,1,M0,flat,flat,16384,False,0.9526123193650584,0.8392226099967957,0.972466384791772,0.2788367911004763,0.12224524677923379,0.9183643199254454,0.9611643835616438,0.07797040612136026,0.3972602739726027,0.006666666666666667,0.8767123287671232,0.08333333333333333,0.9657534246575342,0.15333333333333332
flat_control_16384:7704:1,flat_control_16384,7704,1,F200,flat,flat,16384,False,0.9526123193650584,0.8392226099967957,0.972466384791772,0.2788367911004763,0.12224524677923379,0.8157499832611361,0.8861872146118722,0.14966564808602792,0.13013698630136986,0.0033333333333333335,0.6301369863013698,0.06666666666666667,0.726027397260274,0.12333333333333334
chunk_attention_control_2048:7704:1,chunk_attention_control_2048,7704,1,M0,chunk,attention,2048,False,0.95493751954511,1.5359010696411133,0.8916793017233582,0.260783608155867,0.1308136499096258,0.919598541578477,0.9665753424657535,0.06060261866351972,0.5958904109589042,0.013333333333333334,0.958904109589041,0.09666666666666666,0.9657534246575342,0.14666666666666667
chunk_attention_control_2048:7704:1,chunk_attention_control_2048,7704,1,F200,chunk,attention,2048,False,0.95493751954511,1.5359010696411133,0.8916793017233582,0.260783608155867,0.1308136499096258,0.9209292136777514,0.9692465753424657,0.05628453216567342,0.6027397260273972,0.01,0.958904109589041,0.10666666666666667,0.9794520547945206,0.23
chunk_mean_control_16384:7704:1,chunk_mean_control_16384,7704,1,M0,chunk,mean,16384,False,0.9163701360675099,1.7029293775558472,0.9851094611537383,0.49187399899957535,0.3671242118969044,0.8861900959245924,0.9448173515981735,0.07567703156820069,0.0821917808219178,0.006666666666666667,0.8287671232876712,0.07,0.958904109589041,0.09333333333333334
chunk_mean_control_16384:7704:1,chunk_mean_control_16384,7704,1,F200,chunk,mean,16384,False,0.9163701360675099,1.7029293775558472,0.9851094611537383,0.49187399899957535,0.3671242118969044,0.7233363259902172,0.8509132420091323,0.17078073936996926,0.0,0.0,0.3082191780821918,0.03333333333333333,0.4315068493150685,0.06333333333333334
chunk_attention_control_16384:7704:1,chunk_attention_control_16384,7704,1,M0,chunk,attention,16384,False,0.9322972542916775,1.9850525856018066,0.9238154696668868,0.3037096198868334,0.10597658751074943,0.9216705228388826,0.9707534246575342,0.055864449477671184,0.4726027397260274,0.006666666666666667,0.958904109589041,0.07,0.9657534246575342,0.13
chunk_attention_control_16384:7704:1,chunk_attention_control_16384,7704,1,F200,chunk,attention,16384,False,0.9322972542916775,1.9850525856018066,0.9238154696668868,0.3037096198868334,0.10597658751074943,0.9044638999511194,0.9537442922374428,0.07283082401830908,0.4726027397260274,0.01,0.8561643835616438,0.08666666666666667,0.958904109589041,0.21
authguard_reference_16384:7704:1,authguard_reference_16384,7704,1,M0,chunk,attention,16384,True,0.9758775167595553,1.6611558198928833,0.9518384922579408,0.1377457872873779,0.05502041792870438,0.9382814099751928,0.9678310502283105,0.03998061270306319,0.6301369863013698,0.02,0.9657534246575342,0.08,0.9657534246575342,0.17666666666666667
authguard_reference_16384:7704:1,authguard_reference_16384,7704,1,F200,chunk,attention,16384,True,0.9758775167595553,1.6611558198928833,0.9518384922579408,0.1377457872873779,0.05502041792870438,0.8912170949733679,0.9334018264840184,0.09176889076279675,0.410958904109589,0.013333333333333334,0.815068493150685,0.07333333333333333,0.8835616438356164,0.12333333333333334
flat_control_2048:7702:2,flat_control_2048,7702,2,M0,flat,flat,2048,False,0.7988200775538596,1.975703477859497,0.8552426974059784,0.7558706521016608,0.7558706521016608,0.9343819905165723,0.9634874052335535,0.12065273243046293,0.6275862068965518,0.014184397163120567,0.6689655172413793,0.03546099290780142,0.6689655172413793,0.03546099290780142
flat_control_2048:7702:2,flat_control_2048,7702,2,F200,flat,flat,2048,False,0.7988200775538596,1.975703477859497,0.8552426974059784,0.7558706521016608,0.7558706521016608,0.47082770217148034,0.5998288089997554,0.24750299524797315,0.0896551724137931,0.014184397163120567,0.12413793103448276,0.0425531914893617,0.12413793103448276,0.0425531914893617
flat_control_16384:7702:2,flat_control_16384,7702,2,M0,flat,flat,16384,False,0.9794216506628004,1.213297963142395,0.8209212895582321,0.6280824709008954,0.21250641731624972,0.9566530521286689,0.9799951088285644,0.047536104854266424,0.8068965517241379,0.024822695035460994,0.8551724137931035,0.04609929078014184,0.9862068965517241,0.10638297872340426
flat_control_16384:7702:2,flat_control_16384,7702,2,F200,flat,flat,16384,False,0.9794216506628004,1.213297963142395,0.8209212895582321,0.6280824709008954,0.21250641731624972,0.7961449247022503,0.8403277084861823,0.1683901573047911,0.3586206896551724,0.014184397163120567,0.4413793103448276,0.031914893617021274,0.593103448275862,0.0673758865248227
chunk_attention_control_2048:7702:2,chunk_attention_control_2048,7702,2,M0,chunk,attention,2048,False,0.9909798823911824,0.8804948925971985,0.4553976413841677,0.0717265429732384,0.032282503119692794,0.972000215638524,0.9833700171191,0.05300161064430858,0.8896551724137931,0.0425531914893617,0.9655172413793104,0.10638297872340426,0.9724137931034482,0.1524822695035461
chunk_attention_control_2048:7702:2,chunk_attention_control_2048,7702,2,F200,chunk,attention,2048,False,0.9909798823911824,0.8804948925971985,0.4553976413841677,0.0717265429732384,0.032282503119692794,0.9389721064956846,0.9575690877965273,0.08615111347280699,0.7793103448275862,0.0425531914893617,0.8344827586206897,0.09219858156028368,0.8827586206896552,0.13120567375886524
chunk_mean_control_16384:7702:2,chunk_mean_control_16384,7702,2,M0,chunk,mean,16384,False,0.9776746807991881,1.5104643106460571,0.7367958374693568,0.3399025786284394,0.33244193596460697,0.9172197225544548,0.9497187576424554,0.08160409389911187,0.7931034482758621,0.07092198581560284,0.9103448275862069,0.1702127659574468,0.9103448275862069,0.18439716312056736
chunk_mean_control_16384:7702:2,chunk_mean_control_16384,7702,2,F200,chunk,mean,16384,False,0.9776746807991881,1.5104643106460571,0.7367958374693568,0.3399025786284394,0.33244193596460697,0.767843397996217,0.8535094155050134,0.18953898045068443,0.11724137931034483,0.0,0.4,0.0425531914893617,0.41379310344827586,0.04609929078014184
chunk_attention_control_16384:7702:2,chunk_attention_control_16384,7702,2,M0,chunk,attention,16384,False,0.9924835819070286,0.6117453575134277,0.21045140702354098,0.034146691056358786,0.013906172957791089,0.9685881649169622,0.9811934458302765,0.03669227812963739,0.9517241379310345,0.024822695035460994,0.9517241379310345,0.08865248226950355,0.9517241379310345,0.10283687943262411
chunk_attention_control_16384:7702:2,chunk_attention_control_16384,7702,2,F200,chunk,attention,16384,False,0.9924835819070286,0.6117453575134277,0.21045140702354098,0.034146691056358786,0.013906172957791089,0.9639426837321665,0.9761555392516508,0.04917910074829601,0.9379310344827586,0.031914893617021274,0.9517241379310345,0.07801418439716312,0.9586206896551724,0.13829787234042554
authguard_reference_16384:7702:2,authguard_reference_16384,7702,2,M0,chunk,attention,16384,True,0.9934937605052027,1.113694667816162,0.6935497930081076,0.015789485006456133,0.005322389964538212,0.8796160714932655,0.9560528246515041,0.07639317030977269,0.8551724137931035,0.06382978723404255,0.9724137931034482,0.09574468085106383,0.9724137931034482,0.15602836879432624
authguard_reference_16384:7702:2,authguard_reference_16384,7702,2,F200,chunk,attention,16384,True,0.9934937605052027,1.113694667816162,0.6935497930081076,0.015789485006456133,0.005322389964538212,0.8666946831795702,0.93680606505258,0.1147530181112448,0.7379310344827587,0.0673758865248227,0.896551724137931,0.1773049645390071,0.9241379310344827,0.22695035460992907
flat_control_2048:7703:2,flat_control_2048,7703,2,M0,flat,flat,2048,False,0.8425903084540299,2.080235481262207,0.830633267919999,0.7772672230437372,0.7772672230437372,0.9219700683863579,0.958791880655417,0.11850344771169301,0.6551724137931034,0.024822695035460994,0.7103448275862069,0.03900709219858156,0.7103448275862069,0.03900709219858156
flat_control_2048:7703:2,flat_control_2048,7703,2,F200,flat,flat,2048,False,0.8425903084540299,2.080235481262207,0.830633267919999,0.7772672230437372,0.7772672230437372,0.46658315770113834,0.5778429933969186,0.2470329193114984,0.07586206896551724,0.010638297872340425,0.0896551724137931,0.02127659574468085,0.0896551724137931,0.02127659574468085
flat_control_16384:7703:2,flat_control_16384,7703,2,M0,flat,flat,16384,False,0.9816431225959552,1.3756084442138672,0.5816474488867569,0.08563047062055107,0.024671925946212567,0.9399121332369667,0.9734653949620935,0.04595860205358874,0.9379310344827586,0.04964539007092199,0.9862068965517241,0.11347517730496454,0.9862068965517241,0.1773049645390071
flat_control_16384:7703:2,flat_control_16384,7703,2,F200,flat,flat,16384,False,0.9816431225959552,1.3756084442138672,0.5816474488867569,0.08563047062055107,0.024671925946212567,0.7260884830613137,0.792516507703595,0.19923266535803622,0.38620689655172413,0.0425531914893617,0.5517241379310345,0.14893617021276595,0.7379310344827587,0.2872340425531915
chunk_attention_control_2048:7703:2,chunk_attention_control_2048,7703,2,M0,chunk,attention,2048,False,0.9791951970483014,0.7269400954246521,0.6056490642378799,0.18165696971759548,0.1555564287060058,0.970879311409606,0.984323795549034,0.046843402364221694,0.8689655172413793,0.03546099290780142,0.9586206896551724,0.07092198581560284,0.9586206896551724,0.09574468085106383
chunk_attention_control_2048:7703:2,chunk_attention_control_2048,7703,2,F200,chunk,attention,2048,False,0.9791951970483014,0.7269400954246521,0.6056490642378799,0.18165696971759548,0.1555564287060058,0.9647592094480673,0.9774516996820738,0.04457418385923524,0.8620689655172413,0.02127659574468085,0.9517241379310345,0.08865248226950355,0.9586206896551724,0.09219858156028368
chunk_mean_control_16384:7703:2,chunk_mean_control_16384,7703,2,M0,chunk,mean,16384,False,0.9687728197143003,1.396801233291626,0.7666283615515731,0.28351374783726585,0.15324955905269494,0.8783038777538319,0.9427732942039618,0.0803673730280751,0.6620689655172414,0.05319148936170213,0.9448275862068966,0.2127659574468085,0.9793103448275862,0.24468085106382978
chunk_mean_control_16384:7703:2,chunk_mean_control_16384,7703,2,F200,chunk,mean,16384,False,0.9687728197143003,1.396801233291626,0.7666283615515731,0.28351374783726585,0.15324955905269494,0.751774958628134,0.8547322083639031,0.17619947535516486,0.08275862068965517,0.010638297872340425,0.5517241379310345,0.07446808510638298,0.7310344827586207,0.19858156028368795
chunk_attention_control_16384:7703:2,chunk_attention_control_16384,7703,2,M0,chunk,attention,16384,False,0.9936912322960901,0.5797779560089111,0.3391577955902253,0.09461207052064277,0.058814997345744476,0.9794937721675268,0.9906823184152604,0.03554711153522011,0.9517241379310345,0.024822695035460994,0.9724137931034482,0.05673758865248227,0.9724137931034482,0.06382978723404255
chunk_attention_control_16384:7703:2,chunk_attention_control_16384,7703,2,F200,chunk,attention,16384,False,0.9936912322960901,0.5797779560089111,0.3391577955902253,0.09461207052064277,0.058814997345744476,0.9684383955456383,0.983492296404989,0.05258221018123208,0.8689655172413793,0.028368794326241134,0.9448275862068966,0.07092198581560284,0.9517241379310345,0.09219858156028368
authguard_reference_16384:7703:2,authguard_reference_16384,7703,2,M0,chunk,attention,16384,True,0.9931167501910455,1.1704258918762207,0.832700776327539,0.20989099563972968,0.005762892653140107,0.8240059287826964,0.9550012227928588,0.08127518851871195,0.7241379310344828,0.04964539007092199,0.8896551724137931,0.06382978723404255,0.9793103448275862,0.0851063829787234
authguard_reference_16384:7703:2,authguard_reference_16384,7703,2,F200,chunk,attention,16384,True,0.9931167501910455,1.1704258918762207,0.832700776327539,0.20989099563972968,0.005762892653140107,0.8262026441528103,0.9372218146246025,0.12852337680293877,0.6689655172413793,0.05673758865248227,0.7586206896551724,0.08156028368794327,0.8827586206896552,0.14184397163120568
flat_control_2048:7704:2,flat_control_2048,7704,2,M0,flat,flat,2048,False,0.8827186751626473,1.3651732206344604,0.816699130431582,0.7038912242040501,0.6081807869099205,0.8961812077993994,0.9430912203472732,0.0871782460886983,0.5241379310344828,0.031914893617021274,0.6206896551724138,0.04609929078014184,0.8344827586206897,0.05673758865248227
flat_control_2048:7704:2,flat_control_2048,7704,2,F200,flat,flat,2048,False,0.8827186751626473,1.3651732206344604,0.816699130431582,0.7038912242040501,0.6081807869099205,0.47315389178174067,0.5830031792614331,0.2400854928890523,0.0896551724137931,0.014184397163120567,0.15172413793103448,0.0425531914893617,0.18620689655172415,0.06382978723404255
flat_control_16384:7704:2,flat_control_16384,7704,2,M0,flat,flat,16384,False,0.9771164370795126,1.1515789031982422,0.3309588612502944,0.09275928892256113,0.036064808861838174,0.9540397416353416,0.9817314746881878,0.05753656234450776,0.8620689655172413,0.04609929078014184,0.9862068965517241,0.07092198581560284,0.9862068965517241,0.09574468085106383
flat_control_16384:7704:2,flat_control_16384,7704,2,F200,flat,flat,16384,False,0.9771164370795126,1.1515789031982422,0.3309588612502944,0.09275928892256113,0.036064808861838174,0.7959744944073374,0.8422841770604059,0.1931163341932424,0.42758620689655175,0.031914893617021274,0.5724137931034483,0.05673758865248227,0.696551724137931,0.08865248226950355
chunk_attention_control_2048:7704:2,chunk_attention_control_2048,7704,2,M0,chunk,attention,2048,False,0.996320115568095,0.5661433935165405,0.4448416530137145,0.03913594908400014,0.02218717166059926,0.9663564970438461,0.980753240401076,0.05219963389340003,0.8689655172413793,0.03546099290780142,0.9310344827586207,0.07801418439716312,0.9517241379310345,0.0851063829787234
chunk_attention_control_2048:7704:2,chunk_attention_control_2048,7704,2,F200,chunk,attention,2048,False,0.996320115568095,0.5661433935165405,0.4448416530137145,0.03913594908400014,0.02218717166059926,0.9465668359510301,0.9647346539496209,0.07467942046796948,0.8689655172413793,0.08156028368794327,0.9310344827586207,0.1773049645390071,0.9310344827586207,0.19148936170212766
chunk_mean_control_16384:7704:2,chunk_mean_control_16384,7704,2,M0,chunk,mean,16384,False,0.9667777560715463,1.4427887201309204,0.7092371603515273,0.18446048769166656,0.18301510353661596,0.907499571742782,0.949180728784544,0.08212588859046305,0.6827586206896552,0.028368794326241134,0.903448275862069,0.11702127659574468,0.903448275862069,0.11702127659574468
chunk_mean_control_16384:7704:2,chunk_mean_control_16384,7704,2,F200,chunk,mean,16384,False,0.9667777560715463,1.4427887201309204,0.7092371603515273,0.18446048769166656,0.18301510353661596,0.7432725043042395,0.858889704084128,0.24638648403759794,0.041379310344827586,0.0035460992907801418,0.35172413793103446,0.03900709219858156,0.35172413793103446,0.03900709219858156
chunk_attention_control_16384:7704:2,chunk_attention_control_16384,7704,2,M0,chunk,attention,16384,False,0.9859951627278023,0.7738468050956726,0.12658935992181772,0.07216444672863113,0.05109554668943214,0.9560008586384864,0.9793837123991196,0.049602344627253055,0.9379310344827586,0.06382978723404255,0.9586206896551724,0.0851063829787234,0.9586206896551724,0.09219858156028368
chunk_attention_control_16384:7704:2,chunk_attention_control_16384,7704,2,F200,chunk,attention,16384,False,0.9859951627278023,0.7738468050956726,0.12658935992181772,0.07216444672863113,0.05109554668943214,0.9440008252992466,0.974810467106872,0.0543287691451709,0.8896551724137931,0.07446808510638298,0.9517241379310345,0.11347517730496454,0.9586206896551724,0.14184397163120568
authguard_reference_16384:7704:2,authguard_reference_16384,7704,2,M0,chunk,attention,16384,True,0.9854501315140147,0.9309424161911011,0.8311435101352043,0.09983511096212659,0.09983506493089891,0.946635367665394,0.9748593788212278,0.054323183462676845,0.8620689655172413,0.028368794326241134,0.9379310344827586,0.04964539007092199,0.9379310344827586,0.04964539007092199
authguard_reference_16384:7704:2,authguard_reference_16384,7704,2,F200,chunk,attention,16384,True,0.9854501315140147,0.9309424161911011,0.8311435101352043,0.09983511096212659,0.09983506493089891,0.9331925091018196,0.9632917583761311,0.06211350593823957,0.8344827586206897,0.02127659574468085,0.8689655172413793,0.07092198581560284,0.8689655172413793,0.07092198581560284
flat_control_2048:7702:3,flat_control_2048,7702,3,M0,flat,flat,2048,False,0.9229879133438735,1.926469087600708,0.8420269519884477,0.6193594468499651,0.5159522517114269,0.8052315845492423,0.9365166150294636,0.08166784491486802,0.22580645161290322,0.00847457627118644,0.6129032258064516,0.05084745762711865,0.6989247311827957,0.07344632768361582
flat_control_2048:7702:3,flat_control_2048,7702,3,F200,flat,flat,2048,False,0.9229879133438735,1.926469087600708,0.8420269519884477,0.6193594468499651,0.5159522517114269,0.3568779513192043,0.6634469351801228,0.169958465433,0.043010752688172046,0.002824858757062147,0.17204301075268819,0.05084745762711865,0.23655913978494625,0.1016949152542373
flat_control_16384:7702:3,flat_control_16384,7702,3,M0,flat,flat,16384,False,0.9623540754586403,1.4642159938812256,0.9608536111264758,0.7790349676215907,0.3999079462517203,0.9673356348552486,0.9920417957596744,0.025670069896402022,0.44086021505376344,0.002824858757062147,0.6989247311827957,0.005649717514124294,0.9139784946236559,0.025423728813559324
flat_control_16384:7702:3,flat_control_16384,7702,3,F200,flat,flat,16384,False,0.9623540754586403,1.4642159938812256,0.9608536111264758,0.7790349676215907,0.3999079462517203,0.7327201280102108,0.8686896300346273,0.10992506230542305,0.053763440860215055,0.0,0.27956989247311825,0.0,0.44086021505376344,0.00847457627118644
chunk_attention_control_2048:7702:3,chunk_attention_control_2048,7702,3,M0,chunk,attention,2048,False,0.9730052251393768,1.3387070894241333,0.9751657736290866,0.6424081338397805,0.39728525215333055,0.9672509420451045,0.9905534293177815,0.03154700938862402,0.40860215053763443,0.002824858757062147,0.7419354838709677,0.005649717514124294,0.9032258064516129,0.00847457627118644
chunk_attention_control_2048:7702:3,chunk_attention_control_2048,7702,3,F200,chunk,attention,2048,False,0.9730052251393768,1.3387070894241333,0.9751657736290866,0.6424081338397805,0.39728525215333055,0.9546708140253374,0.9774618795941923,0.034001681693329594,0.34408602150537637,0.002824858757062147,0.7204301075268817,0.005649717514124294,0.9032258064516129,0.014124293785310734
chunk_mean_control_16384:7702:3,chunk_mean_control_16384,7702,3,M0,chunk,mean,16384,False,0.9610956654520553,1.6359519958496094,0.9859362519092472,0.8514716590584894,0.6653868765893185,0.9307923767638685,0.9666484417714599,0.11730634880954424,0.3655913978494624,0.0,0.8602150537634409,0.06497175141242938,0.967741935483871,0.18361581920903955
chunk_mean_control_16384:7702:3,chunk_mean_control_16384,7702,3,F200,chunk,mean,16384,False,0.9610956654520553,1.6359519958496094,0.9859362519092472,0.8514716590584894,0.6653868765893185,0.617426527392182,0.8597898062086142,0.12250770725632422,0.010752688172043012,0.0,0.1827956989247312,0.005649717514124294,0.3333333333333333,0.06779661016949153
chunk_attention_control_16384:7702:3,chunk_attention_control_16384,7702,3,M0,chunk,attention,16384,False,0.9766384340615066,1.7316762208938599,0.9765029059806405,0.8906624786509296,0.17830348961703618,0.9806425042863591,0.9922544195370876,0.02086037487510404,0.3763440860215054,0.0,0.7311827956989247,0.002824858757062147,0.956989247311828,0.07344632768361582
chunk_attention_control_16384:7702:3,chunk_attention_control_16384,7702,3,F200,chunk,attention,16384,False,0.9766384340615066,1.7316762208938599,0.9765029059806405,0.8906624786509296,0.17830348961703618,0.970231091483678,0.9810764838102181,0.02695487308553432,0.3548387096774194,0.0,0.7204301075268817,0.002824858757062147,0.967741935483871,0.1016949152542373
authguard_reference_16384:7702:3,authguard_reference_16384,7702,3,M0,chunk,attention,16384,True,0.9570097007659204,2.5354413986206055,0.948595556954334,0.6816486109080717,0.05028196598312954,0.9338271635429065,0.9715084138266205,0.047987132750517206,0.24731182795698925,0.0,0.7419354838709677,0.01694915254237288,0.9354838709677419,0.1751412429378531
authguard_reference_16384:7702:3,authguard_reference_16384,7702,3,F200,chunk,attention,16384,True,0.9570097007659204,2.5354413986206055,0.948595556954334,0.6816486109080717,0.05028196598312954,0.9174900303500827,0.9551971326164874,0.06675642781117179,0.25806451612903225,0.0,0.6129032258064516,0.0,0.8387096774193549,0.04519774011299435
flat_control_2048:7703:3,flat_control_2048,7703,3,M0,flat,flat,2048,False,0.9273536947567984,1.8839550018310547,0.8997135046850437,0.76326180424301,0.6518749802420769,0.8229957969550199,0.9401615940708341,0.08041810972793549,0.24731182795698925,0.0,0.4731182795698925,0.014124293785310734,0.5591397849462365,0.025423728813559324
flat_control_2048:7703:3,flat_control_2048,7703,3,F200,flat,flat,2048,False,0.9273536947567984,1.8839550018310547,0.8997135046850437,0.76326180424301,0.6518749802420769,0.37096796464216564,0.6505072595832573,0.17472433596566492,0.021505376344086023,0.0,0.06451612903225806,0.011299435028248588,0.15053763440860216,0.03672316384180791
flat_control_16384:7703:3,flat_control_16384,7703,3,M0,flat,flat,16384,False,0.9697738643470997,1.3829293251037598,0.953835693905853,0.7335797624983997,0.23543960625179652,0.9782388142447248,0.9936516615029465,0.02710785637651471,0.3118279569892473,0.0,0.7419354838709677,0.005649717514124294,0.967741935483871,0.05084745762711865
flat_control_16384:7703:3,flat_control_16384,7703,3,F200,flat,flat,16384,False,0.9697738643470997,1.3829293251037598,0.953835693905853,0.7335797624983997,0.23543960625179652,0.8626874743992166,0.958477613753721,0.08296626417037857,0.08602150537634409,0.0,0.3870967741935484,0.002824858757062147,0.6236559139784946,0.0423728813559322
chunk_attention_control_2048:7703:3,chunk_attention_control_2048,7703,3,M0,chunk,attention,2048,False,0.966939256628992,1.0750418901443481,0.9830343283739665,0.6622011953670277,0.09860563843623663,0.9557427598294521,0.985298584533139,0.03408836978783353,0.26881720430107525,0.0,0.7096774193548387,0.005649717514124294,0.989247311827957,0.07627118644067797
chunk_attention_control_2048:7703:3,chunk_attention_control_2048,7703,3,F200,chunk,attention,2048,False,0.966939256628992,1.0750418901443481,0.9830343283739665,0.6622011953670277,0.09860563843623663,0.9115155961060467,0.9544985116335581,0.05193859544379517,0.24731182795698925,0.0,0.6559139784946236,0.00847457627118644,0.9139784946236559,0.12146892655367232
chunk_mean_control_16384:7703:3,chunk_mean_control_16384,7703,3,M0,chunk,mean,16384,False,0.9578335915813265,2.1504478454589844,0.9354101616370682,0.6616026113221479,0.1801016502553586,0.9649181114692733,0.9834457201871089,0.025078411975742957,0.25806451612903225,0.0,0.8172043010752689,0.00847457627118644,0.967741935483871,0.031073446327683617
chunk_mean_control_16384:7703:3,chunk_mean_control_16384,7703,3,F200,chunk,mean,16384,False,0.9578335915813265,2.1504478454589844,0.9354101616370682,0.6616026113221479,0.1801016502553586,0.7632911070049634,0.8713929894903104,0.10148145790167702,0.03225806451612903,0.0,0.27956989247311825,0.002824858757062147,0.6881720430107527,0.08757062146892655
chunk_attention_control_16384:7703:3,chunk_attention_control_16384,7703,3,M0,chunk,attention,16384,False,0.9868663465276567,1.8527368307113647,0.9855273883735112,0.2997271302086528,0.2023590218786251,0.9694623504470645,0.9877893202114089,0.021178943801868792,0.4731182795698925,0.002824858757062147,0.967741935483871,0.01977401129943503,0.967741935483871,0.06779661016949153
chunk_attention_control_16384:7703:3,chunk_attention_control_16384,7703,3,F200,chunk,attention,16384,False,0.9868663465276567,1.8527368307113647,0.9855273883735112,0.2997271302086528,0.2023590218786251,0.9501707917342779,0.9717817872547232,0.0369333373160547,0.41935483870967744,0.002824858757062147,0.9354838709677419,0.07062146892655367,0.946236559139785,0.14124293785310735
authguard_reference_16384:7703:3,authguard_reference_16384,7703,3,M0,chunk,attention,16384,True,0.978058018993385,1.6231826543807983,0.966320132161014,0.9331115718667249,0.5625588923824834,0.9840810617452349,0.9908875523965737,0.05521946182872936,0.3333333333333333,0.0,0.8602150537634409,0.0,0.978494623655914,0.11864406779661017
authguard_reference_16384:7703:3,authguard_reference_16384,7703,3,F200,chunk,attention,16384,True,0.978058018993385,1.6231826543807983,0.966320132161014,0.9331115718667249,0.5625588923824834,0.9470988182752753,0.9734827774740296,0.06194996940064071,0.27956989247311825,0.0,0.7311827956989247,0.0,0.9032258064516129,0.05649717514124294
flat_control_2048:7704:3,flat_control_2048,7704,3,M0,flat,flat,2048,False,0.9344564278989124,1.8006772994995117,0.9488561193359555,0.8348433575432032,0.5965948379036715,0.850194917286939,0.9495170402770184,0.08175413835910439,0.21505376344086022,0.0,0.46236559139784944,0.011299435028248588,0.7849462365591398,0.05649717514124294
flat_control_2048:7704:3,flat_control_2048,7704,3,F200,flat,flat,2048,False,0.9344564278989124,1.8006772994995117,0.9488561193359555,0.8348433575432032,0.5965948379036715,0.4500472845411364,0.7013243423850313,0.1612750859350454,0.010752688172043012,0.0,0.06451612903225806,0.0,0.2903225806451613,0.062146892655367235
flat_control_16384:7704:3,flat_control_16384,7704,3,M0,flat,flat,16384,False,0.959731989892783,0.8420226573944092,0.9572881735778441,0.5866789261163734,0.2612468396419765,0.9495517134994776,0.979982990097807,0.04434024635823026,0.5483870967741935,0.0,0.9354838709677419,0.02824858757062147,0.956989247311828,0.15819209039548024
flat_control_16384:7704:3,flat_control_16384,7704,3,F200,flat,flat,16384,False,0.959731989892783,0.8420226573944092,0.9572881735778441,0.5866789261163734,0.2612468396419765,0.715194281610735,0.8790778203025332,0.1135895183872947,0.20430107526881722,0.002824858757062147,0.4946236559139785,0.03389830508474576,0.6236559139784946,0.14124293785310735
chunk_attention_control_2048:7704:3,chunk_attention_control_2048,7704,3,M0,chunk,attention,2048,False,0.9806370143770059,1.0708781480789185,0.9668868689798833,0.36973841233546734,0.07334128404575457,0.9745326643781295,0.9891865621772675,0.01981946058882278,0.3655913978494624,0.0,0.9354838709677419,0.005649717514124294,0.967741935483871,0.03389830508474576
chunk_attention_control_2048:7704:3,chunk_attention_control_2048,7704,3,F200,chunk,attention,2048,False,0.9806370143770059,1.0708781480789185,0.9668868689798833,0.36973841233546734,0.07334128404575457,0.9667588313469012,0.9785553733066035,0.021297529719612934,0.34408602150537637,0.0,0.9247311827956989,0.005649717514124294,0.956989247311828,0.03389830508474576
chunk_mean_control_16384:7704:3,chunk_mean_control_16384,7704,3,M0,chunk,mean,16384,False,0.9460622671930955,1.5726131200790405,0.927805753097191,0.7292654018624323,0.21908104253142546,0.9453312783152495,0.9853897090091731,0.04206700546312845,0.27956989247311825,0.002824858757062147,0.6774193548387096,0.00847457627118644,1.0,0.11864406779661017
chunk_mean_control_16384:7704:3,chunk_mean_control_16384,7704,3,F200,chunk,mean,16384,False,0.9460622671930955,1.5726131200790405,0.927805753097191,0.7292654018624323,0.21908104253142546,0.7387156683719861,0.9153757365895147,0.1236481718622673,0.043010752688172046,0.0,0.06451612903225806,0.0,0.5483870967741935,0.03954802259887006
chunk_attention_control_16384:7704:3,chunk_attention_control_16384,7704,3,M0,chunk,attention,16384,False,0.9782423517036276,1.889817476272583,0.9619662078854074,0.9224216401461528,0.14285497909083267,0.9576858512526542,0.9769758823886763,0.022490892799110058,0.41935483870967744,0.002824858757062147,0.5698924731182796,0.002824858757062147,0.956989247311828,0.1327683615819209
chunk_attention_control_16384:7704:3,chunk_attention_control_16384,7704,3,F200,chunk,attention,16384,False,0.9782423517036276,1.889817476272583,0.9619662078854074,0.9224216401461528,0.14285497909083267,0.9545423261987938,0.9740902739809247,0.029470358581401256,0.41935483870967744,0.002824858757062147,0.5698924731182796,0.002824858757062147,0.967741935483871,0.17231638418079095
authguard_reference_16384:7704:3,authguard_reference_16384,7704,3,M0,chunk,attention,16384,True,0.9834847212183703,1.823390007019043,0.8887491032337127,0.22813169523859267,0.010908470237204508,0.9726513940565032,0.9852074600571047,0.027130170615783582,0.27956989247311825,0.0,0.9354838709677419,0.005649717514124294,0.956989247311828,0.096045197740113
authguard_reference_16384:7704:3,authguard_reference_16384,7704,3,F200,chunk,attention,16384,True,0.9834847212183703,1.823390007019043,0.8887491032337127,0.22813169523859267,0.010908470237204508,0.9644788072857041,0.9711439159224835,0.030281357960423378,0.26881720430107525,0.0,0.9247311827956989,0.00847457627118644,0.946236559139785,0.06779661016949153
flat_control_2048:7702:4,flat_control_2048,7702,4,M0,flat,flat,2048,False,0.8760501549492556,3.298363208770752,0.7159461097293576,0.5039338989551807,0.34470347260297607,0.9274769044944867,0.9456104082870818,0.10267396322366494,0.450261780104712,0.012875536480686695,0.837696335078534,0.07725321888412018,0.900523560209424,0.14163090128755365
flat_control_2048:7702:4,flat_control_2048,7702,4,F200,flat,flat,2048,False,0.8760501549492556,3.298363208770752,0.7159461097293576,0.5039338989551807,0.34470347260297607,0.7277365053750344,0.7379053097543986,0.2446573521656264,0.09947643979057591,0.0,0.2094240837696335,0.017167381974248927,0.32460732984293195,0.06866952789699571
flat_control_16384:7702:4,flat_control_16384,7702,4,M0,flat,flat,16384,False,0.9224488768926458,2.538379430770874,0.880994234155535,0.24878948164558826,0.149574383142381,0.9446101510993763,0.9753050356155766,0.06704848558959836,0.1099476439790576,0.012875536480686695,0.9685863874345549,0.07296137339055794,0.9947643979057592,0.15021459227467812
flat_control_16384:7702:4,flat_control_16384,7702,4,F200,flat,flat,16384,False,0.9224488768926458,2.538379430770874,0.880994234155535,0.24878948164558826,0.149574383142381,0.8852388449522552,0.9001190930948475,0.19196489162516495,0.04712041884816754,0.0,0.6073298429319371,0.055793991416309016,0.7591623036649214,0.15879828326180256
chunk_attention_control_2048:7702:4,chunk_attention_control_2048,7702,4,M0,chunk,attention,2048,False,0.8571781877917247,1.4840388298034668,0.9077573462608284,0.45529967663125936,0.31081456142453023,0.958149955692825,0.9809675752196481,0.056358973329773215,0.6910994764397905,0.02145922746781116,0.9685863874345549,0.0815450643776824,0.9790575916230366,0.15879828326180256
chunk_attention_control_2048:7702:4,chunk_attention_control_2048,7702,4,F200,chunk,attention,2048,False,0.8571781877917247,1.4840388298034668,0.9077573462608284,0.45529967663125936,0.31081456142453023,0.9530478520511968,0.9745410421769319,0.07350193989413821,0.6335078534031413,0.017167381974248927,0.9790575916230366,0.11587982832618025,0.9895287958115183,0.30042918454935624
chunk_mean_control_16384:7702:4,chunk_mean_control_16384,7702,4,M0,chunk,mean,16384,False,0.7773857378216791,2.564573049545288,0.7502917031948331,0.5137545098512674,0.41447524285453474,0.94335409034938,0.9665640518616722,0.0816877963015827,0.612565445026178,0.04291845493562232,0.9685863874345549,0.0815450643776824,0.9842931937172775,0.12017167381974249
chunk_mean_control_16384:7702:4,chunk_mean_control_16384,7702,4,F200,chunk,mean,16384,False,0.7773857378216791,2.564573049545288,0.7502917031948331,0.5137545098512674,0.41447524285453474,0.8343166009139573,0.8700986450351661,0.1685361854645477,0.05759162303664921,0.008583690987124463,0.5654450261780105,0.055793991416309016,0.7905759162303665,0.1888412017167382
chunk_attention_control_16384:7702:4,chunk_attention_control_16384,7702,4,M0,chunk,attention,16384,False,0.8473521677434392,2.4010438919067383,0.7958749081751653,0.3239167952876646,0.2325337113787551,0.9545777047208845,0.9784958317416803,0.05684276391594427,0.6910994764397905,0.02575107296137339,0.9790575916230366,0.09871244635193133,1.0,0.22317596566523606
chunk_attention_control_16384:7702:4,chunk_attention_control_16384,7702,4,F200,chunk,attention,16384,False,0.8473521677434392,2.4010438919067383,0.7958749081751653,0.3239167952876646,0.2325337113787551,0.9534994232854075,0.9739792822955756,0.07248036021743301,0.6282722513089005,0.017167381974248927,0.9685863874345549,0.15021459227467812,0.9947643979057592,0.41630901287553645
authguard_reference_16384:7702:4,authguard_reference_16384,7702,4,M0,chunk,attention,16384,True,0.7771436345690413,2.7216808795928955,0.7665233684299558,0.24641851445089866,0.20518401871678998,0.962215809937935,0.9752376244298138,0.07579620626858012,0.7382198952879581,0.02145922746781116,0.9685863874345549,0.1072961373390558,0.9842931937172775,0.21030042918454936
authguard_reference_16384:7702:4,authguard_reference_16384,7702,4,F200,chunk,attention,16384,True,0.7771436345690413,2.7216808795928955,0.7665233684299558,0.24641851445089866,0.20518401871678998,0.9586869485086531,0.9636204300833652,0.10598242671638858,0.5654450261780105,0.008583690987124463,0.8795811518324608,0.08583690987124463,0.9633507853403142,0.1888412017167382
flat_control_2048:7703:4,flat_control_2048,7703,4,M0,flat,flat,2048,False,0.8119735884688095,1.9518107175827026,0.6624102792465407,0.5467138853325209,0.5015917941675052,0.9408178592011929,0.9550255038986135,0.10291141939109197,0.5968586387434555,0.012875536480686695,0.743455497382199,0.04721030042918455,0.8795811518324608,0.08583690987124463
flat_control_2048:7703:4,flat_control_2048,7703,4,F200,flat,flat,2048,False,0.8119735884688095,1.9518107175827026,0.6624102792465407,0.5467138853325209,0.5015917941675052,0.7182591665437351,0.7389164775408399,0.22332904816030602,0.16753926701570682,0.004291845493562232,0.21465968586387435,0.02145922746781116,0.24607329842931938,0.05150214592274678
flat_control_16384:7703:4,flat_control_16384,7703,4,M0,flat,flat,16384,False,0.9308292325918858,2.603247880935669,0.9274733349874709,0.31527208332202705,0.1311411086400921,0.9295656485363121,0.9592499382064131,0.06766717486852143,0.07329842931937172,0.004291845493562232,0.9162303664921466,0.06437768240343347,0.9267015706806283,0.21030042918454936
flat_control_16384:7703:4,flat_control_16384,7703,4,F200,flat,flat,16384,False,0.9308292325918858,2.603247880935669,0.9274733349874709,0.31527208332202705,0.1311411086400921,0.8303569467571918,0.8294721704154775,0.22336159338861322,0.0,0.0,0.5340314136125655,0.034334763948497854,0.5706806282722513,0.1072961373390558
chunk_attention_control_2048:7703:4,chunk_attention_control_2048,7703,4,M0,chunk,attention,2048,False,0.753582147474629,2.632608652114868,0.7193869866392408,0.5314664111838087,0.3613176371070396,0.9457418744381247,0.9728782329281171,0.07810609854379616,0.7696335078534031,0.02575107296137339,0.9267015706806283,0.060085836909871244,0.9685863874345549,0.15879828326180256
chunk_attention_control_2048:7703:4,chunk_attention_control_2048,7703,4,F200,chunk,attention,2048,False,0.753582147474629,2.632608652114868,0.7193869866392408,0.5314664111838087,0.3613176371070396,0.9275711825858773,0.9697099071972676,0.09462281339038865,0.7277486910994765,0.02575107296137339,0.9214659685863874,0.05150214592274678,0.9738219895287958,0.17167381974248927
chunk_mean_control_16384:7703:4,chunk_mean_control_16384,7703,4,M0,chunk,mean,16384,False,0.8748121640095787,3.380622625350952,0.7758520632121686,0.45825354534076135,0.3147288994231977,0.9659244173233571,0.975619621149136,0.07429165295937085,0.4816753926701571,0.008583690987124463,0.9528795811518325,0.060085836909871244,0.9947643979057592,0.1072961373390558
chunk_mean_control_16384:7703:4,chunk_mean_control_16384,7703,4,F200,chunk,mean,16384,False,0.8748121640095787,3.380622625350952,0.7758520632121686,0.45825354534076135,0.3147288994231977,0.8353943560539875,0.8753567175246613,0.21314710834852835,0.010471204188481676,0.0,0.2198952879581152,0.017167381974248927,0.612565445026178,0.07725321888412018
chunk_attention_control_16384:7703:4,chunk_attention_control_16384,7703,4,M0,chunk,attention,16384,False,0.7423356528042311,4.114098072052002,0.711062853212397,0.4024029736040293,0.33066276827239693,0.9384778411654541,0.9613284497674315,0.09997554969560526,0.44502617801047123,0.02575107296137339,0.9738219895287958,0.07725321888412018,0.9790575916230366,0.1888412017167382
chunk_attention_control_16384:7703:4,chunk_attention_control_16384,7703,4,F200,chunk,attention,16384,False,0.7423356528042311,4.114098072052002,0.711062853212397,0.4024029736040293,0.33066276827239693,0.9462689291209934,0.9631710221782801,0.11607114980387642,0.3507853403141361,0.017167381974248927,0.9476439790575916,0.1072961373390558,0.9790575916230366,0.296137339055794
authguard_reference_16384:7703:4,authguard_reference_16384,7703,4,M0,chunk,attention,16384,True,0.7714091053681776,5.291055679321289,0.7683072355494331,0.3857924921409833,0.1953641354993842,0.9327917239982542,0.9704963710311665,0.07584594936208794,0.05235602094240838,0.004291845493562232,0.9424083769633508,0.05150214592274678,0.9738219895287958,0.09871244635193133
authguard_reference_16384:7703:4,authguard_reference_16384,7703,4,F200,chunk,attention,16384,True,0.7714091053681776,5.291055679321289,0.7683072355494331,0.3857924921409833,0.1953641354993842,0.9395397867473836,0.964047367593196,0.08478310996199095,0.06806282722513089,0.0,0.9267015706806283,0.034334763948497854,0.9685863874345549,0.09871244635193133
flat_control_2048:7704:4,flat_control_2048,7704,4,M0,flat,flat,2048,False,0.7970494248414477,2.9718215465545654,0.5274249764064824,0.4599548099199317,0.3446651492458515,0.933840769502324,0.9490596139586096,0.10983669601308674,0.7068062827225131,0.06866952789699571,0.8586387434554974,0.09871244635193133,0.9214659685863874,0.12446351931330472
flat_control_2048:7704:4,flat_control_2048,7704,4,F200,flat,flat,2048,False,0.7970494248414477,2.9718215465545654,0.5274249764064824,0.4599548099199317,0.3446651492458515,0.6913258196980036,0.6921555850167405,0.24212643998539596,0.18848167539267016,0.008583690987124463,0.2356020942408377,0.017167381974248927,0.3298429319371728,0.12875536480686695
flat_control_16384:7704:4,flat_control_16384,7704,4,M0,flat,flat,16384,False,0.9054312375663337,4.406356334686279,0.7965398783719804,0.33980318717580305,0.2216161660750764,0.9587424742419879,0.9758555602993056,0.07726283129013037,0.3298429319371728,0.008583690987124463,0.900523560209424,0.09012875536480687,0.9842931937172775,0.13733905579399142
flat_control_16384:7704:4,flat_control_16384,7704,4,F200,flat,flat,16384,False,0.9054312375663337,4.406356334686279,0.7965398783719804,0.33980318717580305,0.2216161660750764,0.8746773420857962,0.9030627148731546,0.1851114263612424,0.06282722513089005,0.004291845493562232,0.5497382198952879,0.055793991416309016,0.7486910994764397,0.1459227467811159
chunk_attention_control_2048:7704:4,chunk_attention_control_2048,7704,4,M0,chunk,attention,2048,False,0.852321275448561,1.7363433837890625,0.7502729538829048,0.4555098910353637,0.33879611770316553,0.9572849331202533,0.9782935981843921,0.05936753790029826,0.7905759162303665,0.02575107296137339,0.9476439790575916,0.06866952789699571,0.9685863874345549,0.1072961373390558
chunk_attention_control_2048:7704:4,chunk_attention_control_2048,7704,4,F200,chunk,attention,2048,False,0.852321275448561,1.7363433837890625,0.7502729538829048,0.4555098910353637,0.33879611770316553,0.9337070328795247,0.9590814102420062,0.07757526696058974,0.7172774869109948,0.02575107296137339,0.900523560209424,0.06866952789699571,0.9267015706806283,0.12446351931330472
chunk_mean_control_16384:7704:4,chunk_mean_control_16384,7704,4,M0,chunk,mean,16384,False,0.7256855486783067,3.538961410522461,0.6033596317202861,0.5203340624726561,0.4733912409084621,0.9018793148679635,0.933004516549446,0.14426073692652533,0.46596858638743455,0.04291845493562232,0.7382198952879581,0.09012875536480687,0.8638743455497382,0.1459227467811159
chunk_mean_control_16384:7704:4,chunk_mean_control_16384,7704,4,F200,chunk,mean,16384,False,0.7256855486783067,3.538961410522461,0.6033596317202861,0.5203340624726561,0.4733912409084621,0.7600879300010999,0.8052715547266476,0.2045788963760285,0.05235602094240838,0.0,0.27225130890052357,0.04291845493562232,0.4397905759162304,0.09012875536480687
chunk_attention_control_16384:7704:4,chunk_attention_control_16384,7704,4,M0,chunk,attention,16384,False,0.7471858527708788,5.845186710357666,0.7651382765742131,0.5537809331311019,0.37613324822937066,0.9819228025736901,0.9857537694088039,0.06373404662853802,0.8586387434554974,0.02575107296137339,0.9685863874345549,0.07725321888412018,0.9947643979057592,0.0944206008583691
chunk_attention_control_16384:7704:4,chunk_attention_control_16384,7704,4,F200,chunk,attention,16384,False,0.7471858527708788,5.845186710357666,0.7651382765742131,0.5537809331311019,0.37613324822937066,0.9609734424572063,0.962991259016246,0.08225896711134273,0.7277486910994765,0.02575107296137339,0.8900523560209425,0.05150214592274678,0.9424083769633508,0.1459227467811159
authguard_reference_16384:7704:4,authguard_reference_16384,7704,4,M0,chunk,attention,16384,True,0.7186861369274833,3.749976873397827,0.7915141409451891,0.48601933380380713,0.3230410560708656,0.9493112638867711,0.9657775880277734,0.0757367349581873,0.5445026178010471,0.02145922746781116,0.9424083769633508,0.08583690987124463,0.9633507853403142,0.12875536480686695
authguard_reference_16384:7704:4,authguard_reference_16384,7704,4,F200,chunk,attention,16384,True,0.7186861369274833,3.749976873397827,0.7915141409451891,0.48601933380380713,0.3230410560708656,0.94315962700717,0.9567220187403097,0.09694211969680246,0.2513089005235602,0.004291845493562232,0.9109947643979057,0.09871244635193133,0.9633507853403142,0.22317596566523606
