0x0	CONST
0xf	CONST
0x4	MSTORE
0x8	LT
0x2	CONST
0xe0	MUL
0x5	CONST
0x7	CALLDATASIZE
0x9	CONST
0xd	CONST
0xe	CALLDATALOAD
0x11	SHR
0x13	CONST
0x18	EQ
0x1e	CONST
0x23	EQ
0x29	CONST
0x2e	EQ
0x33	CONST
0x38	CALLDATASIZE
0x39	CONST
0x3d	CONST
0x5e	CONST
0x73	AND
0x74	CONST
0x77	CALLVALUE
0x7a	ISZERO
0x7b	MUL
0x7d	CONST
0x7f	MLOAD
0x80	CONST
0x81	CONST
0x83	MLOAD
0x86	SUB
0x8b	CALL
0x91	ISZERO
0x93	ISZERO
0x94	CONST
0x98	RETURNDATASIZE
0x99	CONST
0x9c	RETURNDATASIZE
0x9d	CONST
0xa2	CONST
0xc3	CONST
0xd8	AND
0xd9	CONST
0xdc	CALLVALUE
0xdf	ISZERO
0xe2	CONST
0xe4	MLOAD
0xe5	CONST
0xe6	CONST
0xe8	MLOAD
0xeb	SUB
0xf0	CALL
0xf6	ISZERO
0xf8	ISZERO
0xf9	CONST
0xfd	RETURNDATASIZE
0xfe	CONST
0x101	RETURNDATASIZE
0x102	CONST
0x107	CONST
0x10a	CONST
0x10d	CALLDATASIZE
0x10e	SUB
0x110	ADD
0x112	CONST
0x117	CONST
0x11c	CONST
0x123	CALLVALUE
0x125	ISZERO
0x126	CONST
0x12a	CONST
0x12f	CONST
0x132	CONST
0x137	CONST
0x139	MLOAD
0x13a	CONST
0x13f	CONST
0x144	CONST
0x146	MLOAD
0x149	SUB
0x14d	CALLVALUE
0x14f	ISZERO
0x150	CONST
0x154	CONST
0x159	CONST
0x15c	CONST
0x161	CONST
0x163	MLOAD
0x164	CONST
0x169	CONST
0x16e	CONST
0x170	MLOAD
0x173	SUB
0x534	CONST
0x558	CONST
0x1f6d	CONST
0x1f6f	CONST
0x1f71	CONST
0x1f73	CONST
0x1f77	CONST
0x1f7a	CONST
0x1f7d	CONST
0x220S0x11b	CONST
0x222S0x11b	MLOAD
0x223S0x11b	CONST
0x246S0x11b	CONST
0x248S0x11b	ADD
0x249S0x11b	CONST
0x24dS0x11b	CONST
0x268S0x11b	CONST
0x26eS0x11b	LT
0x26fS0x11b	CONST
0x268_0x0S0x11b	PHI
0x273S0x11b	CONST
0x276S0x11b	CONST
0x2bfS0x11b	CONST
0x2c2S0x11b	CONST
0x2e8S0x11b	CONST
0x2ebS0x11b	CONST
0x339S0x11b	CONST
0x33bS0x11b	MLOAD
0x33eS0x11b	CONST
0x340S0x11b	NOT
0x341S0x11b	CONST
0x343S0x11b	RETURNDATASIZE
0x344S0x11b	ADD
0x345S0x11b	AND
0x347S0x11b	ADD
0x348S0x11b	CONST
0x34bS0x11b	RETURNDATASIZE
0x34eS0x11b	RETURNDATASIZE
0x34fS0x11b	CONST
0x350S0x11b	CONST
0x353S0x11b	ADD
0x355S0x11b	CONST
0x368S0x11b	CONST
0x369S0x11b	CONST
0x371S0x11b	LT
0x372S0x11b	CONST
0x368_0x1S0x11b	PHI
0x376S0x11b	CONST
0x379S0x11b	CONST
0x432S0x11b	CONST
0x435S0x11b	CONST
0x4c9S0x11b	CONST
0x4eaS0x11b	CONST
0x4ffS0x11b	AND
0x500S0x11b	CONST
0x506S0x11b	ISZERO
0x507S0x11b	MUL
0x509S0x11b	CONST
0x50bS0x11b	MLOAD
0x50cS0x11b	CONST
0x50dS0x11b	CONST
0x50fS0x11b	MLOAD
0x512S0x11b	SUB
0x517S0x11b	CALL
0x51dS0x11b	ISZERO
0x51fS0x11b	ISZERO
0x520S0x11b	CONST
0x524S0x11b	RETURNDATASIZE
0x525S0x11b	CONST
0x528S0x11b	RETURNDATASIZE
0x529S0x11b	CONST
0x177S0x11b	CONST
0x198S0x11b	CONST
0x1adS0x11b	AND
0x1aeS0x11b	CALLER
0x1afS0x11b	CONST
0x1c4S0x11b	AND
0x1c5S0x11b	EQ
0x1c7S0x11b	CONST
0x21cS0x11b	CONST
0x21b_0x0S0x11b	PHI
0x25bS0x11b	CONST
0x252S0x11b	CONST
0x254S0x11b	MLOAD
0x257S0x11b	SUB
0x4bdS0x11b	CONST
0x4beS0x11b	SELFBALANCE
0x4c1S0x11b	CONST
0x4c3S0x11b	GT
0x4c4S0x11b	ISZERO
0x4c5S0x11b	CONST
0x27eS0x11b	CONST
0x280S0x11b	MUL
0x282S0x11b	ADD
0x284S0x11b	CONST
0x289S0x11b	CONST
0x27b_0x0S0x11b	PHI
0x1b71S0x11b	CONST
0x1b92S0x11b	CONST
0x1b94S0x11b	CONST
0x1b96S0x11b	CONST
0x1b99S0x11b	CONST
0x1b9bS0x11b	CONST
0x28eS0x11b	CONST
0x28fS0x11b	ADD
0x290S0x11b	CONST
0x293S0x11b	ADD
0x295S0x11b	CONST
0x29aS0x11b	CONST
0x29fS0x11b	CONST
0x2b4S0x11b	AND
0x2baS0x11b	LT
0x2bbS0x11b	CONST
0x29e_0x2S0x11b	PHI
0x2caS0x11b	CONST
0x2ccS0x11b	MUL
0x2ceS0x11b	ADD
0x2d0S0x11b	CONST
0x2d5S0x11b	CONST
0x2c7_0x0S0x11b	PHI
0x1bbdS0x11b	CONST
0x1bdeS0x11b	CONST
0x1be0S0x11b	CONST
0x1be2S0x11b	CONST
0x1be5S0x11b	CONST
0x1be7S0x11b	CONST
0x2daS0x11b	CONST
0x2dcS0x11b	ADD
0x2ddS0x11b	CALLDATALOAD
0x2e3S0x11b	LT
0x2e4S0x11b	CONST
0x2d9_0x3S0x11b	PHI
0x2f3S0x11b	CONST
0x2f5S0x11b	MUL
0x2f7S0x11b	ADD
0x2f9S0x11b	CONST
0x2feS0x11b	CONST
0x2f0_0x0S0x11b	PHI
0x1c09S0x11b	CONST
0x1c2aS0x11b	CONST
0x1c2cS0x11b	CONST
0x1c2eS0x11b	CONST
0x1c31S0x11b	CONST
0x1c33S0x11b	CONST
0x304S0x11b	CONST
0x306S0x11b	ADD
0x308S0x11b	CONST
0x30dS0x11b	CONST
0x312S0x11b	CONST
0x314S0x11b	MLOAD
0x315S0x11b	CONST
0x31bS0x11b	CONST
0x320S0x11b	CONST
0x321S0x11b	CONST
0x323S0x11b	MLOAD
0x326S0x11b	SUB
0x32aS0x11b	GAS
0x32bS0x11b	CALL
0x330S0x11b	RETURNDATASIZE
0x332S0x11b	CONST
0x334S0x11b	EQ
0x335S0x11b	CONST
0x35aS0x11b	CONST
0x364S0x11b	CONST
0x4b1S0x11b	CONST
0x4b3S0x11b	ADD
0x4b7S0x11b	CONST
0x4ad_0x1S0x11b	PHI
0x3c1S0x11b	CONST
0x3c3S0x11b	CONST
0x3c5S0x11b	MLOAD
0x3c6S0x11b	CONST
0x3c8S0x11b	ADD
0x3c9S0x11b	CONST
0x3ceS0x11b	CONST
0x381S0x11b	CONST
0x383S0x11b	MUL
0x385S0x11b	ADD
0x387S0x11b	CONST
0x38cS0x11b	CONST
0x37e_0x0S0x11b	PHI
0x1c55S0x11b	CONST
0x1c76S0x11b	CONST
0x1c78S0x11b	CONST
0x1c7aS0x11b	CONST
0x1c7dS0x11b	CONST
0x1c7fS0x11b	CONST
0x391S0x11b	CONST
0x392S0x11b	ADD
0x393S0x11b	CONST
0x396S0x11b	ADD
0x398S0x11b	CONST
0x39dS0x11b	CONST
0x3a2S0x11b	CONST
0x3b7S0x11b	AND
0x3b8S0x11b	CONST
0x3baS0x11b	CONST
0x3bdS0x11b	JUMP
0x3d3S0x11b	CONST
0x3d5S0x11b	MLOAD
0x3d6S0x11b	CONST
0x3daS0x11b	SUB
0x3dbS0x11b	SUB
0x3dfS0x11b	CONST
0x3e5S0x11b	ISZERO
0x3e6S0x11b	CONST
0x42dS0x11b	LT
0x42eS0x11b	CONST
0x426_0x3S0x11b	PHI
0x41eS0x11b	CONST
0x420S0x11b	MLOAD
0x423S0x11b	SUB
0x43dS0x11b	CONST
0x43fS0x11b	MUL
0x441S0x11b	ADD
0x443S0x11b	CONST
0x448S0x11b	CONST
0x43a_0x0S0x11b	PHI
0x1ca1S0x11b	CONST
0x1cc2S0x11b	CONST
0x1cc4S0x11b	CONST
0x1cc6S0x11b	CONST
0x1cc9S0x11b	CONST
0x1ccbS0x11b	CONST
0x44dS0x11b	CONST
0x44eS0x11b	ADD
0x44fS0x11b	CONST
0x452S0x11b	ADD
0x454S0x11b	CONST
0x459S0x11b	CONST
0x45eS0x11b	CONST
0x473S0x11b	AND
0x474S0x11b	CONST
0x496S0x11b	CONST
0x498S0x11b	MLOAD
0x499S0x11b	CONST
0x49eS0x11b	CONST
0x4a3S0x11b	CONST
0x4a5S0x11b	MLOAD
0x4a8S0x11b	SUB
0x4a2_0x3S0x11b	PHI
0x262S0x11b	LT
0x263S0x11b	ISZERO
0x264S0x11b	CONST
0x25c_0x0S0x11b	PHI
0x1ccS0x11b	CONST
0x1edS0x11b	CONST
0x202S0x11b	AND
0x203S0x11b	CALLER
0x204S0x11b	CONST
0x219S0x11b	AND
0x21aS0x11b	EQ
0x3ebS0x11b	CONST
0x3edS0x11b	MLOAD
0x3eeS0x11b	CONST
0x411S0x11b	CONST
0x413S0x11b	ADD
0x414S0x11b	CONST
0x419S0x11b	CONST
0x9d0S0x27bS0x11b	CONST
0x9d3S0x27bS0x11b	CONST
0x9beS0x27bS0x11b	CONST
0x9c0S0x27bS0x11b	CALLDATALOAD
0x9c1S0x27bS0x11b	CONST
0x9c3S0x27bS0x11b	CONST
0x9c5S0x27bS0x11b	SUB
0x9c7S0x27bS0x11b	CALLDATASIZE
0x9c8S0x27bS0x11b	SUB
0x9c9S0x27bS0x11b	SUB
0x9cbS0x27bS0x11b	SLT
0x9ccS0x27bS0x11b	CONST
0x9dbS0x27bS0x11b	ADD
0x1e40S0x27bS0x11b	CONST
0x9d0S0x2c7S0x11b	CONST
0x9d3S0x2c7S0x11b	CONST
0x9beS0x2c7S0x11b	CONST
0x9c0S0x2c7S0x11b	CALLDATALOAD
0x9c1S0x2c7S0x11b	CONST
0x9c3S0x2c7S0x11b	CONST
0x9c5S0x2c7S0x11b	SUB
0x9c7S0x2c7S0x11b	CALLDATASIZE
0x9c8S0x2c7S0x11b	SUB
0x9c9S0x2c7S0x11b	SUB
0x9cbS0x2c7S0x11b	SLT
0x9ccS0x2c7S0x11b	CONST
0x9dbS0x2c7S0x11b	ADD
0x1e40S0x2c7S0x11b	CONST
0x9d0S0x2f0S0x11b	CONST
0x9d3S0x2f0S0x11b	CONST
0x9beS0x2f0S0x11b	CONST
0x9c0S0x2f0S0x11b	CALLDATALOAD
0x9c1S0x2f0S0x11b	CONST
0x9c3S0x2f0S0x11b	CONST
0x9c5S0x2f0S0x11b	SUB
0x9c7S0x2f0S0x11b	CALLDATASIZE
0x9c8S0x2f0S0x11b	SUB
0x9c9S0x2f0S0x11b	SUB
0x9cbS0x2f0S0x11b	SLT
0x9ccS0x2f0S0x11b	CONST
0x9dbS0x2f0S0x11b	ADD
0x1e40S0x2f0S0x11b	CONST
0xa5eS0x302S0x11b	CONST
0xa61S0x302S0x11b	CONST
0xa80S0x302S0x11b	CONST
0xa83S0x302S0x11b	CONST
0xa9cS0x302S0x11b	CONST
0xa9fS0x302S0x11b	CONST
0xa4bS0x302S0x11b	CONST
0xa4eS0x302S0x11b	CALLDATALOAD
0xa4fS0x302S0x11b	CONST
0xa51S0x302S0x11b	CONST
0xa53S0x302S0x11b	SUB
0xa55S0x302S0x11b	CALLDATASIZE
0xa56S0x302S0x11b	SUB
0xa57S0x302S0x11b	SUB
0xa59S0x302S0x11b	SLT
0xa5aS0x302S0x11b	CONST
0xa69S0x302S0x11b	ADD
0xa6dS0x302S0x11b	CALLDATALOAD
0xa70S0x302S0x11b	CONST
0xa7aS0x302S0x11b	GT
0xa7bS0x302S0x11b	ISZERO
0xa7cS0x302S0x11b	CONST
0x1e86S0x302S0x11b	CONST
0xa89S0x302S0x11b	CONST
0xa8cS0x302S0x11b	ADD
0xa8fS0x302S0x11b	CONST
0xa92S0x302S0x11b	MUL
0xa93S0x302S0x11b	CALLDATASIZE
0xa94S0x302S0x11b	SUB
0xa96S0x302S0x11b	SGT
0xa97S0x302S0x11b	ISZERO
0xa98S0x302S0x11b	CONST
0x9b6S0x302S0x11b	CONST
0x9baS0x302S0x11b	CONST
0xae9S0x311S0x11b	CONST
0xaeaS0x311S0x11b	CONST
0xaf0S0x311S0x11b	CONST
0xad2S0x311S0x11b	CONST
0xad8S0x311S0x11b	CONST
0xaadS0x311S0x11b	CONST
0xadfS0x311S0x11b	ADD
0xabbS0x311S0x11b	CONST
0xabeS0x311S0x11b	ADD
0xac5S0x311S0x11b	CONST
0xac6S0x311S0x11b	CONST
0xacbS0x311S0x11b	CONST
0x9d0S0x37eS0x11b	CONST
0x9d3S0x37eS0x11b	CONST
0x9beS0x37eS0x11b	CONST
0x9c0S0x37eS0x11b	CALLDATALOAD
0x9c1S0x37eS0x11b	CONST
0x9c3S0x37eS0x11b	CONST
0x9c5S0x37eS0x11b	SUB
0x9c7S0x37eS0x11b	CALLDATASIZE
0x9c8S0x37eS0x11b	SUB
0x9c9S0x37eS0x11b	SUB
0x9cbS0x37eS0x11b	SLT
0x9ccS0x37eS0x11b	CONST
0x9dbS0x37eS0x11b	ADD
0x1e40S0x37eS0x11b	CONST
0x9d0S0x43aS0x11b	CONST
0x9d3S0x43aS0x11b	CONST
0x9beS0x43aS0x11b	CONST
0x9c0S0x43aS0x11b	CALLDATALOAD
0x9c1S0x43aS0x11b	CONST
0x9c3S0x43aS0x11b	CONST
0x9c5S0x43aS0x11b	SUB
0x9c7S0x43aS0x11b	CALLDATASIZE
0x9c8S0x43aS0x11b	SUB
0x9c9S0x43aS0x11b	SUB
0x9cbS0x43aS0x11b	SLT
0x9ccS0x43aS0x11b	CONST
0x9dbS0x43aS0x11b	ADD
0x1e40S0x43aS0x11b	CONST
0x967S0x220S0x11b	CONST
0x968S0x220S0x11b	CONST
0x96bS0x220S0x11b	ADD
0x970S0x220S0x11b	SUB
0x971S0x220S0x11b	CONST
0x973S0x220S0x11b	ADD
0x975S0x220S0x11b	CONST
0x979S0x220S0x11b	CONST
0x953S0x220S0x11b	CONST
0x957S0x220S0x11b	CONST
0x95cS0x220S0x11b	CONST
0x95fS0x220S0x11b	ADD
0x91dS0x220S0x11b	CONST
0x93eS0x220S0x11b	CONST
0x940S0x220S0x11b	ADD
0x945S0x220S0x11b	CONST
0x946S0x220S0x11b	CONST
0x949S0x220S0x11b	CONST
0x94cS0x220S0x11b	CONST
0x90dS0x944S0x220S0x11b	CONST
0x911S0x944S0x220S0x11b	CONST
0x914S0x944S0x220S0x11b	ADD
0xbb7S0x3beS0x11b	CONST
0xbb8S0x3beS0x11b	CONST
0xbbcS0x3beS0x11b	CONST
0xb41S0x3beS0x11b	CONST
0xb45S0x3beS0x11b	CONST
0xb4aS0x3beS0x11b	CONST
0xb4dS0x3beS0x11b	ADD
0xb0bS0x3beS0x11b	CONST
0xb2cS0x3beS0x11b	CONST
0xb2eS0x3beS0x11b	ADD
0xb91S0x3beS0x11b	CONST
0xb96S0x3beS0x11b	CONST
0xb9dS0x3beS0x11b	CONST
0xba2S0x3beS0x11b	CONST
0xba5S0x3beS0x11b	ADD
0xba6S0x3beS0x11b	CONST
0xbadS0x3beS0x11b	ADD
0xbc3S0x3beS0x11b	CONST
0xbc8S0x3beS0x11b	CONST
0xb33S0x3beS0x11b	CONST
0xb34S0x3beS0x11b	CONST
0xb37S0x3beS0x11b	CONST
0xb3aS0x3beS0x11b	CONST
0xb87S0x3beS0x11b	CONST
0xb88S0x3beS0x11b	CONST
0xb8cS0x3beS0x11b	CONST
0xb01S0xb90S0x3beS0x11b	CONST
0xb7cS0xb9aS0x3beS0x11b	CONST
0xb7fS0xb9aS0x3beS0x11b	ADD
0xb63S0xb9aS0x3beS0x11b	LT
0xb64S0xb9aS0x3beS0x11b	ISZERO
0xb65S0xb9aS0x3beS0x11b	CONST
0xb60_0x0S0xb9aS0x3beS0x11b	PHI
0xb5fS0xb9aS0x3beS0x11b	CONST
0xb6bS0xb9aS0x3beS0x11b	ADD
0xb6cS0xb9aS0x3beS0x11b	MLOAD
0xb6fS0xb9aS0x3beS0x11b	ADD
0xb71S0xb9aS0x3beS0x11b	CONST
0xb74S0xb9aS0x3beS0x11b	ADD
0xb77S0xb9aS0x3beS0x11b	CONST
0xb69_0x0S0xb9aS0x3beS0x11b	PHI
0xb01S0xb32S0x3beS0x11b	CONST
0xb55S0xb86S0x3beS0x11b	CONST
0xb57S0xb86S0x3beS0x11b	MLOAD
0xc20S0x45dS0x11b	CONST
0xc21S0x45dS0x11b	CONST
0xc24S0x45dS0x11b	ADD
0xc29S0x45dS0x11b	SUB
0xc2aS0x45dS0x11b	CONST
0xc2cS0x45dS0x11b	ADD
0xc2eS0x45dS0x11b	CONST
0xc33S0x45dS0x11b	CONST
0xbf2S0x45dS0x11b	CONST
0xbf7S0x45dS0x11b	CONST
0xbfeS0x45dS0x11b	CONST
0xc03S0x45dS0x11b	CONST
0xc06S0x45dS0x11b	ADD
0xc07S0x45dS0x11b	CONST
0xc0cS0x45dS0x11b	CONST
0xc10S0x45dS0x11b	CONST
0xc16S0x45dS0x11b	ADD
0xbd8S0x45dS0x11b	CONST
0xbd9S0x45dS0x11b	CONST
0xbdbS0x45dS0x11b	NOT
0xbdcS0x45dS0x11b	CONST
0xbdfS0x45dS0x11b	ADD
0xbe0S0x45dS0x11b	AND
0xbe8S0x45dS0x11b	CONST
0xbe9S0x45dS0x11b	CONST
0xbedS0x45dS0x11b	CONST
0x90dS0xbf1S0x45dS0x11b	CONST
0x911S0xbf1S0x45dS0x11b	CONST
0x914S0xbf1S0x45dS0x11b	ADD
0xb7cS0xbfbS0x45dS0x11b	CONST
0xb7fS0xbfbS0x45dS0x11b	ADD
0xb63S0xbfbS0x45dS0x11b	LT
0xb64S0xbfbS0x45dS0x11b	ISZERO
0xb65S0xbfbS0x45dS0x11b	CONST
0xb60_0x0S0xbfbS0x45dS0x11b	PHI
0xb5fS0xbfbS0x45dS0x11b	CONST
0xb6bS0xbfbS0x45dS0x11b	ADD
0xb6cS0xbfbS0x45dS0x11b	MLOAD
0xb6fS0xbfbS0x45dS0x11b	ADD
0xb71S0xbfbS0x45dS0x11b	CONST
0xb74S0xbfbS0x45dS0x11b	ADD
0xb77S0xbfbS0x45dS0x11b	CONST
0xb69_0x0S0xbfbS0x45dS0x11b	PHI
0xb55S0xbe7S0x45dS0x11b	CONST
0xb57S0xbe7S0x45dS0x11b	MLOAD
0xc20S0x3eaS0x11b	CONST
0xc21S0x3eaS0x11b	CONST
0xc24S0x3eaS0x11b	ADD
0xc29S0x3eaS0x11b	SUB
0xc2aS0x3eaS0x11b	CONST
0xc2cS0x3eaS0x11b	ADD
0xc2eS0x3eaS0x11b	CONST
0xc33S0x3eaS0x11b	CONST
0xbf2S0x3eaS0x11b	CONST
0xbf7S0x3eaS0x11b	CONST
0xbfeS0x3eaS0x11b	CONST
0xc03S0x3eaS0x11b	CONST
0xc06S0x3eaS0x11b	ADD
0xc07S0x3eaS0x11b	CONST
0xc0cS0x3eaS0x11b	CONST
0xc10S0x3eaS0x11b	CONST
0xc16S0x3eaS0x11b	ADD
0xbd8S0x3eaS0x11b	CONST
0xbd9S0x3eaS0x11b	CONST
0xbdbS0x3eaS0x11b	NOT
0xbdcS0x3eaS0x11b	CONST
0xbdfS0x3eaS0x11b	ADD
0xbe0S0x3eaS0x11b	AND
0xbe8S0x3eaS0x11b	CONST
0xbe9S0x3eaS0x11b	CONST
0xbedS0x3eaS0x11b	CONST
0x90dS0xbf1S0x3eaS0x11b	CONST
0x911S0xbf1S0x3eaS0x11b	CONST
0x914S0xbf1S0x3eaS0x11b	ADD
0xb7cS0xbfbS0x3eaS0x11b	CONST
0xb7fS0xbfbS0x3eaS0x11b	ADD
0xb63S0xbfbS0x3eaS0x11b	LT
0xb64S0xbfbS0x3eaS0x11b	ISZERO
0xb65S0xbfbS0x3eaS0x11b	CONST
0xb60_0x0S0xbfbS0x3eaS0x11b	PHI
0xb5fS0xbfbS0x3eaS0x11b	CONST
0xb6bS0xbfbS0x3eaS0x11b	ADD
0xb6cS0xbfbS0x3eaS0x11b	MLOAD
0xb6fS0xbfbS0x3eaS0x11b	ADD
0xb71S0xbfbS0x3eaS0x11b	CONST
0xb74S0xbfbS0x3eaS0x11b	ADD
0xb77S0xbfbS0x3eaS0x11b	CONST
0xb69_0x0S0xbfbS0x3eaS0x11b	PHI
0xb55S0xbe7S0x3eaS0x11b	CONST
0xb57S0xbe7S0x3eaS0x11b	MLOAD
0x8f4S0x136	CONST
0x8f5S0x136	CONST
0x8f8S0x136	ADD
0x8fbS0x136	CONST
0x8feS0x136	CONST
0x900S0x136	ADD
0x902S0x136	CONST
0x8e5S0x136	CONST
0x8e9S0x136	CONST
0x8d4S0x8e4S0x136	CONST
0x8d5S0x8e4S0x136	CONST
0x8d9S0x8e4S0x136	CONST
0x8b5S0x8d3S0x8e4S0x136	CONST
0x8b6S0x8d3S0x8e4S0x136	CONST
0x8ccS0x8d3S0x8e4S0x136	AND
0x8f4S0x160	CONST
0x8f5S0x160	CONST
0x8f8S0x160	ADD
0x8fbS0x160	CONST
0x8feS0x160	CONST
0x900S0x160	ADD
0x902S0x160	CONST
0x8e5S0x160	CONST
0x8e9S0x160	CONST
0x8d4S0x8e4S0x160	CONST
0x8d5S0x8e4S0x160	CONST
0x8d9S0x8e4S0x160	CONST
0x8b5S0x8d3S0x8e4S0x160	CONST
0x8b6S0x8d3S0x8e4S0x160	CONST
0x8ccS0x8d3S0x8e4S0x160	AND
0x866S0x106	CONST
0x869S0x106	CONST
0x883S0x106	CONST
0x886S0x106	CONST
0x858S0x106	CONST
0x85aS0x106	CONST
0x85bS0x106	CONST
0x85fS0x106	SUB
0x860S0x106	SLT
0x861S0x106	ISZERO
0x862S0x106	CONST
0x86fS0x106	CONST
0x871S0x106	ADD
0x872S0x106	CALLDATALOAD
0x873S0x106	CONST
0x87dS0x106	GT
0x87eS0x106	ISZERO
0x87fS0x106	CONST
0x1e1dS0x106	CONST
0x88cS0x106	CONST
0x892S0x106	ADD
0x893S0x106	CONST
0x7beS0x106	CONST
0x89dS0x106	CONST
0x89fS0x106	CONST
0x8a5S0x106	ADD
0x8a6S0x106	CONST
0x7daS0x88bS0x106	CONST
0x7ddS0x88bS0x106	CONST
0x7f7S0x88bS0x106	CONST
0x7faS0x88bS0x106	CONST
0x813S0x88bS0x106	CONST
0x816S0x88bS0x106	CONST
0x7e4S0x88bS0x106	CALLDATALOAD
0x7e7S0x88bS0x106	CONST
0x7f1S0x88bS0x106	GT
0x7f2S0x88bS0x106	ISZERO
0x7f3S0x88bS0x106	CONST
0x7c2S0x88bS0x106	CONST
0x800S0x88bS0x106	CONST
0x803S0x88bS0x106	ADD
0x807S0x88bS0x106	CONST
0x80aS0x88bS0x106	MUL
0x80cS0x88bS0x106	ADD
0x80dS0x88bS0x106	GT
0x80eS0x88bS0x106	ISZERO
0x80fS0x88bS0x106	CONST
0x7c6S0x88bS0x106	CONST
0x7caS0x88bS0x106	CONST
0x7ceS0x88bS0x106	CONST
0x7d1S0x88bS0x106	CONST
0x7d4S0x88bS0x106	ADD
0x7d5S0x88bS0x106	SLT
0x7d6S0x88bS0x106	CONST
0x844S0x897S0x106	CONST
0x846S0x897S0x106	CALLDATALOAD
0x849S0x897S0x106	CONST
0x84dS0x897S0x106	CONST
0x83dS0x843S0x897S0x106	CONST
0x838S0x843S0x897S0x106	EQ
0x839S0x843S0x897S0x106	CONST
0x823S0x843S0x897S0x106	CONST
0x825S0x843S0x897S0x106	ISZERO
0x826S0x843S0x897S0x106	ISZERO
0x82eS0x843S0x897S0x106	CONST
0x832S0x843S0x897S0x106	CONST
0xa2cS0x28dB0x11b	CONST
0xa2fS0x28dB0x11b	CONST
0xa35S0x28dB0x11b	CONST
0xa36S0x28dB0x11b	CONST
0xa3cS0x28dB0x11b	ADD
0xa3dS0x28dB0x11b	CONST
0x1e63S0x28dB0x11b	CONST
0xa20S0x28dB0x11b	CONST
0xa21S0x28dB0x11b	CONST
0xa25S0x28dB0x11b	SUB
0xa26S0x28dB0x11b	SLT
0xa27S0x28dB0x11b	ISZERO
0xa28S0x28dB0x11b	CONST
0xa0cS0xa34S0x28dB0x11b	CONST
0xa0eS0xa34S0x28dB0x11b	CALLDATALOAD
0xa11S0xa34S0x28dB0x11b	CONST
0xa15S0xa34S0x28dB0x11b	CONST
0xa05S0xa0bS0xa34S0x28dB0x11b	CONST
0xa00S0xa0bS0xa34S0x28dB0x11b	EQ
0xa01S0xa0bS0xa34S0x28dB0x11b	CONST
0x9f6S0xa0bS0xa34S0x28dB0x11b	CONST
0x9faS0xa0bS0xa34S0x28dB0x11b	CONST
0x9e5S0x9f5S0xa0bS0xa34S0x28dB0x11b	CONST
0x9e6S0x9f5S0xa0bS0xa34S0x28dB0x11b	CONST
0x9eaS0x9f5S0xa0bS0xa34S0x28dB0x11b	CONST
0x8b5S0x9e4S0x9f5S0xa0bS0xa34S0x28dB0x11b	CONST
0x8b6S0x9e4S0x9f5S0xa0bS0xa34S0x28dB0x11b	CONST
0x8ccS0x9e4S0x9f5S0xa0bS0xa34S0x28dB0x11b	AND
0xa2cS0x390B0x11b	CONST
0xa2fS0x390B0x11b	CONST
0xa35S0x390B0x11b	CONST
0xa36S0x390B0x11b	CONST
0xa3cS0x390B0x11b	ADD
0xa3dS0x390B0x11b	CONST
0x1e63S0x390B0x11b	CONST
0xa20S0x390B0x11b	CONST
0xa21S0x390B0x11b	CONST
0xa25S0x390B0x11b	SUB
0xa26S0x390B0x11b	SLT
0xa27S0x390B0x11b	ISZERO
0xa28S0x390B0x11b	CONST
0xa0cS0xa34S0x390B0x11b	CONST
0xa0eS0xa34S0x390B0x11b	CALLDATALOAD
0xa11S0xa34S0x390B0x11b	CONST
0xa15S0xa34S0x390B0x11b	CONST
0xa05S0xa0bS0xa34S0x390B0x11b	CONST
0xa00S0xa0bS0xa34S0x390B0x11b	EQ
0xa01S0xa0bS0xa34S0x390B0x11b	CONST
0x9f6S0xa0bS0xa34S0x390B0x11b	CONST
0x9faS0xa0bS0xa34S0x390B0x11b	CONST
0x9e5S0x9f5S0xa0bS0xa34S0x390B0x11b	CONST
0x9e6S0x9f5S0xa0bS0xa34S0x390B0x11b	CONST
0x9eaS0x9f5S0xa0bS0xa34S0x390B0x11b	CONST
0x8b5S0x9e4S0x9f5S0xa0bS0xa34S0x390B0x11b	CONST
0x8b6S0x9e4S0x9f5S0xa0bS0xa34S0x390B0x11b	CONST
0x8ccS0x9e4S0x9f5S0xa0bS0xa34S0x390B0x11b	AND
0xa2cS0x44cB0x11b	CONST
0xa2fS0x44cB0x11b	CONST
0xa35S0x44cB0x11b	CONST
0xa36S0x44cB0x11b	CONST
0xa3cS0x44cB0x11b	ADD
0xa3dS0x44cB0x11b	CONST
0x1e63S0x44cB0x11b	CONST
0xa20S0x44cB0x11b	CONST
0xa21S0x44cB0x11b	CONST
0xa25S0x44cB0x11b	SUB
0xa26S0x44cB0x11b	SLT
0xa27S0x44cB0x11b	ISZERO
0xa28S0x44cB0x11b	CONST
0xa0cS0xa34S0x44cB0x11b	CONST
0xa0eS0xa34S0x44cB0x11b	CALLDATALOAD
0xa11S0xa34S0x44cB0x11b	CONST
0xa15S0xa34S0x44cB0x11b	CONST
0xa05S0xa0bS0xa34S0x44cB0x11b	CONST
0xa00S0xa0bS0xa34S0x44cB0x11b	EQ
0xa01S0xa0bS0xa34S0x44cB0x11b	CONST
0x9f6S0xa0bS0xa34S0x44cB0x11b	CONST
0x9faS0xa0bS0xa34S0x44cB0x11b	CONST
0x9e5S0x9f5S0xa0bS0xa34S0x44cB0x11b	CONST
0x9e6S0x9f5S0xa0bS0xa34S0x44cB0x11b	CONST
0x9eaS0x9f5S0xa0bS0xa34S0x44cB0x11b	CONST
0x8b5S0x9e4S0x9f5S0xa0bS0xa34S0x44cB0x11b	CONST
0x8b6S0x9e4S0x9f5S0xa0bS0xa34S0x44cB0x11b	CONST
0x8ccS0x9e4S0x9f5S0xa0bS0xa34S0x44cB0x11b	AND
0x29dS0x11b	JUMP
0x3a0S0x11b	JUMP
0x45cS0x11b	JUMP
0x11a	JUMP
0x142	JUMP
0x16c	JUMP
0x11f	JUMP
0x1f74	CALLPRIVATE
0x1f78	CALLPRIVATE
0x1f7b	CALLPRIVATE
0x1f7e	CALLPRIVATE
0x36	JUMP
0x135	JUMP
0x15f	JUMP
0x556	JUMP
0x57a	JUMP
0xc	JUMPI
0x3c	JUMPI
0x97	JUMPI
0xfc	JUMPI
0x129	JUMPI
0x153	JUMPI
0x1f6e	JUMPI
0x1f70	JUMPI
0x1f72	JUMPI
0xa0	STOP
0x105	STOP
0x121	STOP
0x14b	RETURN
0x175	RETURN
0x9e	REVERT
0x103	REVERT
0x12c	REVERT
0x156	REVERT
0x9b	RETURNDATACOPY
0x100	RETURNDATACOPY
0x250S0x11b	JUMP
0x245S0x11b	MSTORE
0x272S0x11b	JUMPI
0x279S0x11b	JUMP
0x2c5S0x11b	JUMP
0x2eeS0x11b	JUMP
0x358S0x11b	JUMP
0x34aS0x11b	MSTORE
0x34dS0x11b	MSTORE
0x354S0x11b	RETURNDATACOPY
0x375S0x11b	JUMPI
0x37cS0x11b	JUMP
0x438S0x11b	JUMP
0x523S0x11b	JUMPI
0x52aS0x11b	REVERT
0x527S0x11b	RETURNDATACOPY
0x1caS0x11b	JUMPI
0x21fS0x11b	JUMPI
0x259S0x11b	REVERT
0x4c8S0x11b	JUMPI
0x28cS0x11b	JUMP
0x1b9cS0x11b	REVERT
0x1b93S0x11b	MSTORE
0x1b98S0x11b	MSTORE
0x2beS0x11b	JUMPI
0x2d8S0x11b	JUMP
0x1be8S0x11b	REVERT
0x1bdfS0x11b	MSTORE
0x1be4S0x11b	MSTORE
0x2e7S0x11b	JUMPI
0x301S0x11b	JUMP
0x1c34S0x11b	REVERT
0x1c2bS0x11b	MSTORE
0x1c30S0x11b	MSTORE
0x310S0x11b	JUMP
0x31eS0x11b	JUMP
0x338S0x11b	JUMPI
0x367S0x11b	JUMPI
0x4baS0x11b	JUMP
0x3d1S0x11b	JUMP
0x38fS0x11b	JUMP
0x1c80S0x11b	REVERT
0x1c77S0x11b	MSTORE
0x1c7cS0x11b	MSTORE
0x3e9S0x11b	JUMPI
0x3ddS0x11b	MSTORE
0x3e1S0x11b	MSTORE
0x431S0x11b	JUMPI
0x425S0x11b	REVERT
0x44bS0x11b	JUMP
0x1cccS0x11b	REVERT
0x1cc3S0x11b	MSTORE
0x1cc8S0x11b	MSTORE
0x4a1S0x11b	JUMP
0x4aaS0x11b	LOG3
0x267S0x11b	JUMPI
0x532S0x11b	JUMP
0x41cS0x11b	JUMP
0x410S0x11b	MSTORE
0x9d6S0x27bS0x11b	JUMP
0x9cfS0x27bS0x11b	JUMPI
0x9e3S0x27bS0x11b	JUMP
0x1e42S0x27bS0x11b	REVERT
0x9d6S0x2c7S0x11b	JUMP
0x9cfS0x2c7S0x11b	JUMPI
0x9e3S0x2c7S0x11b	JUMP
0x1e42S0x2c7S0x11b	REVERT
0x9d6S0x2f0S0x11b	JUMP
0x9cfS0x2f0S0x11b	JUMPI
0x9e3S0x2f0S0x11b	JUMP
0x1e42S0x2f0S0x11b	REVERT
0xa64S0x302S0x11b	JUMP
0xa86S0x302S0x11b	JUMP
0xaa2S0x302S0x11b	JUMP
0xa5dS0x302S0x11b	JUMPI
0xa7fS0x302S0x11b	JUMPI
0x1e88S0x302S0x11b	REVERT
0xa9bS0x302S0x11b	JUMPI
0x9b8S0x302S0x11b	REVERT
0x9bcS0x302S0x11b	REVERT
0xaf3S0x311S0x11b	JUMP
0xadbS0x311S0x11b	JUMP
0xab5S0x311S0x11b	JUMP
0xae7S0x311S0x11b	JUMP
0xac3S0x311S0x11b	JUMP
0xabaS0x311S0x11b	CALLDATACOPY
0xabfS0x311S0x11b	MSTORE
0xaceS0x311S0x11b	JUMP
0x9d6S0x37eS0x11b	JUMP
0x9cfS0x37eS0x11b	JUMPI
0x9e3S0x37eS0x11b	JUMP
0x1e42S0x37eS0x11b	REVERT
0x9d6S0x43aS0x11b	JUMP
0x9cfS0x43aS0x11b	JUMPI
0x9e3S0x43aS0x11b	JUMP
0x1e42S0x43aS0x11b	REVERT
0xaabS0x302S0x11b	JUMP
0xaffS0x311S0x11b	JUMP
0x97cS0x220S0x11b	JUMP
0x974S0x220S0x11b	MSTORE
0x95aS0x220S0x11b	JUMP
0x965S0x220S0x11b	JUMP
0x943S0x220S0x11b	JUMP
0x941S0x220S0x11b	MSTORE
0x983S0x220S0x11b	JUMP
0x94fS0x220S0x11b	JUMP
0x91bS0x944S0x220S0x11b	JUMP
0x910S0x944S0x220S0x11b	MSTORE
0xbbfS0x3beS0x11b	JUMP
0xb48S0x3beS0x11b	JUMP
0xb53S0x3beS0x11b	JUMP
0xb31S0x3beS0x11b	JUMP
0xb2fS0x3beS0x11b	MSTORE
0xb99S0x3beS0x11b	JUMP
0xba9S0x3beS0x11b	JUMP
0xbb5S0x3beS0x11b	JUMP
0xbcbS0x3beS0x11b	JUMP
0xb3dS0x3beS0x11b	JUMP
0xbd6S0x3beS0x11b	JUMP
0xb8fS0x3beS0x11b	JUMP
0xb09S0xb90S0x3beS0x11b	JUMP
0xb85S0xb9aS0x3beS0x11b	JUMP
0xb80S0xb9aS0x3beS0x11b	MSTORE
0xb68S0xb9aS0x3beS0x11b	JUMPI
0xb7aS0xb9aS0x3beS0x11b	JUMP
0xb70S0xb9aS0x3beS0x11b	MSTORE
0xb09S0xb32S0x3beS0x11b	JUMP
0xb5dS0xb86S0x3beS0x11b	JUMP
0xc36S0x45dS0x11b	JUMP
0xc2dS0x45dS0x11b	MSTORE
0xbfaS0x45dS0x11b	JUMP
0xc0aS0x45dS0x11b	JUMP
0xc13S0x45dS0x11b	JUMP
0xc1eS0x45dS0x11b	JUMP
0xbe6S0x45dS0x11b	JUMP
0xc3eS0x45dS0x11b	JUMP
0xbf0S0x45dS0x11b	JUMP
0x91bS0xbf1S0x45dS0x11b	JUMP
0x910S0xbf1S0x45dS0x11b	MSTORE
0xb85S0xbfbS0x45dS0x11b	JUMP
0xb80S0xbfbS0x45dS0x11b	MSTORE
0xb68S0xbfbS0x45dS0x11b	JUMPI
0xb7aS0xbfbS0x45dS0x11b	JUMP
0xb70S0xbfbS0x45dS0x11b	MSTORE
0xb5dS0xbe7S0x45dS0x11b	JUMP
0xc36S0x3eaS0x11b	JUMP
0xc2dS0x3eaS0x11b	MSTORE
0xbfaS0x3eaS0x11b	JUMP
0xc0aS0x3eaS0x11b	JUMP
0xc13S0x3eaS0x11b	JUMP
0xc1eS0x3eaS0x11b	JUMP
0xbe6S0x3eaS0x11b	JUMP
0xc3eS0x3eaS0x11b	JUMP
0xbf0S0x3eaS0x11b	JUMP
0x91bS0xbf1S0x3eaS0x11b	JUMP
0x910S0xbf1S0x3eaS0x11b	MSTORE
0xb85S0xbfbS0x3eaS0x11b	JUMP
0xb80S0xbfbS0x3eaS0x11b	MSTORE
0xb68S0xbfbS0x3eaS0x11b	JUMPI
0xb7aS0xbfbS0x3eaS0x11b	JUMP
0xb70S0xbfbS0x3eaS0x11b	MSTORE
0xb5dS0xbe7S0x3eaS0x11b	JUMP
0x905S0x136	JUMP
0x8f2S0x136	JUMP
0x8efS0x136	MSTORE
0x90bS0x136	JUMP
0x8ecS0x136	JUMP
0x8e3S0x8e4S0x136	JUMP
0x8dcS0x8e4S0x136	JUMP
0x8d2S0x8d3S0x8e4S0x136	JUMP
0x905S0x160	JUMP
0x8f2S0x160	JUMP
0x8efS0x160	MSTORE
0x90bS0x160	JUMP
0x8ecS0x160	JUMP
0x8e3S0x8e4S0x160	JUMP
0x8dcS0x8e4S0x160	JUMP
0x8d2S0x8d3S0x8e4S0x160	JUMP
0x86cS0x106	JUMP
0x889S0x106	JUMP
0x865S0x106	JUMPI
0x882S0x106	JUMPI
0x1e1fS0x106	REVERT
0x896S0x106	JUMP
0x7c0S0x106	REVERT
0x8a9S0x106	JUMP
0x8b3S0x106	JUMP
0x7e0S0x88bS0x106	JUMP
0x7fdS0x88bS0x106	JUMP
0x819S0x88bS0x106	JUMP
0x7f6S0x88bS0x106	JUMPI
0x7c4S0x88bS0x106	REVERT
0x812S0x88bS0x106	JUMPI
0x7c8S0x88bS0x106	REVERT
0x7ccS0x88bS0x106	REVERT
0x7d9S0x88bS0x106	JUMPI
0x821S0x88bS0x106	JUMP
0x856S0x897S0x106	JUMP
0x850S0x897S0x106	JUMP
0x83fS0x843S0x897S0x106	REVERT
0x83cS0x843S0x897S0x106	JUMPI
0x82cS0x843S0x897S0x106	JUMP
0x842S0x843S0x897S0x106	JUMP
0x835S0x843S0x897S0x106	JUMP
0xa32S0x28dB0x11b	JUMP
0xa40S0x28dB0x11b	JUMP
0x1e65S0x28dB0x11b	REVERT
0xa49S0x28dB0x11b	JUMP
0xa2bS0x28dB0x11b	JUMPI
0xa1eS0xa34S0x28dB0x11b	JUMP
0xa18S0xa34S0x28dB0x11b	JUMP
0xa07S0xa0bS0xa34S0x28dB0x11b	REVERT
0xa04S0xa0bS0xa34S0x28dB0x11b	JUMPI
0xa0aS0xa0bS0xa34S0x28dB0x11b	JUMP
0x9fdS0xa0bS0xa34S0x28dB0x11b	JUMP
0x9f4S0x9f5S0xa0bS0xa34S0x28dB0x11b	JUMP
0x9edS0x9f5S0xa0bS0xa34S0x28dB0x11b	JUMP
0x8d2S0x9e4S0x9f5S0xa0bS0xa34S0x28dB0x11b	JUMP
0xa32S0x390B0x11b	JUMP
0xa40S0x390B0x11b	JUMP
0x1e65S0x390B0x11b	REVERT
0xa49S0x390B0x11b	JUMP
0xa2bS0x390B0x11b	JUMPI
0xa1eS0xa34S0x390B0x11b	JUMP
0xa18S0xa34S0x390B0x11b	JUMP
0xa07S0xa0bS0xa34S0x390B0x11b	REVERT
0xa04S0xa0bS0xa34S0x390B0x11b	JUMPI
0xa0aS0xa0bS0xa34S0x390B0x11b	JUMP
0x9fdS0xa0bS0xa34S0x390B0x11b	JUMP
0x9f4S0x9f5S0xa0bS0xa34S0x390B0x11b	JUMP
0x9edS0x9f5S0xa0bS0xa34S0x390B0x11b	JUMP
0x8d2S0x9e4S0x9f5S0xa0bS0xa34S0x390B0x11b	JUMP
0xa32S0x44cB0x11b	JUMP
0xa40S0x44cB0x11b	JUMP
0x1e65S0x44cB0x11b	REVERT
0xa49S0x44cB0x11b	JUMP
0xa2bS0x44cB0x11b	JUMPI
0xa1eS0xa34S0x44cB0x11b	JUMP
0xa18S0xa34S0x44cB0x11b	JUMP
0xa07S0xa0bS0xa34S0x44cB0x11b	REVERT
0xa04S0xa0bS0xa34S0x44cB0x11b	JUMPI
0xa0aS0xa0bS0xa34S0x44cB0x11b	JUMP
0x9fdS0xa0bS0xa34S0x44cB0x11b	JUMP
0x9f4S0x9f5S0xa0bS0xa34S0x44cB0x11b	JUMP
0x9edS0x9f5S0xa0bS0xa34S0x44cB0x11b	JUMP
0x8d2S0x9e4S0x9f5S0xa0bS0xa34S0x44cB0x11b	JUMP
0x5acS0x3a1B0x11b	CONST
0x5afS0x3a1B0x11b	CONST
0x5b2S0x3a1B0x11b	JUMP
0x615S0x3a1B0x11b	CONST
0x618S0x3a1B0x11b	CONST
0x61bS0x3a1B0x11b	JUMP
0x678S0x3a1B0x11b	CONST
0x67bS0x3a1B0x11b	CONST
0x67eS0x3a1B0x11b	JUMP
0x6d5S0x3a1B0x11b	CONST
0x6f6S0x3a1B0x11b	CONST
0x6f9S0x3a1B0x11b	AND
0x6faS0x3a1B0x11b	CONST
0x6fdS0x3a1B0x11b	LT
0x6feS0x3a1B0x11b	CONST
0x6d5_0x2S0x3a1B0x11b	PHI
0x701S0x3a1B0x11b	JUMPI
0x702S0x3a1B0x11b	CONST
0x705S0x3a1B0x11b	CONST
0x708S0x3a1B0x11b	JUMP
0x719S0x3a1B0x11b	CONST
0x71cS0x3a1B0x11b	CONST
0x71fS0x3a1B0x11b	JUMP
0xd2aS0x3a1B0x11b	CONST
0xd2dS0x3a1B0x11b	CONST
0xd30S0x3a1B0x11b	JUMP
0x592S0x3a1B0x11b	CONST
0x597S0x3a1B0x11b	CONST
0x59aS0x3a1B0x11b	JUMP
0x59cS0x3a1B0x11b	CONST
0x5a6S0x3a1B0x11b	GT
0x5a7S0x3a1B0x11b	ISZERO
0x5a8S0x3a1B0x11b	CONST
0x5abS0x3a1B0x11b	JUMPI
0x5b5S0x3a1B0x11b	CONST
0x5b7S0x3a1B0x11b	MLOAD
0x5bdS0x3a1B0x11b	CONST
0x5bfS0x3a1B0x11b	ADD
0x5c0S0x3a1B0x11b	CONST
0x5c2S0x3a1B0x11b	NOT
0x5c3S0x3a1B0x11b	AND
0x5c4S0x3a1B0x11b	CONST
0x5c6S0x3a1B0x11b	ADD
0x5c8S0x3a1B0x11b	ADD
0x5c9S0x3a1B0x11b	CONST
0x5cdS0x3a1B0x11b	ISZERO
0x5ceS0x3a1B0x11b	CONST
0x5d1S0x3a1B0x11b	JUMPI
0x5bbS0x3a1B0x11b	MSTORE
0x5cbS0x3a1B0x11b	MSTORE
0xceaS0x3a1B0x11b	CONST
0xd0bS0x3a1B0x11b	CONST
0xd0dS0x3a1B0x11b	CONST
0xd0fS0x3a1B0x11b	CONST
0xd12S0x3a1B0x11b	CONST
0xd14S0x3a1B0x11b	CONST
0xd15S0x3a1B0x11b	REVERT
0xd0cS0x3a1B0x11b	MSTORE
0xd11S0x3a1B0x11b	MSTORE
0x5eaS0x3a1B0x11b	CONST
0x60cS0x3a1B0x11b	CONST
0x60eS0x3a1B0x11b	MLOAD
0x610S0x3a1B0x11b	LT
0x611S0x3a1B0x11b	CONST
0x614S0x3a1B0x11b	JUMPI
0x61eS0x3a1B0x11b	CONST
0x620S0x3a1B0x11b	ADD
0x621S0x3a1B0x11b	ADD
0x623S0x3a1B0x11b	CONST
0x643S0x3a1B0x11b	NOT
0x644S0x3a1B0x11b	AND
0x647S0x3a1B0x11b	CONST
0x648S0x3a1B0x11b	BYTE
0x64cS0x3a1B0x11b	CONST
0x66eS0x3a1B0x11b	CONST
0x671S0x3a1B0x11b	MLOAD
0x673S0x3a1B0x11b	LT
0x674S0x3a1B0x11b	CONST
0x677S0x3a1B0x11b	JUMPI
0x64aS0x3a1B0x11b	MSTORE8
0x1cedS0x3a1B0x11b	CONST
0x1d0eS0x3a1B0x11b	CONST
0x1d10S0x3a1B0x11b	CONST
0x1d12S0x3a1B0x11b	CONST
0x1d15S0x3a1B0x11b	CONST
0x1d17S0x3a1B0x11b	CONST
0x1d18S0x3a1B0x11b	REVERT
0x1d0fS0x3a1B0x11b	MSTORE
0x1d14S0x3a1B0x11b	MSTORE
0x681S0x3a1B0x11b	CONST
0x683S0x3a1B0x11b	ADD
0x684S0x3a1B0x11b	ADD
0x686S0x3a1B0x11b	CONST
0x6a6S0x3a1B0x11b	NOT
0x6a7S0x3a1B0x11b	AND
0x6aaS0x3a1B0x11b	CONST
0x6abS0x3a1B0x11b	BYTE
0x6afS0x3a1B0x11b	CONST
0x6b0S0x3a1B0x11b	CONST
0x6b3S0x3a1B0x11b	CONST
0x6b5S0x3a1B0x11b	CONST
0x6baS0x3a1B0x11b	CONST
0x6bdS0x3a1B0x11b	JUMP
0x6adS0x3a1B0x11b	MSTORE8
0x1d39S0x3a1B0x11b	CONST
0x1d5aS0x3a1B0x11b	CONST
0x1d5cS0x3a1B0x11b	CONST
0x1d5eS0x3a1B0x11b	CONST
0x1d61S0x3a1B0x11b	CONST
0x1d63S0x3a1B0x11b	CONST
0x1d64S0x3a1B0x11b	REVERT
0x1d5bS0x3a1B0x11b	MSTORE
0x1d60S0x3a1B0x11b	MSTORE
0x6bfS0x3a1B0x11b	CONST
0x6c4S0x3a1B0x11b	CONST
0x6c7S0x3a1B0x11b	JUMP
0x769S0x3a1B0x11b	CONST
0x76bS0x3a1B0x11b	EQ
0x76cS0x3a1B0x11b	CONST
0x767_0x2S0x3a1B0x11b	PHI
0x76fS0x3a1B0x11b	JUMPI
0x70bS0x3a1B0x11b	BYTE
0x70cS0x3a1B0x11b	CONST
0x70eS0x3a1B0x11b	SHL
0x712S0x3a1B0x11b	MLOAD
0x714S0x3a1B0x11b	LT
0x715S0x3a1B0x11b	CONST
0x70a_0x2S0x3a1B0x11b	PHI
0x718S0x3a1B0x11b	JUMPI
0x1d85S0x3a1B0x11b	CONST
0x1da6S0x3a1B0x11b	CONST
0x1da8S0x3a1B0x11b	CONST
0x1daaS0x3a1B0x11b	CONST
0x1dadS0x3a1B0x11b	CONST
0x1dafS0x3a1B0x11b	CONST
0x1db0S0x3a1B0x11b	REVERT
0x1da7S0x3a1B0x11b	MSTORE
0x1dacS0x3a1B0x11b	MSTORE
0x722S0x3a1B0x11b	CONST
0x724S0x3a1B0x11b	ADD
0x725S0x3a1B0x11b	ADD
0x727S0x3a1B0x11b	CONST
0x747S0x3a1B0x11b	NOT
0x748S0x3a1B0x11b	AND
0x74bS0x3a1B0x11b	CONST
0x74cS0x3a1B0x11b	BYTE
0x750S0x3a1B0x11b	CONST
0x754S0x3a1B0x11b	SHR
0x758S0x3a1B0x11b	CONST
0x75cS0x3a1B0x11b	CONST
0x721_0x0S0x3a1B0x11b	PHI
0x721_0x5S0x3a1B0x11b	PHI
0x75fS0x3a1B0x11b	JUMP
0x74eS0x3a1B0x11b	MSTORE8
0x1dd1S0x3a1B0x11b	CONST
0x1df2S0x3a1B0x11b	CONST
0x1df4S0x3a1B0x11b	CONST
0x1df6S0x3a1B0x11b	CONST
0x1df9S0x3a1B0x11b	CONST
0x1dfbS0x3a1B0x11b	CONST
0x1dfcS0x3a1B0x11b	REVERT
0x1df3S0x3a1B0x11b	MSTORE
0x1df8S0x3a1B0x11b	MSTORE
0x763S0x3a1B0x11b	CONST
0x766S0x3a1B0x11b	JUMP
0xd17S0x3a1B0x11b	CONST
0xd18S0x3a1B0x11b	CONST
0xd1cS0x3a1B0x11b	CONST
0xd16_0x0S0x3a1B0x11b	PHI
0xd1fS0x3a1B0x11b	JUMP
0x6ccS0x3a1B0x11b	CONST
0x6cfS0x3a1B0x11b	GT
0x6d0S0x3a1B0x11b	ISZERO
0x6d1S0x3a1B0x11b	CONST
0x6cb_0x0S0x3a1B0x11b	PHI
0x6d4S0x3a1B0x11b	JUMPI
0x7b8S0x3a1B0x11b	JUMP
0x7a6S0x3a1B0x11b	CONST
0x7a8S0x3a1B0x11b	MLOAD
0x7abS0x3a1B0x11b	SUB
0x7adS0x3a1B0x11b	REVERT
0xd23S0x3a1B0x11b	CONST
0xd25S0x3a1B0x11b	SUB
0xd26S0x3a1B0x11b	CONST
0xd29S0x3a1B0x11b	JUMPI
0xd33S0x3a1B0x11b	CONST
0xd36S0x3a1B0x11b	SUB
0xd3cS0x3a1B0x11b	JUMP
0x1f41S0x3a1B0x11b	CONST
0x1f62S0x3a1B0x11b	CONST
0x1f64S0x3a1B0x11b	CONST
0x1f66S0x3a1B0x11b	CONST
0x1f69S0x3a1B0x11b	CONST
0x1f6bS0x3a1B0x11b	CONST
0x1f6cS0x3a1B0x11b	REVERT
0x1f63S0x3a1B0x11b	MSTORE
0x1f68S0x3a1B0x11b	MSTORE
0x57cS0x3a1B0x11b	CONST
0x57eS0x3a1B0x11b	CONST
0x582S0x3a1B0x11b	CONST
0x583S0x3a1B0x11b	CONST
0x586S0x3a1B0x11b	CONST
0x588S0x3a1B0x11b	CONST
0x58dS0x3a1B0x11b	CONST
0x590S0x3a1B0x11b	JUMP
0x5d3S0x3a1B0x11b	CONST
0x5d5S0x3a1B0x11b	ADD
0x5d6S0x3a1B0x11b	CONST
0x5d9S0x3a1B0x11b	MUL
0x5dbS0x3a1B0x11b	CALLDATASIZE
0x5e0S0x3a1B0x11b	ADD
0x5ddS0x3a1B0x11b	CALLDATACOPY
0x772S0x3a1B0x11b	CONST
0x774S0x3a1B0x11b	MLOAD
0x775S0x3a1B0x11b	CONST
0x798S0x3a1B0x11b	CONST
0x79aS0x3a1B0x11b	ADD
0x79bS0x3a1B0x11b	CONST
0x7a1S0x3a1B0x11b	CONST
0x7a4S0x3a1B0x11b	JUMP
0x797S0x3a1B0x11b	MSTORE
0xc40S0xd16S0x3a1B0x11b	CONST
0xc47S0xd16S0x3a1B0x11b	JUMP
0xca7S0x57bS0x3a1B0x11b	CONST
0xcaaS0x57bS0x3a1B0x11b	CONST
0xcadS0x57bS0x3a1B0x11b	JUMP
0xc76S0x57bS0x3a1B0x11b	CONST
0xc77S0x57bS0x3a1B0x11b	CONST
0xc7bS0x57bS0x3a1B0x11b	CONST
0xc7eS0x57bS0x3a1B0x11b	JUMP
0xc82S0x57bS0x3a1B0x11b	CONST
0xc86S0x57bS0x3a1B0x11b	CONST
0xc89S0x57bS0x3a1B0x11b	JUMP
0xc8fS0x57bS0x3a1B0x11b	MUL
0xc90S0x57bS0x3a1B0x11b	CONST
0xc94S0x57bS0x3a1B0x11b	CONST
0xc97S0x57bS0x3a1B0x11b	JUMP
0xc9dS0x57bS0x3a1B0x11b	DIV
0xc9fS0x57bS0x3a1B0x11b	EQ
0xca1S0x57bS0x3a1B0x11b	ISZERO
0xca2S0x57bS0x3a1B0x11b	OR
0xca3S0x57bS0x3a1B0x11b	CONST
0xca6S0x57bS0x3a1B0x11b	JUMPI
0x1ea9S0x57bS0x3a1B0x11b	CONST
0x1ecaS0x57bS0x3a1B0x11b	CONST
0x1eccS0x57bS0x3a1B0x11b	CONST
0x1eceS0x57bS0x3a1B0x11b	CONST
0x1ed1S0x57bS0x3a1B0x11b	CONST
0x1ed3S0x57bS0x3a1B0x11b	CONST
0x1ed4S0x57bS0x3a1B0x11b	REVERT
0x1ecbS0x57bS0x3a1B0x11b	MSTORE
0x1ed0S0x57bS0x3a1B0x11b	MSTORE
0xc40S0xc75S0x57bS0x3a1B0x11b	CONST
0xc47S0xc75S0x57bS0x3a1B0x11b	JUMP
0xc40S0xc7fS0x57bS0x3a1B0x11b	CONST
0xc47S0xc7fS0x57bS0x3a1B0x11b	JUMP
0xc40S0xc8aS0x57bS0x3a1B0x11b	CONST
0xc47S0xc8aS0x57bS0x3a1B0x11b	JUMP
0xcdbS0x591S0x3a1B0x11b	CONST
0xcdeS0x591S0x3a1B0x11b	CONST
0xce1S0x591S0x3a1B0x11b	JUMP
0xcb7S0x591S0x3a1B0x11b	CONST
0xcb8S0x591S0x3a1B0x11b	CONST
0xcbcS0x591S0x3a1B0x11b	CONST
0xcbfS0x591S0x3a1B0x11b	JUMP
0xcc3S0x591S0x3a1B0x11b	CONST
0xcc7S0x591S0x3a1B0x11b	CONST
0xccaS0x591S0x3a1B0x11b	JUMP
0xcd0S0x591S0x3a1B0x11b	ADD
0xcd5S0x591S0x3a1B0x11b	GT
0xcd6S0x591S0x3a1B0x11b	ISZERO
0xcd7S0x591S0x3a1B0x11b	CONST
0xcdaS0x591S0x3a1B0x11b	JUMPI
0x1ef5S0x591S0x3a1B0x11b	CONST
0x1f16S0x591S0x3a1B0x11b	CONST
0x1f18S0x591S0x3a1B0x11b	CONST
0x1f1aS0x591S0x3a1B0x11b	CONST
0x1f1dS0x591S0x3a1B0x11b	CONST
0x1f1fS0x591S0x3a1B0x11b	CONST
0x1f20S0x591S0x3a1B0x11b	REVERT
0x1f17S0x591S0x3a1B0x11b	MSTORE
0x1f1cS0x591S0x3a1B0x11b	MSTORE
0xc40S0xcb6S0x591S0x3a1B0x11b	CONST
0xc47S0xcb6S0x591S0x3a1B0x11b	JUMP
0xc40S0xcc0S0x591S0x3a1B0x11b	CONST
0xc47S0xcc0S0x591S0x3a1B0x11b	JUMP
0xca7S0x680S0x3a1B0x11b	CONST
0xcaaS0x680S0x3a1B0x11b	CONST
0xcadS0x680S0x3a1B0x11b	JUMP
0xc76S0x680S0x3a1B0x11b	CONST
0xc77S0x680S0x3a1B0x11b	CONST
0xc7bS0x680S0x3a1B0x11b	CONST
0xc7eS0x680S0x3a1B0x11b	JUMP
0xc82S0x680S0x3a1B0x11b	CONST
0xc86S0x680S0x3a1B0x11b	CONST
0xc89S0x680S0x3a1B0x11b	JUMP
0xc8fS0x680S0x3a1B0x11b	MUL
0xc90S0x680S0x3a1B0x11b	CONST
0xc94S0x680S0x3a1B0x11b	CONST
0xc97S0x680S0x3a1B0x11b	JUMP
0xc9dS0x680S0x3a1B0x11b	DIV
0xc9fS0x680S0x3a1B0x11b	EQ
0xca1S0x680S0x3a1B0x11b	ISZERO
0xca2S0x680S0x3a1B0x11b	OR
0xca3S0x680S0x3a1B0x11b	CONST
0xca6S0x680S0x3a1B0x11b	JUMPI
0x1ea9S0x680S0x3a1B0x11b	CONST
0x1ecaS0x680S0x3a1B0x11b	CONST
0x1eccS0x680S0x3a1B0x11b	CONST
0x1eceS0x680S0x3a1B0x11b	CONST
0x1ed1S0x680S0x3a1B0x11b	CONST
0x1ed3S0x680S0x3a1B0x11b	CONST
0x1ed4S0x680S0x3a1B0x11b	REVERT
0x1ecbS0x680S0x3a1B0x11b	MSTORE
0x1ed0S0x680S0x3a1B0x11b	MSTORE
0xc40S0xc75S0x680S0x3a1B0x11b	CONST
0xc47S0xc75S0x680S0x3a1B0x11b	JUMP
0xc40S0xc7fS0x680S0x3a1B0x11b	CONST
0xc47S0xc7fS0x680S0x3a1B0x11b	JUMP
0xc40S0xc8aS0x680S0x3a1B0x11b	CONST
0xc47S0xc8aS0x680S0x3a1B0x11b	JUMP
0xcdbS0x6beS0x3a1B0x11b	CONST
0xcdeS0x6beS0x3a1B0x11b	CONST
0xce1S0x6beS0x3a1B0x11b	JUMP
0xcb7S0x6beS0x3a1B0x11b	CONST
0xcb8S0x6beS0x3a1B0x11b	CONST
0xcbcS0x6beS0x3a1B0x11b	CONST
0xcbfS0x6beS0x3a1B0x11b	JUMP
0xcc3S0x6beS0x3a1B0x11b	CONST
0xcc7S0x6beS0x3a1B0x11b	CONST
0xccaS0x6beS0x3a1B0x11b	JUMP
0xcd0S0x6beS0x3a1B0x11b	ADD
0xcd5S0x6beS0x3a1B0x11b	GT
0xcd6S0x6beS0x3a1B0x11b	ISZERO
0xcd7S0x6beS0x3a1B0x11b	CONST
0xcdaS0x6beS0x3a1B0x11b	JUMPI
0x1ef5S0x6beS0x3a1B0x11b	CONST
0x1f16S0x6beS0x3a1B0x11b	CONST
0x1f18S0x6beS0x3a1B0x11b	CONST
0x1f1aS0x6beS0x3a1B0x11b	CONST
0x1f1dS0x6beS0x3a1B0x11b	CONST
0x1f1fS0x6beS0x3a1B0x11b	CONST
0x1f20S0x6beS0x3a1B0x11b	REVERT
0x1f17S0x6beS0x3a1B0x11b	MSTORE
0x1f1cS0x6beS0x3a1B0x11b	MSTORE
0xc40S0xcb6S0x6beS0x3a1B0x11b	CONST
0xc47S0xcb6S0x6beS0x3a1B0x11b	JUMP
0xc40S0xcc0S0x6beS0x3a1B0x11b	CONST
0xc47S0xcc0S0x6beS0x3a1B0x11b	JUMP
0xd4dS0x770S0x3a1B0x11b	CONST
0xd4eS0x770S0x3a1B0x11b	CONST
0xd51S0x770S0x3a1B0x11b	ADD
0xd54S0x770S0x3a1B0x11b	CONST
0xd57S0x770S0x3a1B0x11b	CONST
0xd59S0x770S0x3a1B0x11b	ADD
0xd5bS0x770S0x3a1B0x11b	CONST
0xd5eS0x770S0x3a1B0x11b	JUMP
0xd60S0x770S0x3a1B0x11b	CONST
0xd63S0x770S0x3a1B0x11b	CONST
0xd66S0x770S0x3a1B0x11b	ADD
0xd68S0x770S0x3a1B0x11b	CONST
0xd6bS0x770S0x3a1B0x11b	JUMP
0xd3eS0xd4cS0x770S0x3a1B0x11b	CONST
0xd42S0xd4cS0x770S0x3a1B0x11b	CONST
0xd45S0xd4cS0x770S0x3a1B0x11b	JUMP
0xc40S0xd3dS0xd4cS0x770S0x3a1B0x11b	CONST
0xc47S0xd3dS0xd4cS0x770S0x3a1B0x11b	JUMP
0xd3eS0xd5fS0x770S0x3a1B0x11b	CONST
0xd42S0xd5fS0x770S0x3a1B0x11b	CONST
0xd45S0xd5fS0x770S0x3a1B0x11b	JUMP
0xc40S0xd3dS0xd5fS0x770S0x3a1B0x11b	CONST
0xc47S0xd3dS0xd5fS0x770S0x3a1B0x11b	JUMP
0xcb5S0x57bS0x3a1B0x11b	JUMP
0xce8S0x591S0x3a1B0x11b	JUMP
0xcb5S0x680S0x3a1B0x11b	JUMP
0xce8S0x6beS0x3a1B0x11b	JUMP
0xd72S0x770S0x3a1B0x11b	JUMP
0xd4bS0xd4cS0x770S0x3a1B0x11b	JUMP
0xd48S0xd4cS0x770S0x3a1B0x11b	MSTORE
0xd4bS0xd5fS0x770S0x3a1B0x11b	JUMP
0xd48S0xd5fS0x770S0x3a1B0x11b	MSTORE
