0x0	__function_selector__
0x22e	0x03f85793
0x269	destroyContract()
0x27f	transferTokens(address)
0x292	operators(address)
0x2d0	emergencyWithdrawToken(address)
0x2ef	0x29cd3d04
0x2f7	0x2c7bddf4
0x30b	getTokenBalance(address)
0x338	unpause()
0x34c	0x5aaadaa5
0x36d	paused()
0x38c	isOperator(address)
0x3ab	getContractBalance()
0x3bd	0x74503517
0x3dc	0x7c0c0743
0x4d2	emergencyWithdrawETH()
0x4e6	pause()
0x4fa	getOwner()
0x52c	0x8da137f5
0x54b	addOperator(address)
0x56a	0x9ac475cd
0x5ed	0xab7e4c70
0x600	removeOperator(address)
0x61f	executeCall(address,bytes)
0x632	0xddd0fd06
0x651	0xf4c306d0
0x670	setTargetAddress(address)
0x68f	0x68f
0x72b	0x72b
0xbe4	0xbe4
0xfb8	0xfb8
0x13c0	0x13c0
0x1613	0x1613
0x1798	0x1798
0x1985	0x1985
0x1a77	0x1a77
0x1d0e	0x1d0e
0x1d9c	0x1d9c
0x1e4a	0x1e4a
0x1e65	0x1e65
0x1e85	0x1e85
0x1ecd	0x1ecd
0x1f39	0x1f39
0x1ffb	0x1ffb
0x20c8	0x20c8
0x20f9	0x20f9
0x2138	0x2138
0x2156	0x2156
0x216d	0x216d
0x21b4	0x21b4
0x21f7	0x21f7
0x2206	0x2206
0x2234	0x2234
0x9417	0xeeeeeeee
