0x0	30
0xd	33
0x49	11
0x7a	11
0xd3	14
0x12c	14
0x13d	5
0x165	5
0x18f	5
0x1b9	5
0x1e3	5
0x1f9	5
0x223	5
0x24d	5
0x2c8	14
0x2f9	38
0x380	14
0x3b1	38
0x433	5
0x44c	14
0x521	5
0x53a	14
0x60f	5
0x628	14
0x703	14
0x738	38
0x779	7
0x788	33
0x793	14
0x82c	14
0x8e3	38
0x982	14
0x9b5	38
0xa8f	38
0xc19	14
0xd72	38
0x1831	14
0x74eb	0
0x7e	16
0x4d	23
0xdc	800
0xda	1
0x133	1
0x140	46
0x15b	1
0x156	12
0x26f	98
0x168	17
0x171	27
0xdbd	15
0x17e	19
0x192	17
0x19b	27
0xdd5	15
0x1a8	19
0x1bc	17
0x1c5	27
0xded	15
0x1d2	19
0x1e6	17
0x1ef	1
0x1fc	17
0x205	27
0xebd	15
0x212	19
0x226	17
0x22f	27
0xed5	15
0x23c	19
0x250	17
0x259	27
0xeed	15
0x266	19
0x2b4	89
0x2cf	81
0x2f3	17
0x333	68
0x32a	19
0x64	22
0x36c	89
0x387	81
0x3ab	17
0x3eb	20
0x3e2	19
0x4d9	20
0x436	733
0x447	14
0x4d8	1
0x453	23
0x4ce	3
0x467	17
0x472	36
0x4d0	15
0x483	78
0x4c5	19
0x5c7	20
0x524	733
0x535	14
0x5c6	1
0x541	23
0x5bc	3
0x555	17
0x560	36
0x5be	15
0x571	78
0x5b3	19
0x6b5	70
0x612	733
0x623	14
0x6b4	1
0x62f	23
0x6aa	3
0x643	17
0x64e	36
0x6ac	15
0x65f	78
0x6a1	19
0x6ef	89
0x70a	81
0x72e	27
0x772	20
0x769	19
0xce3	75
0x8ae	36
0x79b	49
0x16bd	23
0x7b0	88
0x818	89
0x833	81
0x857	39
0x899	28
0x8a6	19
0x17fd	20
0x77c	34
0x91d	77
0x914	19
0x96d	751
0x989	81
0x9ad	22
0x9ef	28
0x9e6	19
0x9fe	80
0xa4f	757
0xa8a	14
0xa87	4
0xac9	246
0xac0	19
0xbd9	757
0xc14	14
0xc11	4
0xcd8	24
0xc20	23
0xc9b	3
0xc34	17
0xc3f	36
0xc9d	39
0xc50	78
0xc92	19
0xccf	19
0xdae	35
0xd32	757
0xd6d	14
0xd6a	4
0xdac	3
0xda3	19
0x1807	28
0x1839	31
0x39b1	23
0x74fa	0
0x74fd	0
0x7500	0
0x7503	0
0x74ee	0
0x74f1	0
0x74f4	0
0x74f7	0
0x74ed	799
0x135	22
0x15d	22
0x187	22
0x1b1	22
0x1db	22
0x1f1	22
0x21b	22
0x245	22
0x3e	22
0x1d	22
0x28	22
0x33	22
0x59	22
0x6f	22
0x3f2	795
0x444	5
0x45f	16
0x46d	13
0x4e0	795
0x532	5
0x54d	16
0x55b	13
0x5ce	795
0x620	5
0x63b	16
0x649	13
0x88d	31
0xa67	74
0xbf1	74
0xc2c	16
0xc3a	13
0xd4a	74
0x12e1B0x44c	30
0x12d6B0x44c	27
0x12f2B0x44c	12
0x12caB0x44c	33
0x12e1B0x53a	30
0x12d6B0x53a	27
0x12f2B0x53a	12
0x12caB0x53a	33
0x12e1B0x628	30
0x12d6B0x628	27
0x12f2B0x628	12
0x12caB0x628	33
0x12e1B0xc19	30
0x12d6B0xc19	27
0x12f2B0xc19	12
0x12caB0xc19	33
0xe19B0x1e6	800
0xe68B0x1e6	14
0xeb1B0x1e6	14
0xe05B0x1e6	38
0xe75B0x1e6	800
0xe6fB0x1e6	14
0x15f7B0x17fd	27
0x1244B0x2f9	54
0x122eB0x2f9	23
0x1239B0x2f9	31
0x11faB0x2f9	25
0x1222B0x2f9	23
0x11eaB0x1222B0x2f9	44
0x12acB0x3b1	54
0x1296B0x3b1	23
0x12a1B0x3b1	31
0x1262B0x3b1	25
0x128aB0x3b1	23
0x11eaB0x128aB0x3b1	44
0x169fB0x738	54
0x1689B0x738	23
0x1694B0x738	31
0x1655B0x738	25
0x167dB0x738	23
0x11eaB0x167dB0x738	44
0x188eB0x8e3	54
0x1878B0x8e3	23
0x1883B0x8e3	31
0x1844B0x8e3	25
0x186cB0x8e3	23
0x11eaB0x186cB0x8e3	44
0x192cB0x9b5	54
0x1916B0x9b5	23
0x1921B0x9b5	31
0x18e2B0x9b5	25
0x190aB0x9b5	23
0x11eaB0x190aB0x9b5	44
0x19c7B0xa8f	54
0x19b1B0xa8f	23
0x19bcB0xa8f	31
0x197dB0xa8f	25
0x19a5B0xa8f	23
0x11eaB0x19a5B0xa8f	44
0x1c1eB0xd72	54
0x1c08B0xd72	23
0x1c13B0xd72	31
0x1bd4B0xd72	25
0x1bfcB0xd72	23
0x11eaB0x1bfcB0xd72	44
0x1501B0x483	57
0x14d3B0x483	21
0x14ddB0x483	35
0x14edB0x483	18
0x14f6B0x483	32
0x14c9B0x483	20
0x11eaB0x14d3B0x483	44
0x146dB0x14ddB0x483	31
0x1452B0x14ddB0x483	26
0x1450B0x14ddB0x483	3
0x145bB0x14ddB0x483	49
0x12f5B0x14edB0x483	42
0x1446B0x14c9B0x483	30
0x1501B0x571	57
0x14d3B0x571	21
0x14ddB0x571	35
0x14edB0x571	18
0x14f6B0x571	32
0x14c9B0x571	20
0x11eaB0x14d3B0x571	44
0x146dB0x14ddB0x571	31
0x1452B0x14ddB0x571	26
0x1450B0x14ddB0x571	3
0x145bB0x14ddB0x571	49
0x12f5B0x14edB0x571	42
0x1446B0x14c9B0x571	30
0x1501B0x65f	57
0x14d3B0x65f	21
0x14ddB0x65f	35
0x14edB0x65f	18
0x14f6B0x65f	32
0x14c9B0x65f	20
0x11eaB0x14d3B0x65f	44
0x146dB0x14ddB0x65f	31
0x1452B0x14ddB0x65f	26
0x1450B0x14ddB0x65f	3
0x145bB0x14ddB0x65f	49
0x12f5B0x14edB0x65f	42
0x1446B0x14c9B0x65f	30
0x17b2B0x833	14
0x17a5B0x833	34
0x17baB0x833	29
0x398eB0x833	6
0x1791B0x17baB0x833	31
0x1bb6B0xc9d	54
0x1ba0B0xc9d	23
0x1babB0xc9d	31
0x1b46B0xc9d	40
0x1b94B0xc9d	23
0x11eaB0x1b94B0xc9d	44
0x1501B0xc50	57
0x14d3B0xc50	21
0x14ddB0xc50	35
0x14edB0xc50	18
0x14f6B0xc50	32
0x14c9B0xc50	20
0x11eaB0x14d3B0xc50	44
0x146dB0x14ddB0xc50	31
0x1452B0x14ddB0xc50	26
0x1450B0x14ddB0xc50	3
0x145bB0x14ddB0xc50	49
0x12f5B0x14edB0xc50	42
0x1446B0x14c9B0xc50	30
0x1352B0x45f	14
0x136dB0x45f	14
0x1363B0x45f	24
0x133bB0x45f	44
0x135aB0x45f	24
0x1305B0x45f	23
0x1374B0x45f	66
0xf05B0x45f	25
0x139cB0x45f	41
0x13baB0x45f	52
0x13d7B0x45f	33
0x1332B0x45f	18
0x1396B0x45f	15
0x13b2B0x45f	19
0x13ceB0x45f	21
0x12f5B0x1332B0x45f	42
0x1352B0x54d	14
0x136dB0x54d	14
0x1363B0x54d	24
0x133bB0x54d	44
0x135aB0x54d	24
0x1305B0x54d	23
0x1374B0x54d	66
0xf05B0x54d	25
0x139cB0x54d	41
0x13baB0x54d	52
0x13d7B0x54d	33
0x1332B0x54d	18
0x1396B0x54d	15
0x13b2B0x54d	19
0x13ceB0x54d	21
0x12f5B0x1332B0x54d	42
0x1352B0x63b	14
0x136dB0x63b	14
0x1363B0x63b	24
0x133bB0x63b	44
0x135aB0x63b	24
0x1305B0x63b	23
0x1374B0x63b	66
0xf05B0x63b	25
0x139cB0x63b	41
0x13baB0x63b	52
0x13d7B0x63b	33
0x1332B0x63b	18
0x1396B0x63b	15
0x13b2B0x63b	19
0x13ceB0x63b	21
0x12f5B0x1332B0x63b	42
0x1352B0xc2c	14
0x136dB0xc2c	14
0x1363B0xc2c	24
0x133bB0xc2c	44
0x135aB0xc2c	24
0x1305B0xc2c	23
0x1374B0xc2c	66
0xf05B0xc2c	25
0x139cB0xc2c	41
0x13baB0xc2c	52
0x13d7B0xc2c	33
0x1332B0xc2c	18
0x1396B0xc2c	15
0x13b2B0xc2c	19
0x13ceB0xc2c	21
0x12f5B0x1332B0xc2c	42
0x11ccB0x2cf	14
0x11bfB0x2cf	34
0x11d4B0x2cf	29
0x3925B0x2cf	6
0x11abB0x11d4B0x2cf	31
0xf31B0x11abB0x11d4B0x2cf	5
0xf2aB0x11abB0x11d4B0x2cf	20
0xf16B0x11abB0x11d4B0x2cf	33
0xf21B0x11abB0x11d4B0x2cf	18
0x11ccB0x387	14
0x11bfB0x387	34
0x11d4B0x387	29
0x3925B0x387	6
0x11abB0x11d4B0x387	31
0xf31B0x11abB0x11d4B0x387	5
0xf2aB0x11abB0x11d4B0x387	20
0xf16B0x11abB0x11d4B0x387	33
0xf21B0x11abB0x11d4B0x387	18
0x14a8B0x472	20
0x1430B0x472	23
0x143bB0x472	31
0x13fcB0x472	25
0x14b2B0x472	26
0x1424B0x472	23
0x13f2B0x1424B0x472	29
0x1482B0x14b2B0x472	21
0x148cB0x14b2B0x472	35
0x149cB0x14b2B0x472	35
0x1478B0x14b2B0x472	20
0x13f2B0x1482B0x14b2B0x472	29
0x146dB0x148cB0x14b2B0x472	31
0x1452B0x148cB0x14b2B0x472	26
0x1450B0x148cB0x14b2B0x472	3
0x145bB0x148cB0x14b2B0x472	49
0x1446B0x1478B0x14b2B0x472	30
0x156bB0x560	20
0x1555B0x560	23
0x1560B0x560	31
0x1521B0x560	25
0x1575B0x560	26
0x1549B0x560	23
0x13f2B0x1549B0x560	29
0x1482B0x1575B0x560	21
0x148cB0x1575B0x560	35
0x149cB0x1575B0x560	35
0x1478B0x1575B0x560	20
0x13f2B0x1482B0x1575B0x560	29
0x146dB0x148cB0x1575B0x560	31
0x1452B0x148cB0x1575B0x560	26
0x1450B0x148cB0x1575B0x560	3
0x145bB0x148cB0x1575B0x560	49
0x1446B0x1478B0x1575B0x560	30
0x15d6B0x64e	20
0x15c0B0x64e	23
0x15cbB0x64e	31
0x158cB0x64e	25
0x15e0B0x64e	26
0x15b4B0x64e	23
0x13f2B0x15b4B0x64e	29
0x1482B0x15e0B0x64e	21
0x148cB0x15e0B0x64e	35
0x149cB0x15e0B0x64e	35
0x1478B0x15e0B0x64e	20
0x13f2B0x1482B0x15e0B0x64e	29
0x146dB0x148cB0x15e0B0x64e	31
0x1452B0x148cB0x15e0B0x64e	26
0x1450B0x148cB0x15e0B0x64e	3
0x145bB0x148cB0x15e0B0x64e	49
0x1446B0x1478B0x15e0B0x64e	30
0x11ccB0x989	14
0x11bfB0x989	34
0x11d4B0x989	29
0x3925B0x989	6
0x11abB0x11d4B0x989	31
0xf31B0x11abB0x11d4B0x989	5
0xf2aB0x11abB0x11d4B0x989	20
0xf16B0x11abB0x11d4B0x989	33
0xf21B0x11abB0x11d4B0x989	18
0x1b25B0xc3f	20
0x1b0fB0xc3f	23
0x1b1aB0xc3f	31
0x1adbB0xc3f	25
0x1b2fB0xc3f	26
0x1b03B0xc3f	23
0x13f2B0x1b03B0xc3f	29
0x1482B0x1b2fB0xc3f	21
0x148cB0x1b2fB0xc3f	35
0x149cB0x1b2fB0xc3f	35
0x1478B0x1b2fB0xc3f	20
0x13f2B0x1482B0x1b2fB0xc3f	29
0x146dB0x148cB0x1b2fB0xc3f	31
0x1452B0x148cB0x1b2fB0xc3f	26
0x1450B0x148cB0x1b2fB0xc3f	3
0x145bB0x148cB0x1b2fB0xc3f	49
0x1446B0x1478B0x1b2fB0xc3f	30
0x11ccB0xa67	14
0x11bfB0xa67	34
0x11d4B0xa67	29
0x3925B0xa67	6
0x11abB0x11d4B0xa67	31
0xf31B0x11abB0x11d4B0xa67	5
0xf2aB0x11abB0x11d4B0xa67	20
0xf16B0x11abB0x11d4B0xa67	33
0xf21B0x11abB0x11d4B0xa67	18
0x11ccB0xd4a	14
0x11bfB0xd4a	34
0x11d4B0xd4a	29
0x3925B0xd4a	6
0x11abB0x11d4B0xd4a	31
0xf31B0x11abB0x11d4B0xd4a	5
0xf2aB0x11abB0x11d4B0xd4a	20
0xf16B0x11abB0x11d4B0xd4a	33
0xf21B0x11abB0x11d4B0xd4a	18
0xf8bB0x1791B0x17baB0x833	5
0xf84B0x1791B0x17baB0x833	20
0xf7bB0x1791B0x17baB0x833	18
0xf6aB0xf7bB0x1791B0x17baB0x833	20
0xf4bB0xf6aB0xf7bB0x1791B0x17baB0x833	33
0x101cB0x140	14
0x10b0B0x140	14
0x1006B0x140	54
0x1024B0x140	29
0x3902B0x140	6
0x1031B0x140	37
0x1042B0x140	37
0x1053B0x140	37
0x1064B0x140	37
0x1075B0x140	37
0x1086B0x140	37
0x1097B0x140	45
0x10b8B0x140	27
0xf12B0x140	6
0xf91B0x1064B0x140	31
0xf91B0x1075B0x140	31
0xf91B0x1086B0x140	31
0xfbeB0x10b8B0x140	14
0xfdbB0x10b8B0x140	14
0xff7B0x10b8B0x140	14
0xfc6B0x10b8B0x140	37
0xfa5B0x10b8B0x140	6
0xfe3B0x10b8B0x140	54
0xfa9B0x10b8B0x140	6
0xfadB0x10b8B0x140	6
0xfb1B0x10b8B0x140	34
0xf37B0x1024B0x140	31
0xf31B0xf37B0x1024B0x140	5
0xf2aB0xf37B0x1024B0x140	20
0xf16B0xf37B0x1024B0x140	33
0xf21B0xf37B0x1024B0x140	18
0xf37B0x1031B0x140	31
0xf31B0xf37B0x1031B0x140	5
0xf2aB0xf37B0x1031B0x140	20
0xf16B0xf37B0x1031B0x140	33
0xf21B0xf37B0x1031B0x140	18
0xf37B0x1042B0x140	31
0xf31B0xf37B0x1042B0x140	5
0xf2aB0xf37B0x1042B0x140	20
0xf16B0xf37B0x1042B0x140	33
0xf21B0xf37B0x1042B0x140	18
0xf37B0x1053B0x140	31
0xf31B0xf37B0x1053B0x140	5
0xf2aB0xf37B0x1053B0x140	20
0xf16B0xf37B0x1053B0x140	33
0xf21B0xf37B0x1053B0x140	18
0xf8bB0xf91B0x1064B0x140	5
0xf84B0xf91B0x1064B0x140	20
0xf7bB0xf91B0x1064B0x140	18
0xf6aB0xf7bB0xf91B0x1064B0x140	20
0xf4bB0xf6aB0xf7bB0xf91B0x1064B0x140	33
0xf8bB0xf91B0x1075B0x140	5
0xf84B0xf91B0x1075B0x140	20
0xf7bB0xf91B0x1075B0x140	18
0xf6aB0xf7bB0xf91B0x1075B0x140	20
0xf4bB0xf6aB0xf7bB0xf91B0x1075B0x140	33
0xf8bB0xf91B0x1086B0x140	5
0xf84B0xf91B0x1086B0x140	20
0xf7bB0xf91B0x1086B0x140	18
0xf6aB0xf7bB0xf91B0x1086B0x140	20
0xf4bB0xf6aB0xf7bB0xf91B0x1086B0x140	33
0x10e5B0x26f	42
0x10d6B0x10e5B0x26f	18
0xf6aB0x10d6B0x10e5B0x26f	20
0xf4bB0xf6aB0x10d6B0x10e5B0x26f	33
0x10e5B0x171	42
0x10d6B0x10e5B0x171	18
0xf6aB0x10d6B0x10e5B0x171	20
0xf4bB0xf6aB0x10d6B0x10e5B0x171	33
0x10e5B0x19b	42
0x10d6B0x10e5B0x19b	18
0xf6aB0x10d6B0x10e5B0x19b	20
0xf4bB0xf6aB0x10d6B0x10e5B0x19b	33
0x10e5B0x205	42
0x10d6B0x10e5B0x205	18
0xf6aB0x10d6B0x10e5B0x205	20
0xf4bB0xf6aB0x10d6B0x10e5B0x205	33
0x10e5B0x22f	42
0x10d6B0x10e5B0x22f	18
0xf6aB0x10d6B0x10e5B0x22f	20
0xf4bB0xf6aB0x10d6B0x10e5B0x22f	33
0x10e5B0x333	42
0x10d6B0x10e5B0x333	18
0xf6aB0x10d6B0x10e5B0x333	20
0xf4bB0xf6aB0x10d6B0x10e5B0x333	33
0x10e5B0x6b5	42
0x10d6B0x10e5B0x6b5	18
0xf6aB0x10d6B0x10e5B0x6b5	20
0xf4bB0xf6aB0x10d6B0x10e5B0x6b5	33
0x1637B0x70a	14
0x162aB0x70a	34
0x163fB0x70a	29
0x3948B0x70a	6
0x1616B0x163fB0x70a	31
0x1610B0x1616B0x163fB0x70a	5
0x1609B0x1616B0x163fB0x70a	20
0x1600B0x1616B0x163fB0x70a	18
0x15f7B0x1600B0x1616B0x163fB0x70a	27
0x18bbB0xce3	42
0x18ceB0xce3	27
0x18acB0xce3	18
0x15f7B0x18acB0xce3	27
0x10d6B0x18bbB0xce3	18
0xf6aB0x10d6B0x18bbB0xce3	20
0xf4bB0xf6aB0x10d6B0x18bbB0xce3	33
0x172fB0x79b	14
0x1722B0x79b	34
0x1737B0x79b	29
0x396bB0x79b	6
0x170eB0x1737B0x79b	31
0x1708B0x170eB0x1737B0x79b	5
0x1701B0x170eB0x1737B0x79b	20
0x16f8B0x170eB0x1737B0x79b	18
0x16eaB0x16f8B0x170eB0x1737B0x79b	33
0x175cB0x7b0	42
0x176fB0x7b0	27
0x177cB0x7b0	27
0x174dB0x7b0	18
0x16eaB0x174dB0x7b0	33
0x10d6B0x175cB0x7b0	18
0xf6aB0x10d6B0x175cB0x7b0	20
0xf4bB0xf6aB0x10d6B0x175cB0x7b0	33
0x10d6B0x176fB0x7b0	18
0xf6aB0x10d6B0x176fB0x7b0	20
0xf4bB0xf6aB0x10d6B0x176fB0x7b0	33
0x18bbB0x91d	42
0x18ceB0x91d	27
0x18acB0x91d	18
0x15f7B0x18acB0x91d	27
0x10d6B0x18bbB0x91d	18
0xf6aB0x10d6B0x18bbB0x91d	20
0xf4bB0xf6aB0x10d6B0x18bbB0x91d	33
0x18bbB0x9fe	42
0x18ceB0x9fe	27
0x18acB0x9fe	18
0x15f7B0x18acB0x9fe	27
0x10d6B0x18bbB0x9fe	18
0xf6aB0x10d6B0x18bbB0x9fe	20
0xf4bB0xf6aB0x10d6B0x18bbB0x9fe	33
0x1637B0xbf1	14
0x162aB0xbf1	34
0x163fB0xbf1	29
0x3948B0xbf1	6
0x1616B0x163fB0xbf1	31
0x1610B0x1616B0x163fB0xbf1	5
0x1609B0x1616B0x163fB0xbf1	20
0x1600B0x1616B0x163fB0xbf1	18
0x15f7B0x1600B0x1616B0x163fB0xbf1	27
0xebaB0x1e6	11
0x125bB0x2f9	22
0x12c3B0x3b1	22
0x16b6B0x738	22
0x18a5B0x8e3	22
0x1943B0x9b5	22
0x19deB0xa8f	22
0x1c35B0xd72	22
0x1519B0x483	24
0x1519B0x571	24
0x1519B0x65f	24
0x17c7B0x833	26
0x179fB0x17baB0x833	19
0x1bcdB0xc9d	22
0x1519B0xc50	24
0x7472B0x45f	12
0x7494B0x45f	12
0x74b6B0x45f	12
0x74d8B0x45f	12
0x13efB0x45f	12
0x7472B0x54d	12
0x7494B0x54d	12
0x74b6B0x54d	12
0x74d8B0x54d	12
0x13efB0x54d	12
0x7472B0x63b	12
0x7494B0x63b	12
0x74b6B0x63b	12
0x74d8B0x63b	12
0x13efB0x63b	12
0x7472B0xc2c	12
0x7494B0xc2c	12
0x74b6B0xc2c	12
0x74d8B0xc2c	12
0x13efB0xc2c	12
0x11e1B0x2cf	26
0x11b9B0x11d4B0x2cf	19
0xf34B0x11abB0x11d4B0x2cf	11
0x11e1B0x387	26
0x11b9B0x11d4B0x387	19
0xf34B0x11abB0x11d4B0x387	11
0x14beB0x472	32
0x1581B0x560	32
0x15ecB0x64e	32
0x11e1B0x989	26
0x11b9B0x11d4B0x989	19
0xf34B0x11abB0x11d4B0x989	11
0x1b3bB0xc3f	32
0x11e1B0xa67	26
0x11b9B0x11d4B0xa67	19
0xf34B0x11abB0x11d4B0xa67	11
0x11e1B0xd4a	26
0x11b9B0x11d4B0xd4a	19
0xf34B0x11abB0x11d4B0xd4a	11
0xf8eB0x1791B0x17baB0x833	11
0xf74B0xf7bB0x1791B0x17baB0x833	22
0x10c4B0x140	52
0xf9fB0x1064B0x140	19
0xf9fB0x1075B0x140	19
0xf9fB0x1086B0x140	19
0xfffB0x10b8B0x140	22
0xf45B0x1024B0x140	19
0xf34B0xf37B0x1024B0x140	11
0xf45B0x1031B0x140	19
0xf34B0xf37B0x1031B0x140	11
0xf45B0x1042B0x140	19
0xf34B0xf37B0x1042B0x140	11
0xf45B0x1053B0x140	19
0xf34B0xf37B0x1053B0x140	11
0xf8eB0xf91B0x1064B0x140	11
0xf74B0xf7bB0xf91B0x1064B0x140	22
0xf8eB0xf91B0x1075B0x140	11
0xf74B0xf7bB0xf91B0x1075B0x140	22
0xf8eB0xf91B0x1086B0x140	11
0xf74B0xf7bB0xf91B0x1086B0x140	22
0x10f8B0x26f	19
0x10dfB0x10e5B0x26f	19
0xf74B0x10d6B0x10e5B0x26f	22
0x10f8B0x171	19
0x10dfB0x10e5B0x171	19
0xf74B0x10d6B0x10e5B0x171	22
0x10f8B0x19b	19
0x10dfB0x10e5B0x19b	19
0xf74B0x10d6B0x10e5B0x19b	22
0x10f8B0x205	19
0x10dfB0x10e5B0x205	19
0xf74B0x10d6B0x10e5B0x205	22
0x10f8B0x22f	19
0x10dfB0x10e5B0x22f	19
0xf74B0x10d6B0x10e5B0x22f	22
0x10f8B0x333	19
0x10dfB0x10e5B0x333	19
0xf74B0x10d6B0x10e5B0x333	22
0x10f8B0x6b5	19
0x10dfB0x10e5B0x6b5	19
0xf74B0x10d6B0x10e5B0x6b5	22
0x164cB0x70a	26
0x1624B0x163fB0x70a	19
0x1613B0x1616B0x163fB0x70a	11
0x18b5B0xce3	19
0x18dbB0xce3	21
0x10dfB0x18bbB0xce3	19
0xf74B0x10d6B0x18bbB0xce3	22
0x1744B0x79b	26
0x171cB0x1737B0x79b	19
0x170bB0x170eB0x1737B0x79b	11
0x1756B0x7b0	19
0x1789B0x7b0	23
0x10dfB0x175cB0x7b0	19
0xf74B0x10d6B0x175cB0x7b0	22
0x10dfB0x176fB0x7b0	19
0xf74B0x10d6B0x176fB0x7b0	22
0x18b5B0x91d	19
0x18dbB0x91d	21
0x10dfB0x18bbB0x91d	19
0xf74B0x10d6B0x18bbB0x91d	22
0x18b5B0x9fe	19
0x18dbB0x9fe	21
0x10dfB0x18bbB0x9fe	19
0xf74B0x10d6B0x18bbB0x9fe	22
0x164cB0xbf1	26
0x1624B0x163fB0xbf1	19
0x1613B0x1616B0x163fB0xbf1	11
0x1159B0x1c5	42
0x1153B0x1c5	19
0x116cB0x1c5	19
0x114aB0x1c5	18
0x1143B0x114aB0x1c5	22
0x1139B0x114aB0x1c5	20
0x1132B0x1139B0x114aB0x1c5	22
0x1128B0x1139B0x114aB0x1c5	20
0x1121B0x1128B0x1139B0x114aB0x1c5	22
0x111cB0x1128B0x1139B0x114aB0x1c5	12
0x1117B0x1128B0x1139B0x114aB0x1c5	12
0x10feB0x1128B0x1139B0x114aB0x1c5	27
0x1107B0x1128B0x1139B0x114aB0x1c5	26
0xf4bB0x111cB0x1128B0x1139B0x114aB0x1c5	33
0xf4bB0x1107B0x1128B0x1139B0x114aB0x1c5	33
0x1192B0x259	42
0x118cB0x259	19
0x11a5B0x259	19
0x1183B0x259	18
0x117cB0x1183B0x259	22
0x1172B0x1183B0x259	20
0x1132B0x1172B0x1183B0x259	22
0x1128B0x1172B0x1183B0x259	20
0x1121B0x1128B0x1172B0x1183B0x259	22
0x111cB0x1128B0x1172B0x1183B0x259	12
0x1117B0x1128B0x1172B0x1183B0x259	12
0x10feB0x1128B0x1172B0x1183B0x259	27
0x1107B0x1128B0x1172B0x1183B0x259	26
0xf4bB0x111cB0x1128B0x1172B0x1183B0x259	33
0xf4bB0x1107B0x1128B0x1172B0x1183B0x259	33
0x1ac1B0xac9	42
0x1ad5B0xac9	19
0x19fdB0x1ac1B0xac9	19
0x1a1bB0x1ac1B0xac9	19
0x1a36B0x1ac1B0xac9	41
0x1a49B0x1ac1B0xac9	41
0x1a5cB0x1ac1B0xac9	41
0x19f4B0x1ac1B0xac9	18
0x1a6fB0x1ac1B0xac9	41
0x1a82B0x1ac1B0xac9	41
0x1a95B0x1ac1B0xac9	41
0x1aa8B0x1ac1B0xac9	41
0x1abbB0x1ac1B0xac9	17
0x1a12B0x1ac1B0xac9	18
0x1a21B0x1ac1B0xac9	46
0x16eaB0x19f4B0x1ac1B0xac9	33
0xf4bB0x1a12B0x1ac1B0xac9	33
0x1a03B0x1a6fB0x1ac1B0xac9	18
0x15f7B0x1a03B0x1a6fB0x1ac1B0xac9	27
0x1a03B0x1a82B0x1ac1B0xac9	18
0x15f7B0x1a03B0x1a82B0x1ac1B0xac9	27
0x1a03B0x1a95B0x1ac1B0xac9	18
0x15f7B0x1a03B0x1a95B0x1ac1B0xac9	27
0x1a0cB0x1a6fB0x1ac1B0xac9	19
0x1a0cB0x1a82B0x1ac1B0xac9	19
0x1a0cB0x1a95B0x1ac1B0xac9	19
0x19eeB0x1a36B0x1ac1B0xac9	19
0x19e5B0x1a36B0x1ac1B0xac9	18
0xf74B0x19e5B0x1a36B0x1ac1B0xac9	22
0xf6aB0x19e5B0x1a36B0x1ac1B0xac9	20
0xf4bB0xf6aB0x19e5B0x1a36B0x1ac1B0xac9	33
0x19eeB0x1a5cB0x1ac1B0xac9	19
0x19e5B0x1a5cB0x1ac1B0xac9	18
0xf74B0x19e5B0x1a5cB0x1ac1B0xac9	22
0xf6aB0x19e5B0x1a5cB0x1ac1B0xac9	20
0xf4bB0xf6aB0x19e5B0x1a5cB0x1ac1B0xac9	33
0x19eeB0x1a21B0x1ac1B0xac9	19
0x19e5B0x1a21B0x1ac1B0xac9	18
0xf74B0x19e5B0x1a21B0x1ac1B0xac9	22
0xf6aB0x19e5B0x1a21B0x1ac1B0xac9	20
0xf4bB0xf6aB0x19e5B0x1a21B0x1ac1B0xac9	33
0xeb8B0x1e6	3
0x12efB0x44c	6
0x12efB0x53a	6
0x12efB0x628	6
0x12efB0xc19	6
0x13e6B0x45f	19
0x13e6B0x54d	19
0x13e6B0x63b	19
0x13e6B0xc2c	19
0x196fB0x9ef	14
0x194aB0x9ef	20
0x1954B0x9ef	23
0x195fB0x9ef	45
0x1977B0x9ef	19
0x39fdB0x9ef	23
0x15f7B0x194aB0x9ef	27
0x15f7B0x1954B0x9ef	27
