0x251	0x25d	-32
0x251	0x283	0
0x2c8	0x2d4	-32
0x2c8	0x2fa	0
0x3f7	0x409	-32
0x5d1	0x5e3	-32
0x6c7	0x6d3	-32
0x6c7	0x6f9	0
0xc3cV0x31f	0xc45S0x31f	-64
0xc3cV0x31f	0x731S0xc15S0x31f	-32
0xc3cV0x31f	0xbecS0x31f	0
0xc3cV0x31f	0xc12S0x31f	32
0x798V0xa0	0x7a1S0xa0	-64
0x798V0xa0	0x731S0x765S0xa0	-32
0x798V0xa0	0x746S0x76fS0xa0	6
0x798V0x1d2	0x7a1S0x1d2	-64
0x798V0x1d2	0x731S0x765S0x1d2	-32
0x798V0x1d2	0x746S0x76fS0x1d2	3
0x798V0x460	0x7a1S0x460	-64
0x798V0x460	0x731S0x765S0x460	-32
0x7b7V0xf17V0xf5fV0xfaaV0x701	0xf21S0xf5fS0xfaaS0x701	-32
