0x4	0x0	1
0x4	0x2	0
0x8	0x5	1
0x8	0x7	0
0xe	0xd	0
0x11	0xf	0
0x11	0xe	1
0x18	0x11	1
0x18	0x13	0
0x23	0x11	1
0x23	0x1e	0
0x2e	0x11	1
0x2e	0x29	0
0x39	0x11	1
0x39	0x34	0
0x44	0x3f	0
0x44	0x11	1
0x4f	0x11	1
0x4f	0x4a	0
0x5a	0x11	1
0x5a	0x55	0
0x69	0x11	1
0x69	0x64	0
0x74	0x11	1
0x74	0x6f	0
0x7f	0x11	1
0x7f	0x7a	0
0x8a	0x11	1
0x8a	0x85	0
0x95	0x11	1
0x95	0x90	0
0xa0	0x11	1
0xa0	0x9b	0
0xc1	0xbf	0
0xf3	0xf1	0
0xff	0xfd	0
0x108	0x104	1
0x108	0x106	0
0x10a	0xff	0
0x10a	0x108	1
0x10e	0x10a	1
0x10e	0x10b	0
0x12c	0x12a	0
0x14b	0x149	0
0x157	0x155	0
0x15c	0x158	1
0x15c	0x15a	0
0x15e	0x157	0
0x15e	0x15c	1
0x162	0x15e	1
0x162	0x15f	0
0x16a	0x168	0
0x189	0x187	0
0x198	0x196	0
0x19e	0x19c	0
0x1a4	0x19e	1
0x1a4	0x1a2	0
0x1ac	0x1aa	0
0x1cb	0x1c9	0
0x1ea	0x1e8	0
0x1fa	0x1f7	0
0x201	0x1fd	1
0x201	0x1ff	0
0x202	0x1fb	1
0x202	0x201	0
0x203	0x202	0
0x204	0x1fa	1
0x204	0x203	0
0x206	0x204	1
0x206	0x205	0
0x20d	0x20b	0
0x219	0x217	0
0x224	0x220	1
0x224	0x222	0
0x225	0x21e	1
0x225	0x224	0
0x226	0x219	1
0x226	0x225	0
0x22c	0x22a	0
0x233	0x22f	1
0x233	0x231	0
0x234	0x22d	1
0x234	0x233	0
0x237	0x226	0
0x237	0x234	1
0x23c	0x22c	1
0x23c	0x23a	0
0x243	0x242	0
0x24a	0x246	1
0x24a	0x248	0
0x24b	0x244	1
0x24b	0x24a	0
0x24c	0x243	1
0x24c	0x24b	0
0x24e	0x24c	1
0x24e	0x24d	0
0x257	0x255	0
0x25e	0x25a	1
0x25e	0x25c	0
0x25f	0x258	1
0x25f	0x25e	0
0x260	0x257	1
0x260	0x25f	0
0x262	0x260	1
0x262	0x261	0
0x26c	0x26a	1
0x26c	0x26b	0
0x274	0x272	0
0x27b	0x275	1
0x27b	0x279	0
0x280	0x274	1
0x280	0x27e	0
0x297	0x295	0
0x297	0x1603	1
0x298	0x297	0
0x299	0x293	1
0x299	0x298	0
0x2a0	0x29e	0
0x2a7	0x2a1	1
0x2a7	0x2a5	0
0x2af	0x2a0	0
0x2af	0x2ac	1
0x2b6	0x2a0	0
0x2b6	0x2b3	1
0x2dc	0x2a0	0
0x2dc	0x2d9	1
0x2e0	0x2a0	1
0x2e0	0x2de	0
0x323	0x31f	1
0x323	0x321	0
0x324	0x31d	1
0x324	0x323	0
0x325	0x2fc	1
0x325	0x324	0
0x328	0x327	0
0x328	0x1603	1
0x329	0x328	0
0x330	0x32c	1
0x330	0x32e	0
0x331	0x32a	1
0x331	0x330	0
0x332	0x329	1
0x332	0x331	0
0x333	0x325	1
0x333	0x332	0
0x35f	0x35b	1
0x35f	0x35d	0
0x360	0x359	1
0x360	0x35f	0
0x361	0x338	1
0x361	0x360	0
0x36a	0x368	0
0x36a	0x1603	1
0x36b	0x36a	0
0x36e	0x36c	0
0x375	0x362	1
0x375	0x370	0
0x378	0x375	1
0x378	0x376	0
0x37d	0x36e	1
0x37d	0x37b	0
0x381	0x37f	0
0x384	0x37d	0
0x384	0x381	1
0x389	0x361	0
0x38a	0x389	0
0x38c	0x38a	0
0x397	0x361	1
0x397	0x36b	2
0x397	0x37e	6
0x397	0x381	3
0x397	0x381	5
0x397	0x384	4
0x397	0x396	0
0x398	0x397	0
0x39a	0x398	0
0x3ae	0x1603	0
0x3b5	0x3b1	1
0x3b5	0x3b3	0
0x3b6	0x3af	1
0x3b6	0x3b5	0
0x3b9	0x3b6	0
0x3b9	0x2f0_0x3	1
0x3bb	0x3ae	0
0x3bb	0x3b6	1
0x3bc	0x3b9	1
0x3bc	0x3bb	0
0x3be	0x3bc	0
0x3c5	0x2f0_0x2	0
0x3c6	0x3c5	0
0x3c8	0x3c7_0x0	0
0x3d4	0x3d2	0
0x3d4	0x1603	1
0x3d5	0x3d4	0
0x3f0	0x3ee	0
0x3f0	0x1603	1
0x3f1	0x3f0	0
0x3ff	0x3fc	1
0x3ff	0x1603	0
0x403	0x401	0
0x40b	0x404	1
0x40b	0x409	0
0x414	0x410	1
0x414	0x412	0
0x415	0x40e	1
0x415	0x414	0
0x418	0x415	0
0x418	0x2f0_0x1	1
0x41c	0x403	0
0x41c	0x419	1
0x421	0x403	0
0x421	0x41e	1
0x426	0x415	1
0x426	0x2f0_0x3	0
0x430	0x403	1
0x430	0x42e	0
0x435	0x433	0
0x438	0x430	0
0x438	0x435	1
0x43d	0x426	1
0x43d	0x431	6
0x43d	0x435	3
0x43d	0x435	5
0x43d	0x438	4
0x43d	0x43a	2
0x43d	0x43c	0
0x43e	0x43d	0
0x440	0x43e	0
0x453	0x451	0
0x457	0x455	0
0x45b	0x454	0
0x45b	0x458	1
0x45c	0x457	1
0x45c	0x45b	0
0x45e	0x453	0
0x45e	0x45c	1
0x465	0x453	0
0x465	0x454	1
0x474	0x1603	0
0x478	0x475	1
0x478	0x1603	0
0x479	0x478	0
0x47c	0x47a	0
0x484	0x47d	1
0x484	0x482	0
0x48d	0x489	1
0x48d	0x48b	0
0x48e	0x487	1
0x48e	0x48d	0
0x4b1	0x48e	0
0x4b1	0x48f	1
0x4b5	0x47c	0
0x4b5	0x4b2	1
0x4ba	0x47c	0
0x4ba	0x4b7	1
0x4c0	0x474	0
0x4c0	0x48e	1
0x4ca	0x47c	1
0x4ca	0x4c8	0
0x4cf	0x4cd	0
0x4d2	0x4ca	0
0x4d2	0x4cf	1
0x4d7	0x4c0	1
0x4d7	0x4cb	6
0x4d7	0x4cf	3
0x4d7	0x4cf	5
0x4d7	0x4d2	4
0x4d7	0x4d4	2
0x4d7	0x4d6	0
0x4d8	0x4d7	0
0x4da	0x4d8	0
0x4ed	0x4eb	0
0x4f1	0x4ef	0
0x4f5	0x4ee	0
0x4f5	0x4f2	1
0x4f6	0x4f1	1
0x4f6	0x4f5	0
0x4f8	0x4ed	0
0x4f8	0x4f6	1
0x4ff	0x4ed	0
0x4ff	0x4ee	1
0x50f	0x50c	0
0x517	0x510	1
0x517	0x515	0
0x51b	0x1603	0
0x522	0x51e	1
0x522	0x520	0
0x523	0x51c	1
0x523	0x522	0
0x526	0x51b	1
0x526	0x523	0
0x52a	0x50f	0
0x52a	0x527	1
0x52f	0x52c	1
0x52f	0x1603	0
0x530	0x52f	0
0x532	0x523	0
0x532	0x530	1
0x536	0x50f	0
0x536	0x533	1
0x53a	0x50c	1
0x53a	0x1603	0
0x53b	0x53a	0
0x540	0x53b	1
0x540	0x53c	0
0x544	0x50f	0
0x544	0x541	1
0x549	0x546	1
0x549	0x1603	0
0x54a	0x549	0
0x54c	0x523	0
0x54c	0x54a	1
0x550	0x50f	0
0x550	0x54d	1
0x555	0x552	1
0x555	0x1603	0
0x556	0x555	0
0x55a	0x50f	0
0x55a	0x557	1
0x55f	0x55c	1
0x55f	0x1603	0
0x560	0x55f	0
0x564	0x50f	0
0x564	0x561	1
0x569	0x566	1
0x569	0x1603	0
0x56a	0x569	0
0x56c	0x523	0
0x56c	0x56a	1
0x570	0x50f	0
0x570	0x56d	1
0x595	0x523	1
0x595	0x574	0
0x59f	0x50f	1
0x59f	0x59d	0
0x5a4	0x5a2	0
0x5a7	0x59f	0
0x5a7	0x5a4	1
0x5ac	0x595	1
0x5ac	0x5a0	6
0x5ac	0x5a4	3
0x5ac	0x5a4	5
0x5ac	0x5a7	4
0x5ac	0x5a9	2
0x5ac	0x5ab	0
0x5ad	0x5ac	0
0x5af	0x5ad	0
0x5c2	0x5c0	0
0x5c6	0x5c4	0
0x5ca	0x5c3	0
0x5ca	0x5c7	1
0x5cb	0x5c6	1
0x5cb	0x5ca	0
0x5cd	0x5c2	0
0x5cd	0x5cb	1
0x5d4	0x5c2	0
0x5d4	0x5c3	1
0x5e5	0x5e3	0
0x5e5	0x1603	1
0x5e6	0x5e5	0
0x5ed	0x5e9	1
0x5ed	0x5eb	0
0x5ee	0x5e7	1
0x5ee	0x5ed	0
0x5ef	0x5e6	1
0x5ef	0x5ee	0
0x5f7	0x5f3	1
0x5f7	0x5f5	0
0x5f8	0x5f1	1
0x5f8	0x5f7	0
0x5f9	0x5f8	0
0x5f9	0x2f0_0x3	1
0x5fa	0x5ef	1
0x5fa	0x5f9	0
0x5fc	0x5fa	0
0x603	0x2f0_0x2	0
0x604	0x603	0
0x606	0x605_0x0	0
0x624	0x622	0
0x62c	0x625	1
0x62c	0x62a	0
0x635	0x631	1
0x635	0x633	0
0x636	0x62f	1
0x636	0x635	0
0x639	0x636	0
0x639	0x2f0_0x1	1
0x63d	0x624	0
0x63d	0x63a	1
0x642	0x624	0
0x642	0x63f	1
0x64b	0x636	1
0x64b	0x2f0_0x3	0
0x655	0x624	1
0x655	0x653	0
0x65a	0x658	0
0x65d	0x655	0
0x65d	0x65a	1
0x662	0x64b	1
0x662	0x656	6
0x662	0x65a	3
0x662	0x65a	5
0x662	0x65d	4
0x662	0x65f	2
0x662	0x661	0
0x663	0x662	0
0x665	0x663	0
0x678	0x676	0
0x67c	0x67a	0
0x680	0x679	0
0x680	0x67d	1
0x681	0x67c	1
0x681	0x680	0
0x683	0x678	0
0x683	0x681	1
0x68a	0x678	0
0x68a	0x679	1
0x6d3	0x6cf	1
0x6d3	0x6d1	0
0x6d4	0x6cd	1
0x6d4	0x6d3	0
0x6d5	0x6ac	1
0x6d5	0x6d4	0
0x6d9	0x6d7	0
0x6d9	0x1603	1
0x6da	0x6d9	0
0x6e1	0x6dd	1
0x6e1	0x6df	0
0x6e2	0x6db	1
0x6e2	0x6e1	0
0x6e3	0x6da	1
0x6e3	0x6e2	0
0x6e4	0x6d5	1
0x6e4	0x6e3	0
0x6eb	0x6e9	0
0x6f3	0x6ec	1
0x6f3	0x6f1	0
0x6f9	0x6eb	0
0x6f9	0x6f6	1
0x724	0x720	1
0x724	0x722	0
0x725	0x71e	1
0x725	0x724	0
0x726	0x6fd	1
0x726	0x725	0
0x730	0x6eb	1
0x730	0x72e	0
0x734	0x732	0
0x737	0x730	0
0x737	0x734	1
0x73c	0x726	0
0x73d	0x73c	0
0x73f	0x73d	0
0x74a	0x726	1
0x74a	0x731	6
0x74a	0x734	3
0x74a	0x734	5
0x74a	0x737	4
0x74a	0x739	2
0x74a	0x749	0
0x74b	0x74a	0
0x74d	0x74b	0
0x761	0x75f	0
0x76c	0x768	1
0x76c	0x76a	0
0x76d	0x766	1
0x76d	0x76c	0
0x76e	0x761	1
0x76e	0x76d	0
0x778	0x776	0
0x778	0x1603	1
0x779	0x778	0
0x780	0x77c	1
0x780	0x77e	0
0x781	0x77a	1
0x781	0x780	0
0x782	0x779	1
0x782	0x781	0
0x785	0x784	0
0x785	0x1603	1
0x786	0x785	0
0x78d	0x789	1
0x78d	0x78b	0
0x78e	0x787	1
0x78e	0x78d	0
0x78f	0x786	1
0x78f	0x78e	0
0x797	0x793	1
0x797	0x795	0
0x798	0x791	1
0x798	0x797	0
0x799	0x790	1
0x799	0x798	0
0x7be	0x7bc	0
0x7be	0x1603	1
0x7bf	0x7be	0
0x7c3	0x7c1	0
0x7d0	0x7c3	0
0x7d0	0x7cd	1
0x7d4	0x7c3	1
0x7d4	0x7d2	0
0x7da	0x7d8	0
0x7dd	0x7d4	0
0x7dd	0x7da	1
0x7eb	0x7ea	0
0x7f2	0x7ee	1
0x7f2	0x7f0	0
0x7f3	0x7ec	1
0x7f3	0x7f2	0
0x7f4	0x7eb	1
0x7f4	0x7f3	0
0x7f6	0x7f4	1
0x7f6	0x7f5	0
0x7ff	0x7fd	0
0x806	0x802	1
0x806	0x804	0
0x807	0x800	1
0x807	0x806	0
0x808	0x7ff	1
0x808	0x807	0
0x80a	0x808	1
0x80a	0x809	0
0x812	0x810	0
0x819	0x813	1
0x819	0x817	0
0x81e	0x812	1
0x81e	0x81c	0
0x82e	0x82a	1
0x82e	0x82c	0
0x82f	0x828	1
0x82f	0x82e	0
0x831	0x82f	1
0x831	0x16aeV0xc9	0
0x838	0x836	0
0x83f	0x839	1
0x83f	0x83d	0
0x847	0x838	0
0x847	0x844	1
0x84e	0x838	0
0x84e	0x84b	1
0x860	0x850	1
0x860	0x85e	0
0x864	0x838	0
0x864	0x861	1
0x868	0x838	1
0x868	0x866	0
0x870	0x86e	0
0x877	0x873	1
0x877	0x875	0
0x878	0x871	1
0x878	0x877	0
0x879	0x878	0
0x87a	0x870	1
0x87a	0x879	0
0x881	0x87d	1
0x881	0x87f	0
0x882	0x87b	1
0x882	0x881	0
0x886	0x882	0
0x886	0x16aeV0xc9	1
0x88a	0x87a	1
0x88a	0x886	0
0x890	0x88f	0
0x897	0x893	1
0x897	0x895	0
0x898	0x891	1
0x898	0x897	0
0x899	0x890	1
0x899	0x898	0
0x89b	0x899	1
0x89b	0x89a	0
0x8a4	0x8a2	0
0x8ab	0x8a7	1
0x8ab	0x8a9	0
0x8ac	0x8a5	1
0x8ac	0x8ab	0
0x8ad	0x8a4	1
0x8ad	0x8ac	0
0x8af	0x8ad	1
0x8af	0x8ae	0
0x8b9	0x8b7	1
0x8b9	0x8b8	0
0x8c1	0x8bf	0
0x8c8	0x8c2	1
0x8c8	0x8c6	0
0x8cd	0x8c1	1
0x8cd	0x8cb	0
0x8d9	0x8d7	1
0x8d9	0x16d4V0xdd	0
0x8e0	0x8de	0
0x8e7	0x8e1	1
0x8e7	0x8e5	0
0x8ef	0x8e0	0
0x8ef	0x8ec	1
0x8f6	0x8e0	0
0x8f6	0x8f3	1
0x91c	0x8e0	0
0x91c	0x919	1
0x920	0x8e0	1
0x920	0x91e	0
0x929	0x926	1
0x929	0x170cV0xdd	0
0x92a	0x929	0
0x931	0x92f	0
0x938	0x932	1
0x938	0x936	0
0x940	0x931	0
0x940	0x93d	1
0x947	0x931	0
0x947	0x944	1
0x958	0x949	1
0x958	0x956	0
0x95c	0x931	0
0x95c	0x959	1
0x960	0x931	1
0x960	0x95e	0
0x9a3	0x99f	1
0x9a3	0x9a1	0
0x9a4	0x99d	1
0x9a4	0x9a3	0
0x9a5	0x97c	1
0x9a5	0x9a4	0
0x9ab	0x9a8	0
0x9ab	0x170cV0xdd	1
0x9bc	0x9a8	1
0x9bc	0x9ba	0
0x9bd	0x9bc	0
0x9bd	0x1730V0xdd	1
0x9c1	0x9bd	0
0x9c1	0x9be	1
0x9d3	0x9cf	1
0x9d3	0x9d1	0
0x9d4	0x9cd	1
0x9d4	0x9d3	0
0x9d5	0x9d4	0
0x9d5	0x16aeV0x9b7	1
0x9d6	0x9a5	1
0x9d6	0x9d5	0
0xa02	0x9fe	1
0xa02	0xa00	0
0xa03	0x9fc	1
0xa03	0xa02	0
0xa04	0x9db	1
0xa04	0xa03	0
0xa0d	0xa0b	0
0xa14	0xa05	1
0xa14	0xa0f	0
0xa17	0xa14	1
0xa17	0xa15	0
0xa1c	0xa0d	1
0xa1c	0xa1a	0
0xa20	0xa1e	0
0xa23	0xa1c	0
0xa23	0xa20	1
0xa28	0xa04	0
0xa29	0xa28	0
0xa2b	0xa29	0
0xa36	0xa04	1
0xa36	0xa1d	6
0xa36	0xa20	3
0xa36	0xa20	5
0xa36	0xa23	4
0xa36	0xa35	0
0xa36	0x16d4V0xdd	2
0xa37	0xa36	0
0xa39	0xa37	0
0xa51	0xa4e	0
0xa51	0x170cV0xdd	1
0xa62	0xa4e	1
0xa62	0xa60	0
0xa63	0xa62	0
0xa63	0x1730V0xdd	1
0xa67	0xa63	0
0xa67	0xa64	1
0xa79	0xa75	1
0xa79	0xa77	0
0xa7a	0xa73	1
0xa7a	0xa79	0
0xa7b	0xa7a	0
0xa7b	0x16aeV0xa5d	1
0xa83	0xa7f	1
0xa83	0xa81	0
0xa84	0xa7d	1
0xa84	0xa83	0
0xa85	0xa84	0
0xa85	0x970_0x3	1
0xa86	0xa7b	1
0xa86	0xa85	0
0xa88	0xa86	0
0xa8f	0x970_0x2	0
0xa90	0xa8f	0
0xa92	0xa91_0x0	0
0xabc	0xaba	0
0xac4	0xabd	1
0xac4	0xac2	0
0xacd	0xac9	1
0xacd	0xacb	0
0xace	0xac7	1
0xace	0xacd	0
0xad1	0xace	0
0xad1	0x970_0x1	1
0xad5	0xabc	0
0xad5	0xad2	1
0xada	0xabc	0
0xada	0xad7	1
0xae3	0xace	1
0xae3	0x970_0x3	0
0xaed	0xabc	1
0xaed	0xaeb	0
0xaf2	0xaf0	0
0xaf5	0xaed	0
0xaf5	0xaf2	1
0xafa	0xae3	1
0xafa	0xaee	6
0xafa	0xaf2	3
0xafa	0xaf2	5
0xafa	0xaf5	4
0xafa	0xaf7	2
0xafa	0xaf9	0
0xafb	0xafa	0
0xafd	0xafb	0
0xb10	0xb0e	0
0xb14	0xb12	0
0xb18	0xb11	0
0xb18	0xb15	1
0xb19	0xb14	1
0xb19	0xb18	0
0xb1b	0xb10	0
0xb1b	0xb19	1
0xb22	0xb10	0
0xb22	0xb11	1
0xb35	0xb32	0
0xb35	0x170cV0xdd	1
0xb46	0xb32	1
0xb46	0xb44	0
0xb47	0xb46	0
0xb47	0x1730V0xdd	1
0xb4b	0xb47	0
0xb4b	0xb48	1
0xb59	0xb57	0
0xb61	0xb5a	1
0xb61	0xb5f	0
0xb6a	0xb66	1
0xb6a	0xb68	0
0xb6b	0xb64	1
0xb6b	0xb6a	0
0xb8e	0xb6b	0
0xb8e	0xb6c	1
0xb92	0xb59	0
0xb92	0xb8f	1
0xb97	0xb59	0
0xb97	0xb94	1
0xb9e	0xb6b	0
0xb9e	0x16aeV0xb41	1
0xba8	0xb59	1
0xba8	0xba6	0
0xbad	0xbab	0
0xbb0	0xba8	0
0xbb0	0xbad	1
0xbb5	0xb9e	1
0xbb5	0xba9	6
0xbb5	0xbad	3
0xbb5	0xbad	5
0xbb5	0xbb0	4
0xbb5	0xbb2	2
0xbb5	0xbb4	0
0xbb6	0xbb5	0
0xbb8	0xbb6	0
0xbcb	0xbc9	0
0xbcf	0xbcd	0
0xbd3	0xbcc	0
0xbd3	0xbd0	1
0xbd4	0xbcf	1
0xbd4	0xbd3	0
0xbd6	0xbcb	0
0xbd6	0xbd4	1
0xbdd	0xbcb	0
0xbdd	0xbcc	1
0xbec	0xbea	0
0xbf4	0xbed	1
0xbf4	0xbf2	0
0xbff	0xbfb	1
0xbff	0xbfd	0
0xc00	0xbf9	1
0xc00	0xbff	0
0xc22	0xc00	1
0xc22	0xc01	0
0xc3a	0xbec	1
0xc3a	0xc38	0
0xc44	0xc42	0
0xc47	0xc44	1
0xc47	0xc3f_0x0	0
0xc4c	0xc22	1
0xc4c	0xc40	6
0xc4c	0xc44	3
0xc4c	0xc44	5
0xc4c	0xc47	4
0xc4c	0xc49	2
0xc4c	0xc4b	0
0xc4d	0xc4c	0
0xc4f	0xc4d	0
0xc62	0xc60	0
0xc66	0xc64	0
0xc6a	0xc63	0
0xc6a	0xc67	1
0xc6b	0xc66	1
0xc6b	0xc6a	0
0xc6d	0xc62	0
0xc6d	0xc6b	1
0xc74	0xc62	0
0xc74	0xc63	1
0xc84	0xc82	1
0xc84	0x188dV0xc5b	0
0xc8b	0xc89	0
0xc92	0xc8c	1
0xc92	0xc90	0
0xc9a	0xc8b	0
0xc9a	0xc97	1
0xca1	0xc8b	0
0xca1	0xc9e	1
0xcb1	0xca3	1
0xcb1	0xcaf	0
0xcb5	0xc8b	0
0xcb5	0xcb2	1
0xcb9	0xc8b	1
0xcb9	0xcb7	0
0xcce	0xcca_0x0	0
0xcce	0x170cV0xdd	1
0xcdf	0xcdd	0
0xcdf	0xcca_0x0	1
0xce0	0xcdf	0
0xce0	0x1730V0xdd	1
0xce4	0xce0	0
0xce4	0xce1	1
0xcf6	0xcf2	1
0xcf6	0xcf4	0
0xcf7	0xcf0	1
0xcf7	0xcf6	0
0xcf8	0xcf7	0
0xcf8	0x16aeV0xcda	1
0xd00	0xcfc	1
0xd00	0xcfe	0
0xd01	0xcfa	1
0xd01	0xd00	0
0xd02	0xd01	0
0xd02	0x970_0x3	1
0xd03	0xcf8	1
0xd03	0xd02	0
0xd05	0xd03	0
0xd0c	0x970_0x2	0
0xd0d	0xd0c	0
0xd0f	0xd0e_0x0	0
0xd2d	0xd2b	0
0xd35	0xd2e	1
0xd35	0xd33	0
0xd3e	0xd3a	1
0xd3e	0xd3c	0
0xd3f	0xd38	1
0xd3f	0xd3e	0
0xd42	0xd3f	0
0xd42	0x970_0x1	1
0xd46	0xd2d	0
0xd46	0xd43	1
0xd4b	0xd2d	0
0xd4b	0xd48	1
0xd54	0xd3f	1
0xd54	0x970_0x3	0
0xd5e	0xd2d	1
0xd5e	0xd5c	0
0xd63	0xd61	0
0xd66	0xd5e	0
0xd66	0xd63	1
0xd6b	0xd54	1
0xd6b	0xd5f	6
0xd6b	0xd63	3
0xd6b	0xd63	5
0xd6b	0xd66	4
0xd6b	0xd68	2
0xd6b	0xd6a	0
0xd6c	0xd6b	0
0xd6e	0xd6c	0
0xd81	0xd7f	0
0xd85	0xd83	0
0xd89	0xd82	0
0xd89	0xd86	1
0xd8a	0xd85	1
0xd8a	0xd89	0
0xd8c	0xd81	0
0xd8c	0xd8a	1
0xd93	0xd81	0
0xd93	0xd82	1
0xdbb	0xdb7	1
0xdbb	0xdb9	0
0xdbc	0xdb5	1
0xdbc	0xdbb	0
0xdde	0xdbc	1
0xdde	0xdbd	0
0xdee	0xdea_0x0	0
0xdee	0x170cV0xdd	1
0xdff	0xdfd	0
0xdff	0xdea_0x0	1
0xe00	0xdff	0
0xe00	0x1730V0xdd	1
0xe04	0xe00	0
0xe04	0xe01	1
0xe16	0xe12	1
0xe16	0xe14	0
0xe17	0xe10	1
0xe17	0xe16	0
0xe18	0xe17	0
0xe18	0x16aeV0xdfa	1
0xe19	0xdde	1
0xe19	0xe18	0
0xe20	0xe1e	0
0xe28	0xe21	1
0xe28	0xe26	0
0xe2e	0xe20	0
0xe2e	0xe2b	1
0xe59	0xe55	1
0xe59	0xe57	0
0xe5a	0xe53	1
0xe5a	0xe59	0
0xe5b	0xe32	1
0xe5b	0xe5a	0
0xe65	0xe20	1
0xe65	0xe63	0
0xe69	0xe67	0
0xe6c	0xe65	0
0xe6c	0xe69	1
0xe71	0xe5b	0
0xe72	0xe71	0
0xe74	0xe72	0
0xe7f	0xe5b	1
0xe7f	0xe66	6
0xe7f	0xe69	3
0xe7f	0xe69	5
0xe7f	0xe6c	4
0xe7f	0xe6e	2
0xe7f	0xe7e	0
0xe80	0xe7f	0
0xe82	0xe80	0
0xe96	0xe94	0
0xea1	0xe9d	1
0xea1	0xe9f	0
0xea2	0xe9b	1
0xea2	0xea1	0
0xea3	0xe96	1
0xea3	0xea2	0
0xeb9	0xeb5_0x0	0
0xeb9	0x170cV0xdd	1
0xeca	0xec8	0
0xeca	0xeb5_0x0	1
0xecb	0xeca	0
0xecb	0x1730V0xdd	1
0xecf	0xecb	0
0xecf	0xecc	1
0xee1	0xedd	1
0xee1	0xedf	0
0xee2	0xedb	1
0xee2	0xee1	0
0xee3	0xee2	0
0xee3	0x16aeV0xec5	1
0xee9	0xee6	0
0xee9	0x170cV0xdd	1
0xefa	0xee6	1
0xefa	0xef8	0
0xefb	0xefa	0
0xefb	0x1730V0xdd	1
0xeff	0xefb	0
0xeff	0xefc	1
0xf11	0xf0d	1
0xf11	0xf0f	0
0xf12	0xf0b	1
0xf12	0xf11	0
0xf13	0xf12	0
0xf13	0x16aeV0xef5	1
0xf1b	0xf17	1
0xf1b	0xf19	0
0xf1c	0xf15	1
0xf1c	0xf1b	0
0xf1d	0xf14	1
0xf1d	0xf1c	0
0xf43	0xf41	0
0xf50	0xf43	0
0xf50	0xf4d	1
0xf54	0xf43	1
0xf54	0xf52	0
0xf5a	0xf58	0
0xf5d	0xf54	0
0xf5d	0xf5a	1
0x1457	0x1453	0
0x1457	0x1454	1
0x1458	0x1457	0
0x14b0	0x14ac	1
0x14b0	0x14ae	0
0x14b1	0x14aa	1
0x14b1	0x14b0	0
0x14b2	0x14b1	0
0x14b3	0x14b2	0
0x14b3	0x1969_0x2V0x14a0	1
0x14bb	0x14b4	1
0x14bb	0x14b9	0
0x14bc	0x14b3	1
0x14bc	0x14bb	0
0x14e8	0x14e5_0x0	1
0x14e8	0x14e5_0x1	0
0x150a	0x1509	0
0x150a	0x1507arg0x0	1
0x150b	0x150a	0
0x1512	0x1510	0
0x151a	0x1513	1
0x151a	0x1518	0
0x1521	0x1512	0
0x1521	0x151e	1
0x1526	0x1512	0
0x1526	0x1523	1
0x152c	0x1512	1
0x152c	0x152a	0
0x153b	0x1537	1
0x153b	0x1539	0
0x153c	0x1535	1
0x153c	0x153b	0
0x153d	0x153c	0
0x153d	0x1507arg0x1	1
0x1541	0x153f	0
0x1545	0x1543	0
0x1548	0x1541	0
0x1548	0x1545	1
0x154d	0x153d	1
0x154d	0x1542	6
0x154d	0x1545	3
0x154d	0x1545	5
0x154d	0x1548	4
0x154d	0x154c	0
0x154d	0x1507arg0x0	2
0x1556	0x1552	0
0x1556	0x1554	1
0x155d	0x155b	0
0x1562	0x1560	0
0x1566	0x1563	1
0x1566	0x1565	0
0x1567	0x1562	1
0x1567	0x1566	0
0x1569	0x155d	0
0x1569	0x1567	1
0x1575	0x155d	0
0x1575	0x1572	1
0x1590	0x158b_0x0	0
0x1591	0x1590	0
0x1597	0x1596_0x0	0
0x159c	0x159a	0
0x159c	0x1596_0x0	1
0x15a1	0x159f	0
0x15a9	0x15a2	1
0x15a9	0x15a7	0
0x15ae	0x15a1	1
0x15ae	0x15ac	0
0x15b1	0x15af	0
0x15b4	0x15ae	0
0x15b4	0x15b1	1
0x15f6	0xb0	0
0x15f6	0xb1	1
0x15f7	0x15f2	1
0x15f7	0x15f6	0
0x15f8	0x15f7	0
0x1603	0x1601	0
0x1607	0x1603	0
0x1607	0x1604	1
0x160a	0x1603	1
0x160a	0x1607	0
0x1615	0x1607	0
0x1615	0x160b	1
0x1616	0x160a	1
0x1616	0x1615	0
0x1617	0x1616	0
0x1623	0x161c	1
0x1623	0x1621	0
0x1644	0xb1	0
0x1644	0x1641	1
0x164d	0x1603	0
0x164d	0x164a	1
0x1655	0xb1	0
0x1655	0x1652	1
0x165e	0x1603	0
0x165e	0x165b	1
0x1666	0xb1	0
0x1666	0x1663	1
0x166f	0x1603	0
0x166f	0x166c	1
0x1674	0xb1	0
0x1674	0x1671	1
0x1675	0x1674	0
0x1679	0x1603	0
0x1679	0x1676	1
0x167e	0xb1	0
0x167e	0x167b	1
0x167f	0x167e	0
0x1683	0x1603	0
0x1683	0x1680	1
0x168b	0xb1	0
0x168b	0x1688	1
0x1694	0x1603	0
0x1694	0x1691	1
0x1793	0x1db	0
0x1793	0x1dc	1
0x1794	0x178f	1
0x1794	0x1793	0
0x1795	0x1794	0
0x179f	0x1dc	0
0x17ae	0x1dc	0
0x17ae	0x17ab	1
0x17af	0x17ae	0
0x17c5	0x1dc	1
0x17c5	0x17c0	0
0x17c6	0x17c5	0
0x1810	0x180darg0x1	0
0x1810	0x180darg0x0	1
0x1812	0x180darg0x0	0
0x1815	0x1810	0
0x1815	0x180darg0x0	1
0x1817	0x1815	1
0x1817	0x180darg0x1	0
0x1818	0x1812	1
0x1818	0x1817	0
0x1838	0x1831	1
0x1838	0x1836	0
0x1846	0x182aarg0x1	1
0x1846	0x182aarg0x0	0
0x184c	0x1849arg0x0	0
0x184c	0x1849arg0x1	1
0x184f	0x184c	0
0x184f	0x1849arg0x0	1
0x1850	0x184f	0
0x18ae	0xc3a	0
0x18ae	0x18aa	1
0x18b7	0xc3a	0
0x18b7	0x18b4	1
0x18bc	0xc3a	0
0x18bc	0x18b2	1
0x18c7	0xc3a	0
0x18c7	0x18c4	1
0x18cc	0x18c9_0x0	0
0x18cc	0x170cV0xdd	1
0x18cd	0x18cc	0
0x18d3	0x18d2_0x3	0
0x18e3	0x18df	1
0x18e3	0x18e1	0
0x18e4	0x18dd	1
0x18e4	0x18e3	0
0x18e5	0x18d3	1
0x18e5	0x18e4	0
0x18ea	0x18aa	0
0x18ea	0x18dc_0x4	1
0x18ee	0x18aa	0
0x18ee	0x18dc_0x2	1
0x18f2	0x18f0	0
0x18f2	0x18dc_0x1	1
0x18ff	0x18fb	1
0x18ff	0x18fd	0
0x1900	0x18f9	1
0x1900	0x18ff	0
0x1904	0x1900	0
0x1904	0x173dV0xdd	1
0x190a	0xc3a	1
0x190a	0x1905	0
0x191f	0x191aarg0x2	0
0x191f	0x191aarg0x3	1
0x1920	0x191f	0
0x192b	0x191aarg0x3	0
0x192b	0x191aarg0x1	1
0x192c	0x192b	0
0x1938	0x191aarg0x2	0
0x1938	0x191aarg0x0	1
0x193d	0x191aarg0x2	1
0x193d	0x191aarg0x3	0
0x197a	0x14e8	0
0x197a	0x14e5_0x1	1
0x197b	0x1976	1
0x197b	0x197a	0
0x197c	0x197b	0
0x1986	0x14e5_0x1	0
0x1995	0x1992	1
0x1995	0x14e5_0x1	0
0x1996	0x1995	0
0x199c	0x1999	1
0x199c	0x14e5_0x1	0
0x199d	0x199c	0
0x19b0	0x19ae	0
0x19b0	0x14e5_0x1	1
0x19b1	0x19b0	0
0x33df	0x33dd	0
0x33e2	0x2e0	0
0x33e2	0x33df	1
0x3407	0x3405	0
0x340a	0x868	0
0x340a	0x3407	1
0x342f	0x342d	0
0x3432	0x920	0
0x3432	0x342f	1
0x3457	0x3455	0
0x345a	0x960	0
0x345a	0x3457	1
0x3484	0x347d	1
0x3484	0x3482	0
0x34b7	0x34b0	1
0x34b7	0x34b5	0
0x34ea	0x34e3	1
0x34ea	0x34e8	0
0x3518	0x3516	0
0x351b	0xcb9	0
0x351b	0x3518	1
0x3545	0x353e	1
0x3545	0x3543	0
0x3578	0x3571	1
0x3578	0x3576	0
0x35ab	0x35a4	1
0x35ab	0x35a9	0
0x35de	0x35d7	1
0x35de	0x35dc	0
0x365c	0x365a	0
0x365f	0x152c	0
0x365f	0x365c	1
0x3689	0x3682	1
0x3689	0x3687	0
0x36bc	0x36b5	1
0x36bc	0x36ba	0
0x6ebf	0x6ebd	0
0x6ec2	0x6ebf	1
0x6ec2	0x17f6V0x272	0
0x6ee7	0x6ee5	0
0x6eea	0x6ee7	1
0x6eea	0x17f6V0x810	0
0x6f0f	0x6f0d	0
0x6f12	0x6f0f	1
0x6f12	0x17f6V0x8bf	0
0x2f0	0x2ea	1
0x2f0	0x2ed	0
0x970	0x96a	1
0x970	0x96d	0
0x3de	0x3d5	1
0x3de	0x3d6	3
0x3de	0x3db	0
0x3de	0x2f0_0x2	2
0x616	0x60e	3
0x616	0x613	0
0x616	0x2f0_0x2	2
0x616	0x188dV0x5bb	1
0xaa2	0xa9a	3
0xaa2	0xa9f	0
0xaa2	0x970_0x2	2
0xaa2	0x16d4V0xdd	1
0xd1f	0xd17	3
0xd1f	0xd1c	0
0xd1f	0x970_0x2	2
0xd1f	0x188dV0xc5b	1
0x3e8	0x3cd	2
0x3e8	0x3e0	3
0x3e8	0x3e5	0
0x3e8	0x3de_0x0	1
0x620	0x60b	2
0x620	0x618	3
0x620	0x61d	0
0x620	0x616_0x0	1
0xaac	0xa97	2
0xaac	0xaa4	3
0xaac	0xaa9	0
0xaac	0xaa2_0x0	1
0xd29	0xd14	2
0xd29	0xd21	3
0xd29	0xd26	0
0xd29	0xd1f_0x0	1
0x3fa	0x3f1	1
0x3fa	0x3f2	3
0x3fa	0x3f7	0
0x3fa	0x3e8_0x0	2
0x69f	0x697	3
0x69f	0x69c	0
0x69f	0x620_0x0	2
0x69f	0x188dV0x5bb	1
0xab8	0xab0	3
0xab8	0xab5	0
0xab8	0xaac_0x0	2
0xab8	0x16d4V0xdd	1
0xcca	0xcc1	3
0xcca	0xcc4	2
0xcca	0xcc7	0
0xcca	0x170cV0xdd	1
0xda8	0xda0	3
0xda8	0xda5	0
0xda8	0xd29_0x0	2
0xda8	0x188dV0xc5b	1
0xdea	0xde1	3
0xdea	0xde4	2
0xdea	0xde7	0
0xdea	0x170cV0xdd	1
0xeb5	0xeac	3
0xeb5	0xeaf	2
0xeb5	0xeb2	0
0xeb5	0x170cV0xdd	1
0x1481	0x1453	1
0x1481	0x1478	3
0x1481	0x147b	2
0x1481	0x147e	0
0x148d	0x1453	4
0x148d	0x1474	2
0x148d	0x1475	1
0x148d	0x1483	5
0x148d	0x148a	0
0x148d	0x1481_0x0	3
0x149f	0x1494	5
0x149f	0x1497	4
0x149f	0x1499	3
0x149f	0x149c	0
0x149f	0x148d_0x0	2
0x149f	0x148d_0x1	1
0x14e5	0x14da	5
0x14e5	0x14de	3
0x14e5	0x14e2	0
0x14e5	0x148d_0x0	2
0x14e5	0x148d_0x0	4
0x14e5	0x148d_0x1	1
0x263_0x0	0x24e	-1
0x263_0x0	0x262	-1
0x26d_0x0	0x24e	-1
0x26d_0x0	0x262	-1
0x26d_0x0	0x26c	-1
0x3c7_0x0	0x3bc	-1
0x3c7_0x0	0x3c6	-1
0x605_0x0	0x5fa	-1
0x605_0x0	0x604	-1
0x6e9_0x1	0x69f_0x0	-1
0x6e9_0x1	0x188dV0x5bb	-1
0x774_0x1	0x69f_0x0	-1
0x774_0x1	0x188dV0x5bb	-1
0x80b_0x0	0x7f6	-1
0x80b_0x0	0x80a	-1
0x8b0_0x0	0x89b	-1
0x8b0_0x0	0x8af	-1
0x8ba_0x0	0x89b	-1
0x8ba_0x0	0x8af	-1
0x8ba_0x0	0x8b9	-1
0xa91_0x0	0xa86	-1
0xa91_0x0	0xa90	-1
0xb56_0xb	0xab8_0x0	-1
0xb56_0xb	0x16d4V0xdd	-1
0xc3f_0x0	0x18c7	-1
0xc3f_0x0	0x18ee	-1
0xd0e_0x0	0xd03	-1
0xd0e_0x0	0xd0d	-1
0xe1e_0x1	0xda8_0x0	-1
0xe1e_0x1	0x188dV0xc5b	-1
0xf0a_0x3	0xda8_0x0	-1
0xf0a_0x3	0x188dV0xc5b	-1
0xf0a_0xd	0xab8_0x0	-1
0xf0a_0xd	0x16d4V0xdd	-1
0x158b_0x0	0x155d	-1
0x158b_0x0	0x157c	-1
0x1596_0x0	0x155d	-1
0x1596_0x0	0x157c	-1
0x18a6_0x5	0xab8_0x0	-1
0x18a6_0x5	0x16d4V0xdd	-1
0x18c9_0x0	0x18c0	-1
0x18c9_0x0	0x18f2	-1
0x18d2_0x3	0x18ea	-1
0x18d2_0x3	0x1730V0xdd	-1
0x18dc_0x1	0x18c0	-1
0x18dc_0x1	0x18f2	-1
0x18dc_0x2	0x18c7	-1
0x18dc_0x2	0x18ee	-1
0x18dc_0x4	0x18ea	-1
0x18dc_0x4	0x1730V0xdd	-1
0x1260xf0	0xf00x123	1
0x1260xf0	0xf00x11f	0
0x1260x148	0x1480x123	1
0x1260x148	0x1480x11f	0
0x1260x186	0x1a4	0
0x1260x186	0x1860x123	1
0x1260x20a	0x23c	0
0x1260x20a	0x20a0x123	1
0x1230xf0	0xf00x121	0
0x1230x148	0x1480x121	0
0x1230x186	0x1860x121	0
0x1230x20a	0x20a0x121	0
0x11f0xf0	0xf00x11d	0
0x11f0xf0	0xf00x114	1
0x11f0x148	0x1480x11d	0
0x11f0x148	0x1480x114	1
0x11a0xf0	0x10e	0
0x11a0xf0	0xf00x115	1
0x11a0x148	0x162	0
0x11a0x148	0x1480x115	1
0x1140xf0	0xf00x112	0
0x1140x148	0x1480x112	0
0x17d3S0x272	0x280	0
0x17d3S0x272	0x17caV0x272	1
0x17eeS0x272	0x17d5V0x272	1
0x17eeS0x272	0x17ecV0x272	0
0x17f2S0x272	0x280	0
0x17f2S0x272	0x17efV0x272	1
0x17f6S0x272	0x280	1
0x17f6S0x272	0x17f4V0x272	0
0x17d3S0x810	0x81e	0
0x17d3S0x810	0x17caV0x810	1
0x17eeS0x810	0x17d5V0x810	1
0x17eeS0x810	0x17ecV0x810	0
0x17f2S0x810	0x81e	0
0x17f2S0x810	0x17efV0x810	1
0x17f6S0x810	0x81e	1
0x17f6S0x810	0x17f4V0x810	0
0x17d3S0x8bf	0x8cd	0
0x17d3S0x8bf	0x17caV0x8bf	1
0x17eeS0x8bf	0x17d5V0x8bf	1
0x17eeS0x8bf	0x17ecV0x8bf	0
0x17f2S0x8bf	0x8cd	0
0x17f2S0x8bf	0x17efV0x8bf	1
0x17f6S0x8bf	0x8cd	1
0x17f6S0x8bf	0x17f4V0x8bf	0
0x1862S0x44c	0x453	1
0x1862S0x44c	0x465	0
0x1863S0x44c	0x185eV0x44c	1
0x1863S0x44c	0x1862V0x44c	0
0x1864S0x44c	0x1863V0x44c	0
0x186eS0x44c	0x453	0
0x1870S0x44c	0x186eV0x44c	0
0x1871S0x44c	0x1870V0x44c	0
0x1873S0x44c	0x186eV0x44c	0
0x1873S0x44c	0x1871V0x44c	1
0x1862S0x4e6	0x4ed	1
0x1862S0x4e6	0x4ff	0
0x1863S0x4e6	0x185eV0x4e6	1
0x1863S0x4e6	0x1862V0x4e6	0
0x1864S0x4e6	0x1863V0x4e6	0
0x186eS0x4e6	0x4ed	0
0x1870S0x4e6	0x186eV0x4e6	0
0x1871S0x4e6	0x1870V0x4e6	0
0x1873S0x4e6	0x186eV0x4e6	0
0x1873S0x4e6	0x1871V0x4e6	1
0x1881S0x5bb	0x5c2	1
0x1881S0x5bb	0x5d4	0
0x1882S0x5bb	0x187dV0x5bb	1
0x1882S0x5bb	0x1881V0x5bb	0
0x1883S0x5bb	0x1882V0x5bb	0
0x188dS0x5bb	0x5c2	0
0x1862S0x671	0x678	1
0x1862S0x671	0x68a	0
0x1863S0x671	0x185eV0x671	1
0x1863S0x671	0x1862V0x671	0
0x1864S0x671	0x1863V0x671	0
0x186eS0x671	0x678	0
0x1870S0x671	0x186eV0x671	0
0x1871S0x671	0x1870V0x671	0
0x1873S0x671	0x186eV0x671	0
0x1873S0x671	0x1871V0x671	1
0x1862S0xb09	0xb10	1
0x1862S0xb09	0xb22	0
0x1863S0xb09	0x185eV0xb09	1
0x1863S0xb09	0x1862V0xb09	0
0x1864S0xb09	0x1863V0xb09	0
0x186eS0xb09	0xb10	0
0x1870S0xb09	0x186eV0xb09	0
0x1871S0xb09	0x1870V0xb09	0
0x1873S0xb09	0x186eV0xb09	0
0x1873S0xb09	0x1871V0xb09	1
0x1862S0xbc4	0xbcb	1
0x1862S0xbc4	0xbdd	0
0x1863S0xbc4	0x185eV0xbc4	1
0x1863S0xbc4	0x1862V0xbc4	0
0x1864S0xbc4	0x1863V0xbc4	0
0x186eS0xbc4	0xbcb	0
0x1870S0xbc4	0x186eV0xbc4	0
0x1871S0xbc4	0x1870V0xbc4	0
0x1873S0xbc4	0x186eV0xbc4	0
0x1873S0xbc4	0x1871V0xbc4	1
0x1881S0xc5b	0xc62	1
0x1881S0xc5b	0xc74	0
0x1882S0xc5b	0x187dV0xc5b	1
0x1882S0xc5b	0x1881V0xc5b	0
0x1883S0xc5b	0x1882V0xc5b	0
0x188dS0xc5b	0xc62	0
0x1862S0xd7a	0xd81	1
0x1862S0xd7a	0xd93	0
0x1863S0xd7a	0x185eV0xd7a	1
0x1863S0xd7a	0x1862V0xd7a	0
0x1864S0xd7a	0x1863V0xd7a	0
0x186eS0xd7a	0xd81	0
0x1870S0xd7a	0x186eV0xd7a	0
0x1871S0xd7a	0x1870V0xd7a	0
0x1873S0xd7a	0x186eV0xd7a	0
0x1873S0xd7a	0x1871V0xd7a	1
0x1948S0x14a0	0x1944V0x14a0	1
0x1948S0x14a0	0x1946V0x14a0	0
0x1949S0x14a0	0x1942V0x14a0	1
0x1949S0x14a0	0x1948V0x14a0	0
0x194aS0x14a0	0x1949V0x14a0	0
0x194cS0x14a0	0x149f_0x1	0
0x194fS0x14a0	0x194aV0x14a0	1
0x194fS0x14a0	0x194cV0x14a0	0
0x1954S0x14a0	0x149f_0x0	0
0x1954S0x14a0	0x1951V0x14a0	1
0x1955S0x14a0	0x1954V0x14a0	0
0x1969_0x2S0x14a0	0x194fV0x14a0	-1
0x1969_0x2S0x14a0	0x1966V0x14a0	-1
0x195fS0x14a0	0x149f_0x0	1
0x195fS0x14a0	0x195dV0x14a0	0
0x1962S0x14a0	0x195fV0x14a0	1
0x1962S0x14a0	0x1960V0x14a0	0
0x1963S0x14a0	0x194aV0x14a0	1
0x1963S0x14a0	0x1962V0x14a0	0
0x1965S0x14a0	0x194cV0x14a0	0
0x1965S0x14a0	0x1963V0x14a0	1
0x1966S0x14a0	0x194aV0x14a0	1
0x1966S0x14a0	0x1965V0x14a0	0
0x15e0S0x1649	0x1655	0
0x15e6S0x1649	0x15e0V0x1649	0
0x15e6S0x1649	0x15e1V0x1649	1
0x15e8S0x1649	0x15e0V0x1649	0
0x15e8S0x1649	0x15e6V0x1649	1
0x15c1S0x179d	0x15bdV0x179d	1
0x15c1S0x179d	0x15bfV0x179d	0
0x15c2S0x179d	0x15bbV0x179d	1
0x15c2S0x179d	0x15c1V0x179d	0
0x15c4S0x179d	0x179f	0
0x15c4S0x179d	0x15c2V0x179d	1
0x15c6S0x179d	0x179f	0
0x15c6S0x179d	0x15c4V0x179d	1
0x15c1S0x17a8	0x15bdV0x17a8	1
0x15c1S0x17a8	0x15bfV0x17a8	0
0x15c2S0x17a8	0x15bbV0x17a8	1
0x15c2S0x17a8	0x15c1V0x17a8	0
0x15c4S0x17a8	0x17af	0
0x15c4S0x17a8	0x15c2V0x17a8	1
0x15c6S0x17a8	0x17af	0
0x15c6S0x17a8	0x15c4V0x17a8	1
0x15c1S0x1984	0x15bdV0x1984	1
0x15c1S0x1984	0x15bfV0x1984	0
0x15c2S0x1984	0x15bbV0x1984	1
0x15c2S0x1984	0x15c1V0x1984	0
0x15c4S0x1984	0x1986	0
0x15c4S0x1984	0x15c2V0x1984	1
0x15c6S0x1984	0x1986	0
0x15c6S0x1984	0x15c4V0x1984	1
0x15c1S0x198f	0x15bdV0x198f	1
0x15c1S0x198f	0x15bfV0x198f	0
0x15c2S0x198f	0x15bbV0x198f	1
0x15c2S0x198f	0x15c1V0x198f	0
0x15c4S0x198f	0x199d	0
0x15c4S0x198f	0x15c2V0x198f	1
0x15c6S0x198f	0x199d	0
0x15c6S0x198f	0x15c4V0x198f	1
0x15c1S0x18d2	0x15bdV0x18d2	1
0x15c1S0x18d2	0x15bfV0x18d2	0
0x15c2S0x18d2	0x15bbV0x18d2	1
0x15c2S0x18d2	0x15c1V0x18d2	0
0x15c4S0x18d2	0x18d3	0
0x15c4S0x18d2	0x15c2V0x18d2	1
0x15c6S0x18d2	0x18d3	0
0x15c6S0x18d2	0x15c4V0x18d2	1
0x16a2S0xc9	0xd1	0
0x16a2S0xc9	0xd2	1
0x16a3S0xc9	0x169eV0xc9	1
0x16a3S0xc9	0x16a2V0xc9	0
0x16a4S0xc9	0x16a3V0xc9	0
0x16aeS0xc9	0xd2	0
0x15c1S0x16acS0xc9	0x15bdV0x16acV0xc9	1
0x15c1S0x16acS0xc9	0x15bfV0x16acV0xc9	0
0x15c2S0x16acS0xc9	0x15bbV0x16acV0xc9	1
0x15c2S0x16acS0xc9	0x15c1V0x16acV0xc9	0
0x15c4S0x16acS0xc9	0x16aeV0xc9	0
0x15c4S0x16acS0xc9	0x15c2V0x16acV0xc9	1
0x15c6S0x16acS0xc9	0x16aeV0xc9	0
0x15c6S0x16acS0xc9	0x15c4V0x16acV0xc9	1
0x16a2S0x134	0x13c	0
0x16a2S0x134	0x13d	1
0x16a3S0x134	0x169eV0x134	1
0x16a3S0x134	0x16a2V0x134	0
0x16a4S0x134	0x16a3V0x134	0
0x16aeS0x134	0x13d	0
0x15c1S0x16acS0x134	0x15bdV0x16acV0x134	1
0x15c1S0x16acS0x134	0x15bfV0x16acV0x134	0
0x15c2S0x16acS0x134	0x15bbV0x16acV0x134	1
0x15c2S0x16acS0x134	0x15c1V0x16acV0x134	0
0x15c4S0x16acS0x134	0x16aeV0x134	0
0x15c4S0x16acS0x134	0x15c2V0x16acV0x134	1
0x15c6S0x16acS0x134	0x16aeV0x134	0
0x15c6S0x16acS0x134	0x15c4V0x16acV0x134	1
0x175bS0x172	0x17a	0
0x175bS0x172	0x17b	1
0x175cS0x172	0x1757V0x172	1
0x175cS0x172	0x175bV0x172	0
0x175dS0x172	0x175cV0x172	0
0x1767S0x172	0x17b	0
0x1776S0x172	0x17b	0
0x1776S0x172	0x1773V0x172	1
0x1777S0x172	0x1776V0x172	0
0x15c1S0x1765S0x172	0x15bdV0x1765V0x172	1
0x15c1S0x1765S0x172	0x15bfV0x1765V0x172	0
0x15c2S0x1765S0x172	0x15bbV0x1765V0x172	1
0x15c2S0x1765S0x172	0x15c1V0x1765V0x172	0
0x15c4S0x1765S0x172	0x1767V0x172	0
0x15c4S0x1765S0x172	0x15c2V0x1765V0x172	1
0x15c6S0x1765S0x172	0x1767V0x172	0
0x15c6S0x1765S0x172	0x15c4V0x1765V0x172	1
0x15c1S0x1770S0x172	0x15bdV0x1770V0x172	1
0x15c1S0x1770S0x172	0x15bfV0x1770V0x172	0
0x15c2S0x1770S0x172	0x15bbV0x1770V0x172	1
0x15c2S0x1770S0x172	0x15c1V0x1770V0x172	0
0x15c4S0x1770S0x172	0x1777V0x172	0
0x15c4S0x1770S0x172	0x15c2V0x1770V0x172	1
0x15c6S0x1770S0x172	0x1777V0x172	0
0x15c6S0x1770S0x172	0x15c4V0x1770V0x172	1
0x16a2S0x1b4	0x1bc	0
0x16a2S0x1b4	0x1bd	1
0x16a3S0x1b4	0x169eV0x1b4	1
0x16a3S0x1b4	0x16a2V0x1b4	0
0x16a4S0x1b4	0x16a3V0x1b4	0
0x16aeS0x1b4	0x1bd	0
0x15c1S0x16acS0x1b4	0x15bdV0x16acV0x1b4	1
0x15c1S0x16acS0x1b4	0x15bfV0x16acV0x1b4	0
0x15c2S0x16acS0x1b4	0x15bbV0x16acV0x1b4	1
0x15c2S0x16acS0x1b4	0x15c1V0x16acV0x1b4	0
0x15c4S0x16acS0x1b4	0x16aeV0x1b4	0
0x15c4S0x16acS0x1b4	0x15c2V0x16acV0x1b4	1
0x15c6S0x16acS0x1b4	0x16aeV0x1b4	0
0x15c6S0x16acS0x1b4	0x15c4V0x16acV0x1b4	1
0x1359S0x1e2	0x1357V0x1e2	0
0x1360S0x1e2	0x135aV0x1e2	1
0x1360S0x1e2	0x135eV0x1e2	0
0x1365S0x1e2	0x1359V0x1e2	1
0x1365S0x1e2	0x1363V0x1e2	0
0x1328S0x1e2	0x1327V0x1e2	0
0x132fS0x1e2	0x132bV0x1e2	1
0x132fS0x1e2	0x132dV0x1e2	0
0x1330S0x1e2	0x1329V0x1e2	1
0x1330S0x1e2	0x132fV0x1e2	0
0x1331S0x1e2	0x1328V0x1e2	1
0x1331S0x1e2	0x1330V0x1e2	0
0x1333S0x1e2	0x1331V0x1e2	1
0x1333S0x1e2	0x1332V0x1e2	0
0x1348_0x0S0x1e2	0x1333V0x1e2	-1
0x1348_0x0S0x1e2	0x1347V0x1e2	-1
0x1352_0x0S0x1e2	0x1333V0x1e2	-1
0x1352_0x0S0x1e2	0x1347V0x1e2	-1
0x1352_0x0S0x1e2	0x1351V0x1e2	-1
0x1371S0x1e2	0x136fV0x1e2	0
0x1379S0x1e2	0x1372V0x1e2	1
0x1379S0x1e2	0x1377V0x1e2	0
0x1382S0x1e2	0x137eV0x1e2	1
0x1382S0x1e2	0x1380V0x1e2	0
0x1383S0x1e2	0x137cV0x1e2	1
0x1383S0x1e2	0x1382V0x1e2	0
0x1386S0x1e2	0x17af	1
0x1386S0x1e2	0x1383V0x1e2	0
0x138aS0x1e2	0x1371V0x1e2	0
0x138aS0x1e2	0x1387V0x1e2	1
0x1390S0x1e2	0x1371V0x1e2	0
0x1390S0x1e2	0x138dV0x1e2	1
0x1393S0x1e2	0x179f	0
0x1393S0x1e2	0x1383V0x1e2	1
0x139dS0x1e2	0x1371V0x1e2	1
0x139dS0x1e2	0x139bV0x1e2	0
0x13a2S0x1e2	0x13a0V0x1e2	0
0x13a5S0x1e2	0x139dV0x1e2	0
0x13a5S0x1e2	0x13a2V0x1e2	1
0x13aaS0x1e2	0x1393V0x1e2	1
0x13aaS0x1e2	0x139eV0x1e2	6
0x13aaS0x1e2	0x13a2V0x1e2	3
0x13aaS0x1e2	0x13a2V0x1e2	5
0x13aaS0x1e2	0x13a5V0x1e2	4
0x13aaS0x1e2	0x13a7V0x1e2	2
0x13aaS0x1e2	0x13a9V0x1e2	0
0x13abS0x1e2	0x13aaV0x1e2	0
0x13adS0x1e2	0x13abV0x1e2	0
0x701cS0x1e2	0x701aV0x1e2	0
0x701fS0x1e2	0x701cV0x1e2	1
0x701fS0x1e2	0x17f6V0x1357V0x1e2	0
0x13c0S0x1e2	0x13beV0x1e2	0
0x13c4S0x1e2	0x13c2V0x1e2	0
0x13c8S0x1e2	0x13c1V0x1e2	0
0x13c8S0x1e2	0x13c5V0x1e2	1
0x13c9S0x1e2	0x13c4V0x1e2	1
0x13c9S0x1e2	0x13c8V0x1e2	0
0x13cbS0x1e2	0x13c0V0x1e2	0
0x13cbS0x1e2	0x13c9V0x1e2	1
0x13d2S0x1e2	0x13c0V0x1e2	0
0x13d2S0x1e2	0x13c1V0x1e2	1
0x13e1S0x1e2	0x13dfV0x1e2	0
0x13e9S0x1e2	0x13e2V0x1e2	1
0x13e9S0x1e2	0x13e7V0x1e2	0
0x13f2S0x1e2	0x13eeV0x1e2	1
0x13f2S0x1e2	0x13f0V0x1e2	0
0x13f3S0x1e2	0x13ecV0x1e2	1
0x13f3S0x1e2	0x13f2V0x1e2	0
0x13f6S0x1e2	0x17af	1
0x13f6S0x1e2	0x13f3V0x1e2	0
0x13faS0x1e2	0x13e1V0x1e2	0
0x13faS0x1e2	0x13f7V0x1e2	1
0x13ffS0x1e2	0x13e1V0x1e2	0
0x13ffS0x1e2	0x13fcV0x1e2	1
0x1404S0x1e2	0x179f	0
0x1404S0x1e2	0x13f3V0x1e2	1
0x140eS0x1e2	0x13e1V0x1e2	1
0x140eS0x1e2	0x140cV0x1e2	0
0x1413S0x1e2	0x1411V0x1e2	0
0x1416S0x1e2	0x140eV0x1e2	0
0x1416S0x1e2	0x1413V0x1e2	1
0x141bS0x1e2	0x1404V0x1e2	1
0x141bS0x1e2	0x140fV0x1e2	6
0x141bS0x1e2	0x1413V0x1e2	3
0x141bS0x1e2	0x1413V0x1e2	5
0x141bS0x1e2	0x1416V0x1e2	4
0x141bS0x1e2	0x1418V0x1e2	2
0x141bS0x1e2	0x141aV0x1e2	0
0x141cS0x1e2	0x141bV0x1e2	0
0x141eS0x1e2	0x141cV0x1e2	0
0x1431S0x1e2	0x142fV0x1e2	0
0x1435S0x1e2	0x1433V0x1e2	0
0x1439S0x1e2	0x1432V0x1e2	0
0x1439S0x1e2	0x1436V0x1e2	1
0x143aS0x1e2	0x1435V0x1e2	1
0x143aS0x1e2	0x1439V0x1e2	0
0x143cS0x1e2	0x1431V0x1e2	0
0x143cS0x1e2	0x143aV0x1e2	1
0x1443S0x1e2	0x1431V0x1e2	0
0x1443S0x1e2	0x1432V0x1e2	1
0x133cS0x1e2	0x133aV0x1e2	0
0x1343S0x1e2	0x133fV0x1e2	1
0x1343S0x1e2	0x1341V0x1e2	0
0x1344S0x1e2	0x133dV0x1e2	1
0x1344S0x1e2	0x1343V0x1e2	0
0x1345S0x1e2	0x133cV0x1e2	1
0x1345S0x1e2	0x1344V0x1e2	0
0x1347S0x1e2	0x1345V0x1e2	1
0x1347S0x1e2	0x1346V0x1e2	0
0x1351S0x1e2	0x134fV0x1e2	1
0x1351S0x1e2	0x1350V0x1e2	0
0x17d3S0x1357S0x1e2	0x1365V0x1e2	0
0x17d3S0x1357S0x1e2	0x17caV0x1357V0x1e2	1
0x17eeS0x1357S0x1e2	0x17d5V0x1357V0x1e2	1
0x17eeS0x1357S0x1e2	0x17ecV0x1357V0x1e2	0
0x17f2S0x1357S0x1e2	0x1365V0x1e2	0
0x17f2S0x1357S0x1e2	0x17efV0x1357V0x1e2	1
0x17f6S0x1357S0x1e2	0x1365V0x1e2	1
0x17f6S0x1357S0x1e2	0x17f4V0x1357V0x1e2	0
0x1862S0x13b9S0x1e2	0x13c0V0x1e2	1
0x1862S0x13b9S0x1e2	0x13d2V0x1e2	0
0x1863S0x13b9S0x1e2	0x185eV0x13b9V0x1e2	1
0x1863S0x13b9S0x1e2	0x1862V0x13b9V0x1e2	0
0x1864S0x13b9S0x1e2	0x1863V0x13b9V0x1e2	0
0x186eS0x13b9S0x1e2	0x13c0V0x1e2	0
0x1870S0x13b9S0x1e2	0x186eV0x13b9V0x1e2	0
0x1871S0x13b9S0x1e2	0x1870V0x13b9V0x1e2	0
0x1873S0x13b9S0x1e2	0x186eV0x13b9V0x1e2	0
0x1873S0x13b9S0x1e2	0x1871V0x13b9V0x1e2	1
0x1862S0x142aS0x1e2	0x1431V0x1e2	1
0x1862S0x142aS0x1e2	0x1443V0x1e2	0
0x1863S0x142aS0x1e2	0x185eV0x142aV0x1e2	1
0x1863S0x142aS0x1e2	0x1862V0x142aV0x1e2	0
0x1864S0x142aS0x1e2	0x1863V0x142aV0x1e2	0
0x186eS0x142aS0x1e2	0x1431V0x1e2	0
0x1870S0x142aS0x1e2	0x186eV0x142aV0x1e2	0
0x1871S0x142aS0x1e2	0x1870V0x142aV0x1e2	0
0x1873S0x142aS0x1e2	0x186eV0x142aV0x1e2	0
0x1873S0x142aS0x1e2	0x1871V0x142aV0x1e2	1
0x16a2S0x9b7	0x9bd	1
0x16a2S0x9b7	0x9c1	0
0x16a3S0x9b7	0x169eV0x9b7	1
0x16a3S0x9b7	0x16a2V0x9b7	0
0x16a4S0x9b7	0x16a3V0x9b7	0
0x16aeS0x9b7	0x9bd	0
0x15c1S0x16acS0x9b7	0x15bdV0x16acV0x9b7	1
0x15c1S0x16acS0x9b7	0x15bfV0x16acV0x9b7	0
0x15c2S0x16acS0x9b7	0x15bbV0x16acV0x9b7	1
0x15c2S0x16acS0x9b7	0x15c1V0x16acV0x9b7	0
0x15c4S0x16acS0x9b7	0x16aeV0x9b7	0
0x15c4S0x16acS0x9b7	0x15c2V0x16acV0x9b7	1
0x15c6S0x16acS0x9b7	0x16aeV0x9b7	0
0x15c6S0x16acS0x9b7	0x15c4V0x16acV0x9b7	1
0x16a2S0xa5d	0xa63	1
0x16a2S0xa5d	0xa67	0
0x16a3S0xa5d	0x169eV0xa5d	1
0x16a3S0xa5d	0x16a2V0xa5d	0
0x16a4S0xa5d	0x16a3V0xa5d	0
0x16aeS0xa5d	0xa63	0
0x15c1S0x16acS0xa5d	0x15bdV0x16acV0xa5d	1
0x15c1S0x16acS0xa5d	0x15bfV0x16acV0xa5d	0
0x15c2S0x16acS0xa5d	0x15bbV0x16acV0xa5d	1
0x15c2S0x16acS0xa5d	0x15c1V0x16acV0xa5d	0
0x15c4S0x16acS0xa5d	0x16aeV0xa5d	0
0x15c4S0x16acS0xa5d	0x15c2V0x16acV0xa5d	1
0x15c6S0x16acS0xa5d	0x16aeV0xa5d	0
0x15c6S0x16acS0xa5d	0x15c4V0x16acV0xa5d	1
0x16a2S0xb41	0xb47	1
0x16a2S0xb41	0xb4b	0
0x16a3S0xb41	0x169eV0xb41	1
0x16a3S0xb41	0x16a2V0xb41	0
0x16a4S0xb41	0x16a3V0xb41	0
0x16aeS0xb41	0xb47	0
0x15c1S0x16acS0xb41	0x15bdV0x16acV0xb41	1
0x15c1S0x16acS0xb41	0x15bfV0x16acV0xb41	0
0x15c2S0x16acS0xb41	0x15bbV0x16acV0xb41	1
0x15c2S0x16acS0xb41	0x15c1V0x16acV0xb41	0
0x15c4S0x16acS0xb41	0x16aeV0xb41	0
0x15c4S0x16acS0xb41	0x15c2V0x16acV0xb41	1
0x15c6S0x16acS0xb41	0x16aeV0xb41	0
0x15c6S0x16acS0xb41	0x15c4V0x16acV0xb41	1
0x16a2S0xcda	0xce0	1
0x16a2S0xcda	0xce4	0
0x16a3S0xcda	0x169eV0xcda	1
0x16a3S0xcda	0x16a2V0xcda	0
0x16a4S0xcda	0x16a3V0xcda	0
0x16aeS0xcda	0xce0	0
0x15c1S0x16acS0xcda	0x15bdV0x16acV0xcda	1
0x15c1S0x16acS0xcda	0x15bfV0x16acV0xcda	0
0x15c2S0x16acS0xcda	0x15bbV0x16acV0xcda	1
0x15c2S0x16acS0xcda	0x15c1V0x16acV0xcda	0
0x15c4S0x16acS0xcda	0x16aeV0xcda	0
0x15c4S0x16acS0xcda	0x15c2V0x16acV0xcda	1
0x15c6S0x16acS0xcda	0x16aeV0xcda	0
0x15c6S0x16acS0xcda	0x15c4V0x16acV0xcda	1
0x16a2S0xdfa	0xe00	1
0x16a2S0xdfa	0xe04	0
0x16a3S0xdfa	0x169eV0xdfa	1
0x16a3S0xdfa	0x16a2V0xdfa	0
0x16a4S0xdfa	0x16a3V0xdfa	0
0x16aeS0xdfa	0xe00	0
0x15c1S0x16acS0xdfa	0x15bdV0x16acV0xdfa	1
0x15c1S0x16acS0xdfa	0x15bfV0x16acV0xdfa	0
0x15c2S0x16acS0xdfa	0x15bbV0x16acV0xdfa	1
0x15c2S0x16acS0xdfa	0x15c1V0x16acV0xdfa	0
0x15c4S0x16acS0xdfa	0x16aeV0xdfa	0
0x15c4S0x16acS0xdfa	0x15c2V0x16acV0xdfa	1
0x15c6S0x16acS0xdfa	0x16aeV0xdfa	0
0x15c6S0x16acS0xdfa	0x15c4V0x16acV0xdfa	1
0x16a2S0xec5	0xecb	1
0x16a2S0xec5	0xecf	0
0x16a3S0xec5	0x169eV0xec5	1
0x16a3S0xec5	0x16a2V0xec5	0
0x16a4S0xec5	0x16a3V0xec5	0
0x16aeS0xec5	0xecb	0
0x15c1S0x16acS0xec5	0x15bdV0x16acV0xec5	1
0x15c1S0x16acS0xec5	0x15bfV0x16acV0xec5	0
0x15c2S0x16acS0xec5	0x15bbV0x16acV0xec5	1
0x15c2S0x16acS0xec5	0x15c1V0x16acV0xec5	0
0x15c4S0x16acS0xec5	0x16aeV0xec5	0
0x15c4S0x16acS0xec5	0x15c2V0x16acV0xec5	1
0x15c6S0x16acS0xec5	0x16aeV0xec5	0
0x15c6S0x16acS0xec5	0x15c4V0x16acV0xec5	1
0x16a2S0xef5	0xefb	1
0x16a2S0xef5	0xeff	0
0x16a3S0xef5	0x169eV0xef5	1
0x16a3S0xef5	0x16a2V0xef5	0
0x16a4S0xef5	0x16a3V0xef5	0
0x16aeS0xef5	0xefb	0
0x15c1S0x16acS0xef5	0x15bdV0x16acV0xef5	1
0x15c1S0x16acS0xef5	0x15bfV0x16acV0xef5	0
0x15c2S0x16acS0xef5	0x15bbV0x16acV0xef5	1
0x15c2S0x16acS0xef5	0x15c1V0x16acV0xef5	0
0x15c4S0x16acS0xef5	0x16aeV0xef5	0
0x15c4S0x16acS0xef5	0x15c2V0x16acV0xef5	1
0x15c6S0x16acS0xef5	0x16aeV0xef5	0
0x15c6S0x16acS0xef5	0x15c4V0x16acV0xef5	1
0x15d0S0x162f	0xb1	0
0x15c1S0x15ceS0x162f	0x15bdV0x15ceV0x162f	1
0x15c1S0x15ceS0x162f	0x15bfV0x15ceV0x162f	0
0x15c2S0x15ceS0x162f	0x15bbV0x15ceV0x162f	1
0x15c2S0x15ceS0x162f	0x15c1V0x15ceV0x162f	0
0x15c4S0x15ceS0x162f	0x15d0V0x162f	0
0x15c4S0x15ceS0x162f	0x15c2V0x15ceV0x162f	1
0x15c6S0x15ceS0x162f	0x15d0V0x162f	0
0x15c6S0x15ceS0x162f	0x15c4V0x15ceV0x162f	1
0x15d0S0x163b	0x1644	0
0x15c1S0x15ceS0x163b	0x15bdV0x15ceV0x163b	1
0x15c1S0x15ceS0x163b	0x15bfV0x15ceV0x163b	0
0x15c2S0x15ceS0x163b	0x15bbV0x15ceV0x163b	1
0x15c2S0x15ceS0x163b	0x15c1V0x15ceV0x163b	0
0x15c4S0x15ceS0x163b	0x15d0V0x163b	0
0x15c4S0x15ceS0x163b	0x15c2V0x15ceV0x163b	1
0x15c6S0x15ceS0x163b	0x15d0V0x163b	0
0x15c6S0x15ceS0x163b	0x15c4V0x15ceV0x163b	1
0x15d0S0x165a	0x1666	0
0x15c1S0x15ceS0x165a	0x15bdV0x15ceV0x165a	1
0x15c1S0x15ceS0x165a	0x15bfV0x15ceV0x165a	0
0x15c2S0x15ceS0x165a	0x15bbV0x15ceV0x165a	1
0x15c2S0x15ceS0x165a	0x15c1V0x15ceV0x165a	0
0x15c4S0x15ceS0x165a	0x15d0V0x165a	0
0x15c4S0x15ceS0x165a	0x15c2V0x15ceV0x165a	1
0x15c6S0x15ceS0x165a	0x15d0V0x165a	0
0x15c6S0x15ceS0x165a	0x15c4V0x15ceV0x165a	1
0x15d0S0x166b	0x168b	0
0x15c1S0x15ceS0x166b	0x15bdV0x15ceV0x166b	1
0x15c1S0x15ceS0x166b	0x15bfV0x15ceV0x166b	0
0x15c2S0x15ceS0x166b	0x15bbV0x15ceV0x166b	1
0x15c2S0x15ceS0x166b	0x15c1V0x15ceV0x166b	0
0x15c4S0x15ceS0x166b	0x15d0V0x166b	0
0x15c4S0x15ceS0x166b	0x15c2V0x15ceV0x166b	1
0x15c6S0x15ceS0x166b	0x15d0V0x166b	0
0x15c6S0x15ceS0x166b	0x15c4V0x15ceV0x166b	1
0x16c8S0xdd	0xe4	0
0x16c8S0xdd	0xe5	1
0x16c9S0xdd	0x16c4V0xdd	1
0x16c9S0xdd	0x16c8V0xdd	0
0x16caS0xdd	0x16c9V0xdd	0
0x16d4S0xdd	0xe5	0
0x16daS0xdd	0xe5	0
0x16daS0xdd	0x16d7V0xdd	1
0x16dbS0xdd	0x16daV0xdd	0
0x16e1S0xdd	0xe5	0
0x16e1S0xdd	0x16deV0xdd	1
0x16e2S0xdd	0x16e1V0xdd	0
0x16eeS0xdd	0x16e2V0xdd	0
0x16eeS0xdd	0x16e3V0xdd	1
0x16efS0xdd	0x16eeV0xdd	0
0x16faS0xdd	0xe5	0
0x16faS0xdd	0x16e2V0xdd	1
0x1701S0xdd	0x16faV0xdd	0
0x1701S0xdd	0x16feV0xdd	1
0x1702S0xdd	0xe4	1
0x1702S0xdd	0x1701V0xdd	0
0x170cS0xdd	0x16faV0xdd	0
0x170fS0xdd	0x16e3V0xdd	1
0x170fS0xdd	0x170cV0xdd	0
0x1710S0xdd	0x170fV0xdd	0
0x171fS0xdd	0x170cV0xdd	1
0x171fS0xdd	0x171dV0xdd	0
0x1721S0xdd	0x16faV0xdd	0
0x1721S0xdd	0x171fV0xdd	1
0x1722S0xdd	0x171aV0xdd	1
0x1722S0xdd	0x1721V0xdd	0
0x1723S0xdd	0xe4	1
0x1723S0xdd	0x1722V0xdd	0
0x1724S0xdd	0x1723V0xdd	0
0x1730S0xdd	0x16faV0xdd	0
0x1730S0xdd	0x172dV0xdd	1
0x173cS0xdd	0xe5	0
0x173cS0xdd	0x1739V0xdd	1
0x173dS0xdd	0x173cV0xdd	0
0x15c1S0x172cS0xdd	0x15bdV0x172cV0xdd	1
0x15c1S0x172cS0xdd	0x15bfV0x172cV0xdd	0
0x15c2S0x172cS0xdd	0x15bbV0x172cV0xdd	1
0x15c2S0x172cS0xdd	0x15c1V0x172cV0xdd	0
0x15c4S0x172cS0xdd	0x173dV0xdd	0
0x15c4S0x172cS0xdd	0x15c2V0x172cV0xdd	1
0x15c6S0x172cS0xdd	0x173dV0xdd	0
0x15c6S0x172cS0xdd	0x15c4V0x172cV0xdd	1
0xfa0S0x143	0xf9eV0x143	0
0xfa7S0x143	0xfa1V0x143	1
0xfa7S0x143	0xfa5V0x143	0
0xfacS0x143	0xfa0V0x143	1
0xfacS0x143	0xfaaV0x143	0
0xf6fS0x143	0xf6eV0x143	0
0xf76S0x143	0xf72V0x143	1
0xf76S0x143	0xf74V0x143	0
0xf77S0x143	0xf70V0x143	1
0xf77S0x143	0xf76V0x143	0
0xf78S0x143	0xf6fV0x143	1
0xf78S0x143	0xf77V0x143	0
0xf7aS0x143	0xf78V0x143	1
0xf7aS0x143	0xf79V0x143	0
0xf8f_0x0S0x143	0xf7aV0x143	-1
0xf8f_0x0S0x143	0xf8eV0x143	-1
0xf99_0x0S0x143	0xf7aV0x143	-1
0xf99_0x0S0x143	0xf8eV0x143	-1
0xf99_0x0S0x143	0xf98V0x143	-1
0xfb8S0x143	0xfb6V0x143	0
0xfc1S0x143	0xfbdV0x143	1
0xfc1S0x143	0xfbfV0x143	0
0xfc2S0x143	0xfbbV0x143	1
0xfc2S0x143	0xfc1V0x143	0
0xfc4S0x143	0x16aeV0x134	0
0xfc4S0x143	0xfc2V0x143	1
0xfc7S0x143	0xfb9V0x143	0
0xfcbS0x143	0xfc7V0x143	1
0xfcbS0x143	0xfc8V0x143	0
0xfd6S0x143	0xfb8V0x143	3
0xfd6S0x143	0xfb8V0x143	5
0xfd6S0x143	0xfb9V0x143	2
0xfd6S0x143	0xfc4V0x143	1
0xfd6S0x143	0xfcbV0x143	0
0xfd6S0x143	0xfcfV0x143	4
0xfd6S0x143	0xfcfV0x143	6
0xfdcS0x143	0xfd6V0x143	0
0xfdeS0x143	0xfdcV0x143	0
0x6f37S0x143	0x6f35V0x143	0
0x6f3aS0x143	0x6f37V0x143	1
0x6f3aS0x143	0x17f6V0xf9eV0x143	0
0xf83S0x143	0xf81V0x143	0
0xf8aS0x143	0xf86V0x143	1
0xf8aS0x143	0xf88V0x143	0
0xf8bS0x143	0xf84V0x143	1
0xf8bS0x143	0xf8aV0x143	0
0xf8cS0x143	0xf83V0x143	1
0xf8cS0x143	0xf8bV0x143	0
0xf8eS0x143	0xf8cV0x143	1
0xf8eS0x143	0xf8dV0x143	0
0xf98S0x143	0xf96V0x143	1
0xf98S0x143	0xf97V0x143	0
0x17d3S0xf9eS0x143	0xfacV0x143	0
0x17d3S0xf9eS0x143	0x17caV0xf9eV0x143	1
0x17eeS0xf9eS0x143	0x17d5V0xf9eV0x143	1
0x17eeS0xf9eS0x143	0x17ecV0xf9eV0x143	0
0x17f2S0xf9eS0x143	0xfacV0x143	0
0x17f2S0xf9eS0x143	0x17efV0xf9eV0x143	1
0x17f6S0xf9eS0x143	0xfacV0x143	1
0x17f6S0xf9eS0x143	0x17f4V0xf9eV0x143	0
0x1022S0x181	0x1020V0x181	0
0x1029S0x181	0x1023V0x181	1
0x1029S0x181	0x1027V0x181	0
0x102eS0x181	0x1022V0x181	1
0x102eS0x181	0x102cV0x181	0
0x111cS0x181	0x111aV0x181	0
0x1123S0x181	0x111dV0x181	1
0x1123S0x181	0x1121V0x181	0
0x112bS0x181	0x111cV0x181	0
0x112bS0x181	0x1128V0x181	1
0x1132S0x181	0x111cV0x181	0
0x1132S0x181	0x112fV0x181	1
0x1158S0x181	0x111cV0x181	0
0x1158S0x181	0x1155V0x181	1
0x115cS0x181	0x111cV0x181	1
0x115cS0x181	0x115aV0x181	0
0xff1S0x181	0xff0V0x181	0
0xff8S0x181	0xff4V0x181	1
0xff8S0x181	0xff6V0x181	0
0xff9S0x181	0xff2V0x181	1
0xff9S0x181	0xff8V0x181	0
0xffaS0x181	0xff1V0x181	1
0xffaS0x181	0xff9V0x181	0
0xffcS0x181	0xffaV0x181	1
0xffcS0x181	0xffbV0x181	0
0x1011_0x0S0x181	0xffcV0x181	-1
0x1011_0x0S0x181	0x1010V0x181	-1
0x101b_0x0S0x181	0xffcV0x181	-1
0x101b_0x0S0x181	0x1010V0x181	-1
0x101b_0x0S0x181	0x101aV0x181	-1
0x103aS0x181	0x1038V0x181	0
0x1042S0x181	0x103bV0x181	1
0x1042S0x181	0x1040V0x181	0
0x1049S0x181	0x103aV0x181	0
0x1049S0x181	0x1046V0x181	1
0x1055S0x181	0x1051V0x181	1
0x1055S0x181	0x1053V0x181	0
0x1056S0x181	0x104fV0x181	1
0x1056S0x181	0x1055V0x181	0
0x1058S0x181	0x1767V0x172	0
0x1058S0x181	0x1056V0x181	1
0x1062S0x181	0x103aV0x181	1
0x1062S0x181	0x1060V0x181	0
0x1067S0x181	0x1065V0x181	0
0x106aS0x181	0x1062V0x181	0
0x106aS0x181	0x1067V0x181	1
0x106eS0x181	0x1058V0x181	1
0x106eS0x181	0x1063V0x181	5
0x106eS0x181	0x1067V0x181	2
0x106eS0x181	0x1067V0x181	4
0x106eS0x181	0x106aV0x181	3
0x106eS0x181	0x106dV0x181	0
0x106fS0x181	0x106eV0x181	0
0x1071S0x181	0x106fV0x181	0
0x6f83S0x181	0x6f81V0x181	0
0x6f86S0x181	0x6f83V0x181	1
0x6f86S0x181	0x17f6V0x1020V0x181	0
0x1084S0x181	0x1082V0x181	0
0x1088S0x181	0x1086V0x181	0
0x108cS0x181	0x1085V0x181	0
0x108cS0x181	0x1089V0x181	1
0x108dS0x181	0x1088V0x181	1
0x108dS0x181	0x108cV0x181	0
0x108fS0x181	0x1084V0x181	0
0x108fS0x181	0x108dV0x181	1
0x1096S0x181	0x1084V0x181	0
0x1096S0x181	0x1085V0x181	1
0x10a4S0x181	0x10a2V0x181	0
0x10acS0x181	0x10a5V0x181	1
0x10acS0x181	0x10aaV0x181	0
0x10b5S0x181	0x10b1V0x181	1
0x10b5S0x181	0x10b3V0x181	0
0x10b6S0x181	0x10afV0x181	1
0x10b6S0x181	0x10b5V0x181	0
0x10b9S0x181	0x1777V0x172	1
0x10b9S0x181	0x10b6V0x181	0
0x10bdS0x181	0x10a4V0x181	0
0x10bdS0x181	0x10baV0x181	1
0x10c2S0x181	0x10a4V0x181	0
0x10c2S0x181	0x10bfV0x181	1
0x10cbS0x181	0x1767V0x172	0
0x10cbS0x181	0x10b6V0x181	1
0x10d5S0x181	0x10a4V0x181	1
0x10d5S0x181	0x10d3V0x181	0
0x10daS0x181	0x10d8V0x181	0
0x10ddS0x181	0x10d5V0x181	0
0x10ddS0x181	0x10daV0x181	1
0x10e2S0x181	0x10cbV0x181	1
0x10e2S0x181	0x10d6V0x181	6
0x10e2S0x181	0x10daV0x181	3
0x10e2S0x181	0x10daV0x181	5
0x10e2S0x181	0x10ddV0x181	4
0x10e2S0x181	0x10dfV0x181	2
0x10e2S0x181	0x10e1V0x181	0
0x10e3S0x181	0x10e2V0x181	0
0x10e5S0x181	0x10e3V0x181	0
0x10f8S0x181	0x10f6V0x181	0
0x10fcS0x181	0x10faV0x181	0
0x1100S0x181	0x10f9V0x181	0
0x1100S0x181	0x10fdV0x181	1
0x1101S0x181	0x10fcV0x181	1
0x1101S0x181	0x1100V0x181	0
0x1103S0x181	0x10f8V0x181	0
0x1103S0x181	0x1101V0x181	1
0x110aS0x181	0x10f8V0x181	0
0x110aS0x181	0x10f9V0x181	1
0x360cS0x181	0x360aV0x181	0
0x360fS0x181	0x115cV0x181	0
0x360fS0x181	0x360cV0x181	1
0x1005S0x181	0x1003V0x181	0
0x100cS0x181	0x1008V0x181	1
0x100cS0x181	0x100aV0x181	0
0x100dS0x181	0x1006V0x181	1
0x100dS0x181	0x100cV0x181	0
0x100eS0x181	0x1005V0x181	1
0x100eS0x181	0x100dV0x181	0
0x1010S0x181	0x100eV0x181	1
0x1010S0x181	0x100fV0x181	0
0x101aS0x181	0x1018V0x181	1
0x101aS0x181	0x1019V0x181	0
0x17d3S0x1020S0x181	0x102eV0x181	0
0x17d3S0x1020S0x181	0x17caV0x1020V0x181	1
0x17eeS0x1020S0x181	0x17d5V0x1020V0x181	1
0x17eeS0x1020S0x181	0x17ecV0x1020V0x181	0
0x17f2S0x1020S0x181	0x102eV0x181	0
0x17f2S0x1020S0x181	0x17efV0x1020V0x181	1
0x17f6S0x1020S0x181	0x102eV0x181	1
0x17f6S0x1020S0x181	0x17f4V0x1020V0x181	0
0x1881S0x107dS0x181	0x1084V0x181	1
0x1881S0x107dS0x181	0x1096V0x181	0
0x1882S0x107dS0x181	0x187dV0x107dV0x181	1
0x1882S0x107dS0x181	0x1881V0x107dV0x181	0
0x1883S0x107dS0x181	0x1882V0x107dV0x181	0
0x188dS0x107dS0x181	0x1084V0x181	0
0x1862S0x10f1S0x181	0x10f8V0x181	1
0x1862S0x10f1S0x181	0x110aV0x181	0
0x1863S0x10f1S0x181	0x185eV0x10f1V0x181	1
0x1863S0x10f1S0x181	0x1862V0x10f1V0x181	0
0x1864S0x10f1S0x181	0x1863V0x10f1V0x181	0
0x186eS0x10f1S0x181	0x10f8V0x181	0
0x1870S0x10f1S0x181	0x186eV0x10f1V0x181	0
0x1871S0x10f1S0x181	0x1870V0x10f1V0x181	0
0x1873S0x10f1S0x181	0x186eV0x10f1V0x181	0
0x1873S0x10f1S0x181	0x1871V0x10f1V0x181	1
0x119aS0x1c3	0x1198V0x1c3	0
0x11a1S0x1c3	0x119bV0x1c3	1
0x11a1S0x1c3	0x119fV0x1c3	0
0x11a6S0x1c3	0x119aV0x1c3	1
0x11a6S0x1c3	0x11a4V0x1c3	0
0x1243S0x1c3	0x1241V0x1c3	0
0x124aS0x1c3	0x1244V0x1c3	1
0x124aS0x1c3	0x1248V0x1c3	0
0x1252S0x1c3	0x1243V0x1c3	0
0x1252S0x1c3	0x124fV0x1c3	1
0x1259S0x1c3	0x1243V0x1c3	0
0x1259S0x1c3	0x1256V0x1c3	1
0x1271S0x1c3	0x125bV0x1c3	1
0x1271S0x1c3	0x126fV0x1c3	0
0x1275S0x1c3	0x1243V0x1c3	0
0x1275S0x1c3	0x1272V0x1c3	1
0x1279S0x1c3	0x1243V0x1c3	1
0x1279S0x1c3	0x1277V0x1c3	0
0x1169S0x1c3	0x1168V0x1c3	0
0x1170S0x1c3	0x116cV0x1c3	1
0x1170S0x1c3	0x116eV0x1c3	0
0x1171S0x1c3	0x116aV0x1c3	1
0x1171S0x1c3	0x1170V0x1c3	0
0x1172S0x1c3	0x1169V0x1c3	1
0x1172S0x1c3	0x1171V0x1c3	0
0x1174S0x1c3	0x1172V0x1c3	1
0x1174S0x1c3	0x1173V0x1c3	0
0x1189_0x0S0x1c3	0x1174V0x1c3	-1
0x1189_0x0S0x1c3	0x1188V0x1c3	-1
0x1193_0x0S0x1c3	0x1174V0x1c3	-1
0x1193_0x0S0x1c3	0x1188V0x1c3	-1
0x1193_0x0S0x1c3	0x1192V0x1c3	-1
0x11b2S0x1c3	0x11b0V0x1c3	0
0x11baS0x1c3	0x11b3V0x1c3	1
0x11baS0x1c3	0x11b8V0x1c3	0
0x11c1S0x1c3	0x11b2V0x1c3	0
0x11c1S0x1c3	0x11beV0x1c3	1
0x11ecS0x1c3	0x11e8V0x1c3	1
0x11ecS0x1c3	0x11eaV0x1c3	0
0x11edS0x1c3	0x11e6V0x1c3	1
0x11edS0x1c3	0x11ecV0x1c3	0
0x11eeS0x1c3	0x11c5V0x1c3	1
0x11eeS0x1c3	0x11edV0x1c3	0
0x11f8S0x1c3	0x11b2V0x1c3	1
0x11f8S0x1c3	0x11f6V0x1c3	0
0x11fdS0x1c3	0x11fbV0x1c3	0
0x1200S0x1c3	0x11f8V0x1c3	0
0x1200S0x1c3	0x11fdV0x1c3	1
0x1204S0x1c3	0x11eeV0x1c3	1
0x1204S0x1c3	0x11f9V0x1c3	5
0x1204S0x1c3	0x11fdV0x1c3	2
0x1204S0x1c3	0x11fdV0x1c3	4
0x1204S0x1c3	0x1200V0x1c3	3
0x1204S0x1c3	0x1203V0x1c3	0
0x1205S0x1c3	0x1204V0x1c3	0
0x1207S0x1c3	0x1205V0x1c3	0
0x6fd0S0x1c3	0x6fceV0x1c3	0
0x6fd3S0x1c3	0x6fd0V0x1c3	1
0x6fd3S0x1c3	0x17f6V0x1198V0x1c3	0
0x121aS0x1c3	0x1218V0x1c3	0
0x121eS0x1c3	0x121cV0x1c3	0
0x1222S0x1c3	0x121bV0x1c3	0
0x1222S0x1c3	0x121fV0x1c3	1
0x1223S0x1c3	0x121eV0x1c3	1
0x1223S0x1c3	0x1222V0x1c3	0
0x1225S0x1c3	0x121aV0x1c3	0
0x1225S0x1c3	0x1223V0x1c3	1
0x122cS0x1c3	0x121aV0x1c3	0
0x122cS0x1c3	0x121bV0x1c3	1
0x123cS0x1c3	0x123aV0x1c3	1
0x123cS0x1c3	0x188dV0x1213V0x1c3	0
0x1281S0x1c3	0x127fV0x1c3	0
0x1289S0x1c3	0x1282V0x1c3	1
0x1289S0x1c3	0x1287V0x1c3	0
0x128fS0x1c3	0x1281V0x1c3	0
0x128fS0x1c3	0x128cV0x1c3	1
0x12baS0x1c3	0x12b6V0x1c3	1
0x12baS0x1c3	0x12b8V0x1c3	0
0x12bbS0x1c3	0x12b4V0x1c3	1
0x12bbS0x1c3	0x12baV0x1c3	0
0x12bcS0x1c3	0x1293V0x1c3	1
0x12bcS0x1c3	0x12bbV0x1c3	0
0x12c6S0x1c3	0x1281V0x1c3	1
0x12c6S0x1c3	0x12c4V0x1c3	0
0x12caS0x1c3	0x12c8V0x1c3	0
0x12cdS0x1c3	0x12c6V0x1c3	0
0x12cdS0x1c3	0x12caV0x1c3	1
0x12d2S0x1c3	0x12bcV0x1c3	0
0x12d3S0x1c3	0x12d2V0x1c3	0
0x12d5S0x1c3	0x12d3V0x1c3	0
0x3634S0x1c3	0x3632V0x1c3	0
0x3637S0x1c3	0x1279V0x1c3	0
0x3637S0x1c3	0x3634V0x1c3	1
0x12e0S0x1c3	0x12bcV0x1c3	1
0x12e0S0x1c3	0x12c7V0x1c3	6
0x12e0S0x1c3	0x12caV0x1c3	3
0x12e0S0x1c3	0x12caV0x1c3	5
0x12e0S0x1c3	0x12cdV0x1c3	4
0x12e0S0x1c3	0x12cfV0x1c3	2
0x12e0S0x1c3	0x12dfV0x1c3	0
0x12e1S0x1c3	0x12e0V0x1c3	0
0x12e3S0x1c3	0x12e1V0x1c3	0
0x12f4S0x1c3	0x12f2V0x1c3	0
0x12fbS0x1c3	0x12f7V0x1c3	1
0x12fbS0x1c3	0x12f9V0x1c3	0
0x12fcS0x1c3	0x12f5V0x1c3	1
0x12fcS0x1c3	0x12fbV0x1c3	0
0x12feS0x1c3	0x16aeV0x1b4	0
0x12feS0x1c3	0x12fcV0x1c3	1
0x1302S0x1c3	0x188dV0x1213V0x1c3	0
0x1306S0x1c3	0x1302V0x1c3	1
0x1306S0x1c3	0x1303V0x1c3	0
0x1312S0x1c3	0x12f4V0x1c3	3
0x1312S0x1c3	0x12f4V0x1c3	5
0x1312S0x1c3	0x12feV0x1c3	1
0x1312S0x1c3	0x1306V0x1c3	0
0x1312S0x1c3	0x130bV0x1c3	4
0x1312S0x1c3	0x130bV0x1c3	6
0x1312S0x1c3	0x188dV0x1213V0x1c3	2
0x1318S0x1c3	0x1312V0x1c3	0
0x131aS0x1c3	0x1318V0x1c3	0
0x117dS0x1c3	0x117bV0x1c3	0
0x1184S0x1c3	0x1180V0x1c3	1
0x1184S0x1c3	0x1182V0x1c3	0
0x1185S0x1c3	0x117eV0x1c3	1
0x1185S0x1c3	0x1184V0x1c3	0
0x1186S0x1c3	0x117dV0x1c3	1
0x1186S0x1c3	0x1185V0x1c3	0
0x1188S0x1c3	0x1186V0x1c3	1
0x1188S0x1c3	0x1187V0x1c3	0
0x1192S0x1c3	0x1190V0x1c3	1
0x1192S0x1c3	0x1191V0x1c3	0
0x17d3S0x1198S0x1c3	0x11a6V0x1c3	0
0x17d3S0x1198S0x1c3	0x17caV0x1198V0x1c3	1
0x17eeS0x1198S0x1c3	0x17d5V0x1198V0x1c3	1
0x17eeS0x1198S0x1c3	0x17ecV0x1198V0x1c3	0
0x17f2S0x1198S0x1c3	0x11a6V0x1c3	0
0x17f2S0x1198S0x1c3	0x17efV0x1198V0x1c3	1
0x17f6S0x1198S0x1c3	0x11a6V0x1c3	1
0x17f6S0x1198S0x1c3	0x17f4V0x1198V0x1c3	0
0x1881S0x1213S0x1c3	0x121aV0x1c3	1
0x1881S0x1213S0x1c3	0x122cV0x1c3	0
0x1882S0x1213S0x1c3	0x187dV0x1213V0x1c3	1
0x1882S0x1213S0x1c3	0x1881V0x1213V0x1c3	0
0x1883S0x1213S0x1c3	0x1882V0x1213V0x1c3	0
0x188dS0x1213S0x1c3	0x121aV0x1c3	0
0x163a	0x1637	0
0x1648	0x1645	0
0x166a	0x1667	0
0x168f	0x168c	0
0xd7	0xd4	0
0x142	0x13f	0
0x1c2	0x1bf	0
0x9cb	0x9c8	0
0xa71	0xa6e	0
0xb55	0xb52	0
0xcee	0xceb	0
0xe0e	0xe0b	0
0xed9	0xed6	0
0xf09	0xf06	0
0xea	0xe7	0
0x180	0x17d	0
0x1659	0x1656	0
0x288	0x285	0
0x826	0x823	0
0x8d5	0x8d2	0
0x46f	0x46c	0
0x509	0x506	0
0x694	0x691	0
0xb2c	0xb29	0
0xbe7	0xbe4	0
0xd9d	0xd9a	0
0x5de	0x5db	0
0xc7e	0xc7b	0
0x14a8	0x14a5	0
0x147	0x144	0
0x185	0x182	0
0x1c7	0x1c4	0
0x1e6	0x1e3	0
0x773	0x762	3
0x773	0x76e	2
0x773	0x770	0
0x773	0x2f0_0x0	1
0xea8	0xe97	3
0xea8	0xea3	2
0xea8	0xea5	0
0xea8	0x970_0x0	1
0x17a7	0x17a4	0
0x17b7	0x17b4	0
0x18db	0x18d8	0
0x198e	0x198b	0
0x19a5	0x19a2	0
0x721f	0x721e	0
0x7222	0x7221	0
0x7225	0x7224	0
0x7228	0x7227	0
0x722b	0x722a	0
0x722e	0x722d	0
0x7231	0x7230	0
0x7234	0x7233	0
0x7237	0x7236	0
0x723a	0x7239	0
0x723d	0x723c	0
0x7240	0x723f	0
0x7243	0x7242	0
0xb6	0xb3	0
0xbb	0xb8	0
0xdc	0xd9	0
0xef	0xec	0
0x110	0x36c8	0
0x166	0x163	0
0x19a	0x36c9	0
0x1a8	0x1a5	0
0x1e1	0x1de	0
0x209	0x1f4	0
0x228	0x36ca	0
0x240	0x23d	0
0x2e4	0x2e1	0
0x6a6	0x6a3	0
0x7d6	0x7c4	0
0x7e8	0xaa	0
0x86c	0x869	0
0x88d	0xcb	0
0x924	0x921	0
0x964	0x961	0
0x9b6	0x9b3	0
0xa5c	0xa59	0
0xb40	0xb3d	0
0xc3e	0xc3b	0
0xcbd	0xcba	0
0xcd9	0xcd6	0
0xdaf	0xdac	0
0xdf9	0xdf6	0
0xec4	0xec1	0
0xef4	0xef1	0
0xf56	0xf44	0
0xf6c	0xde	0
0x1472	0x146f	0
0x14d8	0x14d5	0
0x14f2	0x14ef	0
0x1530	0x152d	0
0x157a	0x1577	0
0x169b	0xad	0
0x17c8	0x1d8	0
0x1823	0x1820	0
0x185b	0x1858	0
0x18f6	0x18f3	0
0x1919	0xc2a	0
0x19b5	0x14ea	0
0x1c	0x18	1
0x1c	0x19	0
0xc5	0xc1	1
0xc5	0xc2	0
0xf7	0xf3	1
0xf7	0xf4	0
0x130	0x12c	1
0x130	0x12d	0
0x14f	0x14b	1
0x14f	0x14c	0
0x16e	0x16a	1
0x16e	0x16b	0
0x18d	0x189	1
0x18d	0x18a	0
0x1b0	0x1ac	1
0x1b0	0x1ad	0
0x1cf	0x1cb	1
0x1cf	0x1cc	0
0x1ee	0x1ea	1
0x1ee	0x1eb	0
0x211	0x20d	1
0x211	0x20e	0
0x253	0x24e	1
0x253	0x250	0
0x268	0x265	0
0x268	0x263_0x0	1
0x271	0x26e	0
0x271	0x26d_0x0	1
0x29d	0x299	1
0x29d	0x29a	0
0x337	0x333	1
0x337	0x334	0
0x390	0x38c	1
0x390	0x38d	0
0x39e	0x39a	1
0x39e	0x39b	0
0x3c2	0x3be	1
0x3c2	0x3bf	0
0x3cc	0x3c8	1
0x3cc	0x3c9	0
0x444	0x440	1
0x444	0x441	0
0x4de	0x4da	1
0x4de	0x4db	0
0x5b3	0x5af	1
0x5b3	0x5b0	0
0x600	0x5fc	1
0x600	0x5fd	0
0x60a	0x606	1
0x60a	0x607	0
0x669	0x665	1
0x669	0x666	0
0x6e8	0x6e4	1
0x6e8	0x6e5	0
0x743	0x73f	1
0x743	0x740	0
0x751	0x74d	1
0x751	0x74e	0
0x7fb	0x7f6	1
0x7fb	0x7f8	0
0x80f	0x80c	0
0x80f	0x80b_0x0	1
0x835	0x831	1
0x835	0x832	0
0x8a0	0x89b	1
0x8a0	0x89d	0
0x8b5	0x8b2	0
0x8b5	0x8b0_0x0	1
0x8be	0x8bb	0
0x8be	0x8ba_0x0	1
0x8dd	0x8d9	1
0x8dd	0x8da	0
0x92e	0x92a	1
0x92e	0x92b	0
0x9af	0x9ab	1
0x9af	0x9ac	0
0x9da	0x9d6	1
0x9da	0x9d7	0
0xa2f	0xa2b	1
0xa2f	0xa2c	0
0xa3d	0xa39	1
0xa3d	0xa3a	0
0xa55	0xa51	1
0xa55	0xa52	0
0xa8c	0xa88	1
0xa8c	0xa89	0
0xa96	0xa92	1
0xa96	0xa93	0
0xb01	0xafd	1
0xb01	0xafe	0
0xb39	0xb35	1
0xb39	0xb36	0
0xbbc	0xbb8	1
0xbbc	0xbb9	0
0xc53	0xc4f	1
0xc53	0xc50	0
0xc88	0xc84	1
0xc88	0xc85	0
0xcd2	0xcce	1
0xcd2	0xccf	0
0xd09	0xd05	1
0xd09	0xd06	0
0xd13	0xd0f	1
0xd13	0xd10	0
0xd72	0xd6e	1
0xd72	0xd6f	0
0xdf2	0xdee	1
0xdf2	0xdef	0
0xe1d	0xe19	1
0xe1d	0xe1a	0
0xe78	0xe74	1
0xe78	0xe75	0
0xe86	0xe82	1
0xe86	0xe83	0
0xebd	0xeb9	1
0xebd	0xeba	0
0xeed	0xee9	1
0xeed	0xeea	0
0x145c	0x1458	1
0x145c	0x1459	0
0x14c0	0x14bc	1
0x14c0	0x14bd	0
0x150f	0x150b	1
0x150f	0x150c	0
0x155a	0x1556	1
0x155a	0x1557	0
0x158a	0x154d	1
0x158a	0x1587	0
0x1595	0x1591	1
0x1595	0x1592	0
0x15fc	0x15f8	1
0x15fc	0x15f9	0
0x161b	0x1617	1
0x161b	0x1618	0
0x1799	0x1795	1
0x1799	0x1796	0
0x181c	0x1818	1
0x181c	0x1819	0
0x1830	0x182d	0
0x1830	0x182aarg0x1	1
0x1854	0x1850	1
0x1854	0x1851	0
0x18d1	0x18cd	1
0x18d1	0x18ce	0
0x1924	0x1920	1
0x1924	0x1921	0
0x1930	0x192c	1
0x1930	0x192d	0
0x1980	0x197c	1
0x1980	0x197d	0
0x7204	0x8	1
0x7204	0x7203	0
0x7206	0x23	1
0x7206	0x7205	0
0x7208	0x2e	1
0x7208	0x7207	0
0x720a	0x39	1
0x720a	0x7209	0
0x720c	0x44	1
0x720c	0x720b	0
0x720e	0x4f	1
0x720e	0x720d	0
0x7210	0x5a	1
0x7210	0x720f	0
0x7212	0x69	1
0x7212	0x7211	0
0x7214	0x74	1
0x7214	0x7213	0
0x7216	0x7f	1
0x7216	0x7215	0
0x7218	0x8a	1
0x7218	0x7217	0
0x721a	0x95	1
0x721a	0x7219	0
0x721c	0xa0	1
0x721c	0x721b	0
0x1506	0x1986	4
0x1506	0x1996	3
0x1506	0x199d	2
0x1506	0x19b1	1
0x1506	0x144earg0x0	0
0x1848	0x1846	1
0x1848	0x182aarg0x2	0
0x1940	0x1938	2
0x1940	0x193d	1
0x1940	0x191aarg0x4	0
0x706b	0x145d	3
0x706b	0x145d	4
0x706b	0x145f	2
0x706b	0x1460	1
0x706b	0x144earg0x0	0
0x7090	0x14c1	3
0x7090	0x14c1	4
0x7090	0x14c3	2
0x7090	0x14c4	1
0x7090	0x144earg0x0	0
0x70b5	0x1507arg0x2	0
0x716d	0x1810	1
0x716d	0x180darg0x2	0
0x71b7	0x184c	1
0x71b7	0x1849arg0x2	0
0x7df	0x782	5
0x7df	0x78f	4
0x7df	0x799	3
0x7df	0x79a	2
0x7df	0x7da	0
0x7df	0x7dd	1
0xf5f	0xee3	5
0xf5f	0xf13	4
0xf5f	0xf1d	3
0xf5f	0xf1e	2
0xf5f	0xf5a	0
0xf5f	0xf5d	1
0x1280xf0	0xf00x126	1
0x1280xf0	0xf00x123	0
0x1280x148	0x1480x126	1
0x1280x148	0x1480x123	0
0x1280x186	0x1860x126	1
0x1280x186	0x1860x123	0
0x1280x20a	0x20a0x126	1
0x1280x20a	0x20a0x123	0
0x61	0x5f	0
0x61	0x5f	1
0xa8	0xa6	0
0xa8	0xa6	1
0xc8	0xc6	0
0xc8	0xc6	1
0xfa	0xf8	0
0xfa	0xf8	1
0x133	0x131	0
0x133	0x131	1
0x152	0x150	0
0x152	0x150	1
0x171	0x16f	0
0x171	0x16f	1
0x190	0x18e	0
0x190	0x18e	1
0x1b3	0x1b1	0
0x1b3	0x1b1	1
0x1d2	0x1d0	0
0x1d2	0x1d0	1
0x1f1	0x1ef	0
0x1f1	0x1ef	1
0x214	0x212	0
0x214	0x212	1
0x393	0x391	0
0x393	0x391	1
0x3a5	0x3a3	1
0x3a5	0x3a4	0
0x44b	0x449	1
0x44b	0x44a	0
0x4e5	0x4e3	1
0x4e5	0x4e4	0
0x5ba	0x5b8	1
0x5ba	0x5b9	0
0x670	0x66e	1
0x670	0x66f	0
0x746	0x744	0
0x746	0x744	1
0x758	0x756	1
0x758	0x757	0
0xa32	0xa30	0
0xa32	0xa30	1
0xa44	0xa42	1
0xa44	0xa43	0
0xb08	0xb06	1
0xb08	0xb07	0
0xbc3	0xbc1	1
0xbc3	0xbc2	0
0xc5a	0xc58	1
0xc5a	0xc59	0
0xd79	0xd77	1
0xd79	0xd78	0
0xe7b	0xe79	0
0xe7b	0xe79	1
0xe8d	0xe8b	1
0xe8d	0xe8c	0
0x159d	0x1597	1
0x159d	0x159c	0
0x15b6	0x15b1	0
0x15b6	0x15b4	1
0x15ff	0x15fd	0
0x15ff	0x15fd	1
0x162e	0x162b	1
0x162e	0x162d	0
0x179c	0x179a	0
0x179c	0x179a	1
0x1843	0x1840	1
0x1843	0x1842	0
0x1927	0x1925	0
0x1927	0x1925	1
0x1933	0x1931	0
0x1933	0x1931	1
0x1983	0x1981	0
0x1983	0x1981	1
0x33e4	0x33df	0
0x33e4	0x33e2	1
0x340c	0x3407	0
0x340c	0x340a	1
0x3434	0x342f	0
0x3434	0x3432	1
0x345c	0x3457	0
0x345c	0x345a	1
0x348f	0x348c	1
0x348f	0x348e	0
0x34c2	0x34bf	1
0x34c2	0x34c1	0
0x34f5	0x34f2	1
0x34f5	0x34f4	0
0x351d	0x3518	0
0x351d	0x351b	1
0x3550	0x354d	1
0x3550	0x354f	0
0x3583	0x3580	1
0x3583	0x3582	0
0x35b6	0x35b3	1
0x35b6	0x35b5	0
0x35e9	0x35e6	1
0x35e9	0x35e8	0
0x3661	0x365c	0
0x3661	0x365f	1
0x3694	0x3691	1
0x3694	0x3693	0
0x36c7	0x36c4	1
0x36c7	0x36c6	0
0x6ec4	0x6ebf	0
0x6ec4	0x6ec2	1
0x6eec	0x6ee7	0
0x6eec	0x6eea	1
0x6f14	0x6f0f	0
0x6f14	0x6f12	1
0x1a1	0x198	1
0x1a1	0x19e	0
0x239	0x22c	0
0x239	0x237	1
0x27d	0x274	0
0x27d	0x27b	1
0x2a9	0x2a0	0
0x2a9	0x2a7	1
0x2b2	0x2aa	1
0x2b2	0x2af	0
0x2b7	0x2aa	1
0x2b7	0x2b6	0
0x2dd	0x2b8	1
0x2dd	0x2dc	0
0x37a	0x36e	0
0x37a	0x378	1
0x400	0x3ff	0
0x400	0x3fa_0x0	1
0x40d	0x403	0
0x40d	0x40b	1
0x41d	0x418	1
0x41d	0x41c	0
0x424	0x421	0
0x424	0x3e8_0x0	1
0x462	0x45e	1
0x462	0x460	0
0x486	0x47c	0
0x486	0x484	1
0x4b6	0x4b1	1
0x4b6	0x4b5	0
0x4be	0x479	1
0x4be	0x4ba	0
0x4fc	0x4f8	1
0x4fc	0x4fa	0
0x519	0x50f	0
0x519	0x517	1
0x52b	0x526	1
0x52b	0x52a	0
0x537	0x532	1
0x537	0x536	0
0x545	0x540	1
0x545	0x544	0
0x551	0x54c	1
0x551	0x550	0
0x55b	0x556	1
0x55b	0x55a	0
0x565	0x560	1
0x565	0x564	0
0x571	0x56c	1
0x571	0x570	0
0x5d1	0x5cd	1
0x5d1	0x5cf	0
0x62e	0x624	0
0x62e	0x62c	1
0x63e	0x639	1
0x63e	0x63d	0
0x645	0x642	0
0x645	0x620_0x0	1
0x687	0x683	1
0x687	0x685	0
0x6f5	0x6eb	0
0x6f5	0x6f3	1
0x6fc	0x6f9	0
0x6fc	0x6e9_0x1	1
0x7cc	0x7bf	1
0x7cc	0x7c3	0
0x7d1	0x7d0	0
0x7d1	0x774_0x1	1
0x81b	0x812	0
0x81b	0x819	1
0x841	0x838	0
0x841	0x83f	1
0x848	0x842	1
0x848	0x847	0
0x84f	0x849	1
0x84f	0x84e	0
0x865	0x860	1
0x865	0x864	0
0x8ca	0x8c1	0
0x8ca	0x8c8	1
0x8e9	0x8e0	0
0x8e9	0x8e7	1
0x8f2	0x8ea	1
0x8f2	0x8ef	0
0x8f7	0x8ea	1
0x8f7	0x8f6	0
0x91d	0x8f8	1
0x91d	0x91c	0
0x93a	0x931	0
0x93a	0x938	1
0x941	0x93b	1
0x941	0x940	0
0x948	0x942	1
0x948	0x947	0
0x95d	0x958	1
0x95d	0x95c	0
0xa19	0xa0d	0
0xa19	0xa17	1
0xac6	0xabc	0
0xac6	0xac4	1
0xad6	0xad1	1
0xad6	0xad5	0
0xadd	0xada	0
0xadd	0xaac_0x0	1
0xb1f	0xb1b	1
0xb1f	0xb1d	0
0xb63	0xb59	0
0xb63	0xb61	1
0xb93	0xb8e	1
0xb93	0xb92	0
0xb9a	0xb97	0
0xb9a	0xb56_0xb	1
0xbda	0xbd6	1
0xbda	0xbd8	0
0xbf6	0xbec	0
0xbf6	0xbf4	1
0xc71	0xc6d	1
0xc71	0xc6f	0
0xc94	0xc8b	0
0xc94	0xc92	1
0xc9b	0xc95	1
0xc9b	0xc9a	0
0xca2	0xc9c	1
0xca2	0xca1	0
0xcb6	0xcb1	1
0xcb6	0xcb5	0
0xd37	0xd2d	0
0xd37	0xd35	1
0xd47	0xd42	1
0xd47	0xd46	0
0xd4e	0xd4b	0
0xd4e	0xd29_0x0	1
0xd90	0xd8c	1
0xd90	0xd8e	0
0xe2a	0xe20	0
0xe2a	0xe28	1
0xe31	0xe2e	0
0xe31	0xe1e_0x1	1
0xf4c	0xf43	0
0xf4c	0xf0a_0xd	1
0xf51	0xf50	0
0xf51	0xf0a_0x3	1
0x151c	0x1512	0
0x151c	0x151a	1
0x1522	0x151d	1
0x1522	0x1521	0
0x1529	0x1526	0
0x1529	0x1507arg0x0	1
0x156c	0x1569	1
0x156c	0x156a	0
0x156f	0x155d	0
0x156f	0x156d	1
0x15ab	0x15a1	0
0x15ab	0x15a9	1
0x1625	0x1623	1
0x1625	0x1624	0
0x162a	0x1626	1
0x162a	0x1628	0
0x1632	0x1607	1
0x1632	0x1630	0
0x163d	0x1603	0
0x163d	0x15d0V0x162f	1
0x164e	0x164d	0
0x164e	0x15d0V0x163b	1
0x165f	0x165e	0
0x165f	0x15e0V0x1649	1
0x1670	0x166f	0
0x1670	0x15d0V0x165a	1
0x167a	0x1675	1
0x167a	0x1679	0
0x1684	0x167f	1
0x1684	0x1683	0
0x1695	0x1694	0
0x1695	0x15d0V0x166b	1
0x183a	0x1838	1
0x183a	0x1839	0
0x183f	0x183b	1
0x183f	0x183d	0
0x18a9	0xc3a	0
0x18a9	0x18a6_0x5	1
0x18b1	0x18ae	0
0x18b1	0x16dbV0xdd	1
0x18ba	0x18b2	1
0x18ba	0x18b7	0
0x18bf	0x18bc	0
0x18bf	0x170cV0xdd	1
0x18e7	0x18e5	1
0x18e7	0x18dc_0x2	0
0x190e	0x1904	1
0x190e	0x190a	0
0x3486	0x3484	1
0x3486	0x3485	0
0x348b	0x3487	1
0x348b	0x3489	0
0x34b9	0x34b7	1
0x34b9	0x34b8	0
0x34be	0x34ba	1
0x34be	0x34bc	0
0x34ec	0x34ea	1
0x34ec	0x34eb	0
0x34f1	0x34ed	1
0x34f1	0x34ef	0
0x3547	0x3545	1
0x3547	0x3546	0
0x354c	0x3548	1
0x354c	0x354a	0
0x357a	0x3578	1
0x357a	0x3579	0
0x357f	0x357b	1
0x357f	0x357d	0
0x35ad	0x35ab	1
0x35ad	0x35ac	0
0x35b2	0x35ae	1
0x35b2	0x35b0	0
0x35e0	0x35de	1
0x35e0	0x35df	0
0x35e5	0x35e1	1
0x35e5	0x35e3	0
0x368b	0x3689	1
0x368b	0x368a	0
0x3690	0x368c	1
0x3690	0x368e	0
0x36be	0x36bc	1
0x36be	0x36bd	0
0x36c3	0x36bf	1
0x36c3	0x36c1	0
0x11c0xf0	0xf00x11a	1
0x11c0xf0	0xf00x114	0
0x11c0x148	0x1480x11a	1
0x11c0x148	0x1480x114	0
0x208	0x1f7	0
0x208	0x206	1
0x88c	0x86e	0
0x88c	0x88a	1
0x3a2	0x39f	2
0x3a2	0x3a0	0
0x3a2	0x3a0	1
0x448	0x445	2
0x448	0x446	0
0x448	0x446	1
0x4e2	0x4df	2
0x4e2	0x4e0	0
0x4e2	0x4e0	1
0x5b7	0x5b4	2
0x5b7	0x5b5	0
0x5b7	0x5b5	1
0x66d	0x66a	2
0x66d	0x66b	0
0x66d	0x66b	1
0x755	0x752	2
0x755	0x753	0
0x755	0x753	1
0xa41	0xa3e	2
0xa41	0xa3f	0
0xa41	0xa3f	1
0xb05	0xb02	2
0xb05	0xb03	0
0xb05	0xb03	1
0xbc0	0xbbd	2
0xbc0	0xbbe	0
0xbc0	0xbbe	1
0xc57	0xc54	2
0xc57	0xc55	0
0xc57	0xc55	1
0xd76	0xd73	2
0xd76	0xd74	0
0xd76	0xd74	1
0xe8a	0xe87	2
0xe8a	0xe88	0
0xe8a	0xe88	1
0x1576	0x1570	2
0x1576	0x1571	1
0x1576	0x1575	0
0x17f8S0x272	0x281	0
0x17ceS0x272	0x280	0
0x17ceS0x272	0x17caV0x272	1
0x17d4S0x272	0x17cfV0x272	1
0x17d4S0x272	0x17d3V0x272	0
0x17f3S0x272	0x17eeV0x272	1
0x17f3S0x272	0x17f2V0x272	0
0x17f8S0x810	0x81f	0
0x17ceS0x810	0x81e	0
0x17ceS0x810	0x17caV0x810	1
0x17d4S0x810	0x17cfV0x810	1
0x17d4S0x810	0x17d3V0x810	0
0x17f3S0x810	0x17eeV0x810	1
0x17f3S0x810	0x17f2V0x810	0
0x17f8S0x8bf	0x8ce	0
0x17ceS0x8bf	0x8cd	0
0x17ceS0x8bf	0x17caV0x8bf	1
0x17d4S0x8bf	0x17cfV0x8bf	1
0x17d4S0x8bf	0x17d3V0x8bf	0
0x17f3S0x8bf	0x17eeV0x8bf	1
0x17f3S0x8bf	0x17f2V0x8bf	0
0x186bS0x44c	0x1869V0x44c	0
0x186bS0x44c	0x1869V0x44c	1
0x187aS0x44c	0x1878V0x44c	0
0x187aS0x44c	0x1878V0x44c	1
0x1868S0x44c	0x1864V0x44c	1
0x1868S0x44c	0x1865V0x44c	0
0x1877S0x44c	0x1873V0x44c	1
0x1877S0x44c	0x1874V0x44c	0
0x7202S0x44c	0x467	0
0x186bS0x4e6	0x1869V0x4e6	0
0x186bS0x4e6	0x1869V0x4e6	1
0x187aS0x4e6	0x1878V0x4e6	0
0x187aS0x4e6	0x1878V0x4e6	1
0x1868S0x4e6	0x1864V0x4e6	1
0x1868S0x4e6	0x1865V0x4e6	0
0x1877S0x4e6	0x1873V0x4e6	1
0x1877S0x4e6	0x1874V0x4e6	0
0x7202S0x4e6	0x501	0
0x188aS0x5bb	0x1888V0x5bb	0
0x188aS0x5bb	0x1888V0x5bb	1
0x1887S0x5bb	0x1883V0x5bb	1
0x1887S0x5bb	0x1884V0x5bb	0
0x1891S0x5bb	0x5d6	0
0x186bS0x671	0x1869V0x671	0
0x186bS0x671	0x1869V0x671	1
0x187aS0x671	0x1878V0x671	0
0x187aS0x671	0x1878V0x671	1
0x1868S0x671	0x1864V0x671	1
0x1868S0x671	0x1865V0x671	0
0x1877S0x671	0x1873V0x671	1
0x1877S0x671	0x1874V0x671	0
0x7202S0x671	0x68c	0
0x186bS0xb09	0x1869V0xb09	0
0x186bS0xb09	0x1869V0xb09	1
0x187aS0xb09	0x1878V0xb09	0
0x187aS0xb09	0x1878V0xb09	1
0x1868S0xb09	0x1864V0xb09	1
0x1868S0xb09	0x1865V0xb09	0
0x1877S0xb09	0x1873V0xb09	1
0x1877S0xb09	0x1874V0xb09	0
0x7202S0xb09	0xb24	0
0x186bS0xbc4	0x1869V0xbc4	0
0x186bS0xbc4	0x1869V0xbc4	1
0x187aS0xbc4	0x1878V0xbc4	0
0x187aS0xbc4	0x1878V0xbc4	1
0x1868S0xbc4	0x1864V0xbc4	1
0x1868S0xbc4	0x1865V0xbc4	0
0x1877S0xbc4	0x1873V0xbc4	1
0x1877S0xbc4	0x1874V0xbc4	0
0x7202S0xbc4	0xbdf	0
0x188aS0xc5b	0x1888V0xc5b	0
0x188aS0xc5b	0x1888V0xc5b	1
0x1887S0xc5b	0x1883V0xc5b	1
0x1887S0xc5b	0x1884V0xc5b	0
0x1891S0xc5b	0xc76	0
0x186bS0xd7a	0x1869V0xd7a	0
0x186bS0xd7a	0x1869V0xd7a	1
0x187aS0xd7a	0x1878V0xd7a	0
0x187aS0xd7a	0x1878V0xd7a	1
0x1868S0xd7a	0x1864V0xd7a	1
0x1868S0xd7a	0x1865V0xd7a	0
0x1877S0xd7a	0x1873V0xd7a	1
0x1877S0xd7a	0x1874V0xd7a	0
0x7202S0xd7a	0xd95	0
0x1959S0x14a0	0x1955V0x14a0	1
0x1959S0x14a0	0x1956V0x14a0	0
0x1970S0x14a0	0x14a1	0
0x15efS0x1649	0x15edV0x1649	0
0x15efS0x1649	0x15edV0x1649	1
0x7122S0x1649	0x164f	0
0x15ecS0x1649	0x15e8V0x1649	1
0x15ecS0x1649	0x15e9V0x1649	0
0x15cdS0x179d	0x15cbV0x179d	0
0x15cdS0x179d	0x15cbV0x179d	1
0x15b9S0x179d	0x17a0	0
0x15caS0x179d	0x15c6V0x179d	1
0x15caS0x179d	0x15c7V0x179d	0
0x15cdS0x17a8	0x15cbV0x17a8	0
0x15cdS0x17a8	0x15cbV0x17a8	1
0x15b9S0x17a8	0x17b0	0
0x15caS0x17a8	0x15c6V0x17a8	1
0x15caS0x17a8	0x15c7V0x17a8	0
0x15cdS0x1984	0x15cbV0x1984	0
0x15cdS0x1984	0x15cbV0x1984	1
0x15b9S0x1984	0x1987	0
0x15caS0x1984	0x15c6V0x1984	1
0x15caS0x1984	0x15c7V0x1984	0
0x15cdS0x198f	0x15cbV0x198f	0
0x15cdS0x198f	0x15cbV0x198f	1
0x15b9S0x198f	0x199e	0
0x15caS0x198f	0x15c6V0x198f	1
0x15caS0x198f	0x15c7V0x198f	0
0x15cdS0x18d2	0x15cbV0x18d2	0
0x15cdS0x18d2	0x15cbV0x18d2	1
0x15b9S0x18d2	0x18d4	0
0x15caS0x18d2	0x15c6V0x18d2	1
0x15caS0x18d2	0x15c7V0x18d2	0
0x16abS0xc9	0x16a9V0xc9	0
0x16abS0xc9	0x16a9V0xc9	1
0x16a8S0xc9	0x16a4V0xc9	1
0x16a8S0xc9	0x16a5V0xc9	0
0x16b6S0xc9	0x16b3V0xc9	0
0x7148S0xc9	0xce	0
0x15cdS0x16acS0xc9	0x15cbV0x16acV0xc9	0
0x15cdS0x16acS0xc9	0x15cbV0x16acV0xc9	1
0x15b9S0x16acS0xc9	0x16afV0xc9	0
0x15caS0x16acS0xc9	0x15c6V0x16acV0xc9	1
0x15caS0x16acS0xc9	0x15c7V0x16acV0xc9	0
0x16abS0x134	0x16a9V0x134	0
0x16abS0x134	0x16a9V0x134	1
0x16a8S0x134	0x16a4V0x134	1
0x16a8S0x134	0x16a5V0x134	0
0x16b6S0x134	0x16b3V0x134	0
0x7148S0x134	0x139	0
0x15cdS0x16acS0x134	0x15cbV0x16acV0x134	0
0x15cdS0x16acS0x134	0x15cbV0x16acV0x134	1
0x15b9S0x16acS0x134	0x16afV0x134	0
0x15caS0x16acS0x134	0x15c6V0x16acV0x134	1
0x15caS0x16acS0x134	0x15c7V0x16acV0x134	0
0x1764S0x172	0x1762V0x172	0
0x1764S0x172	0x1762V0x172	1
0x1761S0x172	0x175dV0x172	1
0x1761S0x172	0x175eV0x172	0
0x176fS0x172	0x176cV0x172	0
0x177fS0x172	0x177cV0x172	0
0x178aS0x172	0x177	0
0x15cdS0x1765S0x172	0x15cbV0x1765V0x172	0
0x15cdS0x1765S0x172	0x15cbV0x1765V0x172	1
0x15b9S0x1765S0x172	0x1768V0x172	0
0x15caS0x1765S0x172	0x15c6V0x1765V0x172	1
0x15caS0x1765S0x172	0x15c7V0x1765V0x172	0
0x15cdS0x1770S0x172	0x15cbV0x1770V0x172	0
0x15cdS0x1770S0x172	0x15cbV0x1770V0x172	1
0x15b9S0x1770S0x172	0x1778V0x172	0
0x15caS0x1770S0x172	0x15c6V0x1770V0x172	1
0x15caS0x1770S0x172	0x15c7V0x1770V0x172	0
0x16abS0x1b4	0x16a9V0x1b4	0
0x16abS0x1b4	0x16a9V0x1b4	1
0x16a8S0x1b4	0x16a4V0x1b4	1
0x16a8S0x1b4	0x16a5V0x1b4	0
0x16b6S0x1b4	0x16b3V0x1b4	0
0x7148S0x1b4	0x1b9	0
0x15cdS0x16acS0x1b4	0x15cbV0x16acV0x1b4	0
0x15cdS0x16acS0x1b4	0x15cbV0x16acV0x1b4	1
0x15b9S0x16acS0x1b4	0x16afV0x1b4	0
0x15caS0x16acS0x1b4	0x15c6V0x16acV0x1b4	1
0x15caS0x16acS0x1b4	0x15c7V0x16acV0x1b4	0
0x136dS0x1e2	0x136aV0x1e2	0
0x1362S0x1e2	0x1359V0x1e2	0
0x1362S0x1e2	0x1360V0x1e2	1
0x13b8S0x1e2	0x13b6V0x1e2	1
0x13b8S0x1e2	0x13b7V0x1e2	0
0x13b5S0x1e2	0x13b2V0x1e2	2
0x13b5S0x1e2	0x13b3V0x1e2	0
0x13b5S0x1e2	0x13b3V0x1e2	1
0x1429S0x1e2	0x1427V0x1e2	1
0x1429S0x1e2	0x1428V0x1e2	0
0x1426S0x1e2	0x1423V0x1e2	2
0x1426S0x1e2	0x1424V0x1e2	0
0x1426S0x1e2	0x1424V0x1e2	1
0x1338S0x1e2	0x1333V0x1e2	1
0x1338S0x1e2	0x1335V0x1e2	0
0x134dS0x1e2	0x134aV0x1e2	0
0x134dS0x1e2	0x1348_0x0V0x1e2	1
0x1356S0x1e2	0x1353V0x1e2	0
0x1356S0x1e2	0x1352_0x0V0x1e2	1
0x13b1S0x1e2	0x13adV0x1e2	1
0x13b1S0x1e2	0x13aeV0x1e2	0
0x137bS0x1e2	0x1371V0x1e2	0
0x137bS0x1e2	0x1379V0x1e2	1
0x138bS0x1e2	0x1386V0x1e2	1
0x138bS0x1e2	0x138aV0x1e2	0
0x1391S0x1e2	0x138cV0x1e2	1
0x1391S0x1e2	0x1390V0x1e2	0
0x7021S0x1e2	0x701cV0x1e2	0
0x7021S0x1e2	0x701fV0x1e2	1
0x13dcS0x1e2	0x13d9V0x1e2	0
0x13cfS0x1e2	0x13cbV0x1e2	1
0x13cfS0x1e2	0x13cdV0x1e2	0
0x1422S0x1e2	0x141eV0x1e2	1
0x1422S0x1e2	0x141fV0x1e2	0
0x13ebS0x1e2	0x13e1V0x1e2	0
0x13ebS0x1e2	0x13e9V0x1e2	1
0x13fbS0x1e2	0x13f6V0x1e2	1
0x13fbS0x1e2	0x13faV0x1e2	0
0x1402S0x1e2	0x17c6	1
0x1402S0x1e2	0x13ffV0x1e2	0
0x144dS0x1e2	0x144aV0x1e2	0
0x1440S0x1e2	0x143cV0x1e2	1
0x1440S0x1e2	0x143eV0x1e2	0
0x7046S0x1e2	0x1d5	0
0x17f8S0x1357S0x1e2	0x1366V0x1e2	0
0x17ceS0x1357S0x1e2	0x1365V0x1e2	0
0x17ceS0x1357S0x1e2	0x17caV0x1357V0x1e2	1
0x17d4S0x1357S0x1e2	0x17cfV0x1357V0x1e2	1
0x17d4S0x1357S0x1e2	0x17d3V0x1357V0x1e2	0
0x17f3S0x1357S0x1e2	0x17eeV0x1357V0x1e2	1
0x17f3S0x1357S0x1e2	0x17f2V0x1357V0x1e2	0
0x186bS0x13b9S0x1e2	0x1869V0x13b9V0x1e2	0
0x186bS0x13b9S0x1e2	0x1869V0x13b9V0x1e2	1
0x187aS0x13b9S0x1e2	0x1878V0x13b9V0x1e2	0
0x187aS0x13b9S0x1e2	0x1878V0x13b9V0x1e2	1
0x1868S0x13b9S0x1e2	0x1864V0x13b9V0x1e2	1
0x1868S0x13b9S0x1e2	0x1865V0x13b9V0x1e2	0
0x1877S0x13b9S0x1e2	0x1873V0x13b9V0x1e2	1
0x1877S0x13b9S0x1e2	0x1874V0x13b9V0x1e2	0
0x7202S0x13b9S0x1e2	0x13d4V0x1e2	0
0x186bS0x142aS0x1e2	0x1869V0x142aV0x1e2	0
0x186bS0x142aS0x1e2	0x1869V0x142aV0x1e2	1
0x187aS0x142aS0x1e2	0x1878V0x142aV0x1e2	0
0x187aS0x142aS0x1e2	0x1878V0x142aV0x1e2	1
0x1868S0x142aS0x1e2	0x1864V0x142aV0x1e2	1
0x1868S0x142aS0x1e2	0x1865V0x142aV0x1e2	0
0x1877S0x142aS0x1e2	0x1873V0x142aV0x1e2	1
0x1877S0x142aS0x1e2	0x1874V0x142aV0x1e2	0
0x7202S0x142aS0x1e2	0x1445V0x1e2	0
0x16abS0x9b7	0x16a9V0x9b7	0
0x16abS0x9b7	0x16a9V0x9b7	1
0x16a8S0x9b7	0x16a4V0x9b7	1
0x16a8S0x9b7	0x16a5V0x9b7	0
0x16b6S0x9b7	0x16b3V0x9b7	0
0x7148S0x9b7	0x9c3	0
0x15cdS0x16acS0x9b7	0x15cbV0x16acV0x9b7	0
0x15cdS0x16acS0x9b7	0x15cbV0x16acV0x9b7	1
0x15b9S0x16acS0x9b7	0x16afV0x9b7	0
0x15caS0x16acS0x9b7	0x15c6V0x16acV0x9b7	1
0x15caS0x16acS0x9b7	0x15c7V0x16acV0x9b7	0
0x16abS0xa5d	0x16a9V0xa5d	0
0x16abS0xa5d	0x16a9V0xa5d	1
0x16a8S0xa5d	0x16a4V0xa5d	1
0x16a8S0xa5d	0x16a5V0xa5d	0
0x16b6S0xa5d	0x16b3V0xa5d	0
0x7148S0xa5d	0xa69	0
0x15cdS0x16acS0xa5d	0x15cbV0x16acV0xa5d	0
0x15cdS0x16acS0xa5d	0x15cbV0x16acV0xa5d	1
0x15b9S0x16acS0xa5d	0x16afV0xa5d	0
0x15caS0x16acS0xa5d	0x15c6V0x16acV0xa5d	1
0x15caS0x16acS0xa5d	0x15c7V0x16acV0xa5d	0
0x16abS0xb41	0x16a9V0xb41	0
0x16abS0xb41	0x16a9V0xb41	1
0x16a8S0xb41	0x16a4V0xb41	1
0x16a8S0xb41	0x16a5V0xb41	0
0x16b6S0xb41	0x16b3V0xb41	0
0x7148S0xb41	0xb4d	0
0x15cdS0x16acS0xb41	0x15cbV0x16acV0xb41	0
0x15cdS0x16acS0xb41	0x15cbV0x16acV0xb41	1
0x15b9S0x16acS0xb41	0x16afV0xb41	0
0x15caS0x16acS0xb41	0x15c6V0x16acV0xb41	1
0x15caS0x16acS0xb41	0x15c7V0x16acV0xb41	0
0x16abS0xcda	0x16a9V0xcda	0
0x16abS0xcda	0x16a9V0xcda	1
0x16a8S0xcda	0x16a4V0xcda	1
0x16a8S0xcda	0x16a5V0xcda	0
0x16b6S0xcda	0x16b3V0xcda	0
0x7148S0xcda	0xce6	0
0x15cdS0x16acS0xcda	0x15cbV0x16acV0xcda	0
0x15cdS0x16acS0xcda	0x15cbV0x16acV0xcda	1
0x15b9S0x16acS0xcda	0x16afV0xcda	0
0x15caS0x16acS0xcda	0x15c6V0x16acV0xcda	1
0x15caS0x16acS0xcda	0x15c7V0x16acV0xcda	0
0x16abS0xdfa	0x16a9V0xdfa	0
0x16abS0xdfa	0x16a9V0xdfa	1
0x16a8S0xdfa	0x16a4V0xdfa	1
0x16a8S0xdfa	0x16a5V0xdfa	0
0x16b6S0xdfa	0x16b3V0xdfa	0
0x7148S0xdfa	0xe06	0
0x15cdS0x16acS0xdfa	0x15cbV0x16acV0xdfa	0
0x15cdS0x16acS0xdfa	0x15cbV0x16acV0xdfa	1
0x15b9S0x16acS0xdfa	0x16afV0xdfa	0
0x15caS0x16acS0xdfa	0x15c6V0x16acV0xdfa	1
0x15caS0x16acS0xdfa	0x15c7V0x16acV0xdfa	0
0x16abS0xec5	0x16a9V0xec5	0
0x16abS0xec5	0x16a9V0xec5	1
0x16a8S0xec5	0x16a4V0xec5	1
0x16a8S0xec5	0x16a5V0xec5	0
0x16b6S0xec5	0x16b3V0xec5	0
0x7148S0xec5	0xed1	0
0x15cdS0x16acS0xec5	0x15cbV0x16acV0xec5	0
0x15cdS0x16acS0xec5	0x15cbV0x16acV0xec5	1
0x15b9S0x16acS0xec5	0x16afV0xec5	0
0x15caS0x16acS0xec5	0x15c6V0x16acV0xec5	1
0x15caS0x16acS0xec5	0x15c7V0x16acV0xec5	0
0x16abS0xef5	0x16a9V0xef5	0
0x16abS0xef5	0x16a9V0xef5	1
0x16a8S0xef5	0x16a4V0xef5	1
0x16a8S0xef5	0x16a5V0xef5	0
0x16b6S0xef5	0x16b3V0xef5	0
0x7148S0xef5	0xf01	0
0x15cdS0x16acS0xef5	0x15cbV0x16acV0xef5	0
0x15cdS0x16acS0xef5	0x15cbV0x16acV0xef5	1
0x15b9S0x16acS0xef5	0x16afV0xef5	0
0x15caS0x16acS0xef5	0x15c6V0x16acV0xef5	1
0x15caS0x16acS0xef5	0x15c7V0x16acV0xef5	0
0x70feS0x162f	0x1633	0
0x15d8S0x162f	0x15d5V0x162f	0
0x15cdS0x15ceS0x162f	0x15cbV0x15ceV0x162f	0
0x15cdS0x15ceS0x162f	0x15cbV0x15ceV0x162f	1
0x15b9S0x15ceS0x162f	0x15d1V0x162f	0
0x15caS0x15ceS0x162f	0x15c6V0x15ceV0x162f	1
0x15caS0x15ceS0x162f	0x15c7V0x15ceV0x162f	0
0x70feS0x163b	0x163e	0
0x15d8S0x163b	0x15d5V0x163b	0
0x15cdS0x15ceS0x163b	0x15cbV0x15ceV0x163b	0
0x15cdS0x15ceS0x163b	0x15cbV0x15ceV0x163b	1
0x15b9S0x15ceS0x163b	0x15d1V0x163b	0
0x15caS0x15ceS0x163b	0x15c6V0x15ceV0x163b	1
0x15caS0x15ceS0x163b	0x15c7V0x15ceV0x163b	0
0x70feS0x165a	0x1660	0
0x15d8S0x165a	0x15d5V0x165a	0
0x15cdS0x15ceS0x165a	0x15cbV0x15ceV0x165a	0
0x15cdS0x15ceS0x165a	0x15cbV0x15ceV0x165a	1
0x15b9S0x15ceS0x165a	0x15d1V0x165a	0
0x15caS0x15ceS0x165a	0x15c6V0x15ceV0x165a	1
0x15caS0x15ceS0x165a	0x15c7V0x15ceV0x165a	0
0x70feS0x166b	0x1685	0
0x15d8S0x166b	0x15d5V0x166b	0
0x15cdS0x15ceS0x166b	0x15cbV0x15ceV0x166b	0
0x15cdS0x15ceS0x166b	0x15cbV0x15ceV0x166b	1
0x15b9S0x15ceS0x166b	0x15d1V0x166b	0
0x15caS0x15ceS0x166b	0x15c6V0x15ceV0x166b	1
0x15caS0x15ceS0x166b	0x15c7V0x15ceV0x166b	0
0x16d1S0xdd	0x16cfV0xdd	0
0x16d1S0xdd	0x16cfV0xdd	1
0x16f6S0xdd	0x16f4V0xdd	0
0x16f6S0xdd	0x16f4V0xdd	1
0x1709S0xdd	0x1707V0xdd	0
0x1709S0xdd	0x1707V0xdd	1
0x1717S0xdd	0x1715V0xdd	0
0x1717S0xdd	0x1715V0xdd	1
0x172bS0xdd	0x1729V0xdd	0
0x172bS0xdd	0x1729V0xdd	1
0x16ceS0xdd	0x16caV0xdd	1
0x16ceS0xdd	0x16cbV0xdd	0
0x16f3S0xdd	0x16efV0xdd	1
0x16f3S0xdd	0x16f0V0xdd	0
0x1706S0xdd	0x1702V0xdd	1
0x1706S0xdd	0x1703V0xdd	0
0x1714S0xdd	0x1710V0xdd	1
0x1714S0xdd	0x1711V0xdd	0
0x1728S0xdd	0x1724V0xdd	1
0x1728S0xdd	0x1725V0xdd	0
0x1745S0xdd	0x1742V0xdd	0
0x1753S0xdd	0xe1	0
0x15cdS0x172cS0xdd	0x15cbV0x172cV0xdd	0
0x15cdS0x172cS0xdd	0x15cbV0x172cV0xdd	1
0x15b9S0x172cS0xdd	0x173eV0xdd	0
0x15caS0x172cS0xdd	0x15c6V0x172cV0xdd	1
0x15caS0x172cS0xdd	0x15c7V0x172cV0xdd	0
0xfb4S0x143	0xfb1V0x143	0
0xfa9S0x143	0xfa0V0x143	0
0xfa9S0x143	0xfa7V0x143	1
0xfe9S0x143	0xfe7V0x143	1
0xfe9S0x143	0xfe8V0x143	0
0xfe6S0x143	0xfe3V0x143	2
0xfe6S0x143	0xfe4V0x143	0
0xfe6S0x143	0xfe4V0x143	1
0xf7fS0x143	0xf7aV0x143	1
0xf7fS0x143	0xf7cV0x143	0
0xf94S0x143	0xf91V0x143	0
0xf94S0x143	0xf8f_0x0V0x143	1
0xf9dS0x143	0xf9aV0x143	0
0xf9dS0x143	0xf99_0x0V0x143	1
0xfe2S0x143	0xfdeV0x143	1
0xfe2S0x143	0xfdfV0x143	0
0x6f3cS0x143	0x6f37V0x143	0
0x6f3cS0x143	0x6f3aV0x143	1
0x6f60S0x143	0x136	0
0x17f8S0xf9eS0x143	0xfadV0x143	0
0x17ceS0xf9eS0x143	0xfacV0x143	0
0x17ceS0xf9eS0x143	0x17caV0xf9eV0x143	1
0x17d4S0xf9eS0x143	0x17cfV0xf9eV0x143	1
0x17d4S0xf9eS0x143	0x17d3V0xf9eV0x143	0
0x17f3S0xf9eS0x143	0x17eeV0xf9eV0x143	1
0x17f3S0xf9eS0x143	0x17f2V0xf9eV0x143	0
0x1036S0x181	0x1033V0x181	0
0x102bS0x181	0x1022V0x181	0
0x102bS0x181	0x1029V0x181	1
0x107cS0x181	0x107aV0x181	1
0x107cS0x181	0x107bV0x181	0
0x1079S0x181	0x1076V0x181	2
0x1079S0x181	0x1077V0x181	0
0x1079S0x181	0x1077V0x181	1
0x10f0S0x181	0x10eeV0x181	1
0x10f0S0x181	0x10efV0x181	0
0x10edS0x181	0x10eaV0x181	2
0x10edS0x181	0x10ebV0x181	0
0x10edS0x181	0x10ebV0x181	1
0x1160S0x181	0x115dV0x181	0
0x1125S0x181	0x111cV0x181	0
0x1125S0x181	0x1123V0x181	1
0x112cS0x181	0x1126V0x181	1
0x112cS0x181	0x112bV0x181	0
0x1133S0x181	0x112dV0x181	1
0x1133S0x181	0x1132V0x181	0
0x1159S0x181	0x1134V0x181	1
0x1159S0x181	0x1158V0x181	0
0x1001S0x181	0xffcV0x181	1
0x1001S0x181	0xffeV0x181	0
0x1016S0x181	0x1013V0x181	0
0x1016S0x181	0x1011_0x0V0x181	1
0x101fS0x181	0x101cV0x181	0
0x101fS0x181	0x101b_0x0V0x181	1
0x1075S0x181	0x1071V0x181	1
0x1075S0x181	0x1072V0x181	0
0x1044S0x181	0x103aV0x181	0
0x1044S0x181	0x1042V0x181	1
0x104aS0x181	0x1045V0x181	1
0x104aS0x181	0x1049V0x181	0
0x6f88S0x181	0x6f83V0x181	0
0x6f88S0x181	0x6f86V0x181	1
0x10a0S0x181	0x109dV0x181	0
0x1093S0x181	0x108fV0x181	1
0x1093S0x181	0x1091V0x181	0
0x10e9S0x181	0x10e5V0x181	1
0x10e9S0x181	0x10e6V0x181	0
0x10aeS0x181	0x10a4V0x181	0
0x10aeS0x181	0x10acV0x181	1
0x10beS0x181	0x10b9V0x181	1
0x10beS0x181	0x10bdV0x181	0
0x10c5S0x181	0x10c2V0x181	0
0x10c5S0x181	0x188dV0x107dV0x181	1
0x1114S0x181	0x1111V0x181	0
0x1107S0x181	0x1103V0x181	1
0x1107S0x181	0x1105V0x181	0
0x1119S0x181	0x1116V0x181	0
0x1119S0x181	0x186eV0x10f1V0x181	1
0x6fadS0x181	0x174	0
0x3611S0x181	0x360cV0x181	0
0x3611S0x181	0x360fV0x181	1
0x17f8S0x1020S0x181	0x102fV0x181	0
0x17ceS0x1020S0x181	0x102eV0x181	0
0x17ceS0x1020S0x181	0x17caV0x1020V0x181	1
0x17d4S0x1020S0x181	0x17cfV0x1020V0x181	1
0x17d4S0x1020S0x181	0x17d3V0x1020V0x181	0
0x17f3S0x1020S0x181	0x17eeV0x1020V0x181	1
0x17f3S0x1020S0x181	0x17f2V0x1020V0x181	0
0x188aS0x107dS0x181	0x1888V0x107dV0x181	0
0x188aS0x107dS0x181	0x1888V0x107dV0x181	1
0x1887S0x107dS0x181	0x1883V0x107dV0x181	1
0x1887S0x107dS0x181	0x1884V0x107dV0x181	0
0x1891S0x107dS0x181	0x1098V0x181	0
0x186bS0x10f1S0x181	0x1869V0x10f1V0x181	0
0x186bS0x10f1S0x181	0x1869V0x10f1V0x181	1
0x187aS0x10f1S0x181	0x1878V0x10f1V0x181	0
0x187aS0x10f1S0x181	0x1878V0x10f1V0x181	1
0x1868S0x10f1S0x181	0x1864V0x10f1V0x181	1
0x1868S0x10f1S0x181	0x1865V0x10f1V0x181	0
0x1877S0x10f1S0x181	0x1873V0x10f1V0x181	1
0x1877S0x10f1S0x181	0x1874V0x10f1V0x181	0
0x7202S0x10f1S0x181	0x110cV0x181	0
0x11aeS0x1c3	0x11abV0x1c3	0
0x11a3S0x1c3	0x119aV0x1c3	0
0x11a3S0x1c3	0x11a1V0x1c3	1
0x1212S0x1c3	0x1210V0x1c3	1
0x1212S0x1c3	0x1211V0x1c3	0
0x120fS0x1c3	0x120cV0x1c3	2
0x120fS0x1c3	0x120dV0x1c3	0
0x120fS0x1c3	0x120dV0x1c3	1
0x127dS0x1c3	0x127aV0x1c3	0
0x124cS0x1c3	0x1243V0x1c3	0
0x124cS0x1c3	0x124aV0x1c3	1
0x1253S0x1c3	0x124dV0x1c3	1
0x1253S0x1c3	0x1252V0x1c3	0
0x125aS0x1c3	0x1254V0x1c3	1
0x125aS0x1c3	0x1259V0x1c3	0
0x1276S0x1c3	0x1271V0x1c3	1
0x1276S0x1c3	0x1275V0x1c3	0
0x12dcS0x1c3	0x12daV0x1c3	0
0x12dcS0x1c3	0x12daV0x1c3	1
0x12eeS0x1c3	0x12ecV0x1c3	1
0x12eeS0x1c3	0x12edV0x1c3	0
0x12ebS0x1c3	0x12e8V0x1c3	2
0x12ebS0x1c3	0x12e9V0x1c3	0
0x12ebS0x1c3	0x12e9V0x1c3	1
0x1325S0x1c3	0x1323V0x1c3	1
0x1325S0x1c3	0x1324V0x1c3	0
0x1322S0x1c3	0x131fV0x1c3	2
0x1322S0x1c3	0x1320V0x1c3	0
0x1322S0x1c3	0x1320V0x1c3	1
0x1179S0x1c3	0x1174V0x1c3	1
0x1179S0x1c3	0x1176V0x1c3	0
0x118eS0x1c3	0x118bV0x1c3	0
0x118eS0x1c3	0x1189_0x0V0x1c3	1
0x1197S0x1c3	0x1194V0x1c3	0
0x1197S0x1c3	0x1193_0x0V0x1c3	1
0x120bS0x1c3	0x1207V0x1c3	1
0x120bS0x1c3	0x1208V0x1c3	0
0x11bcS0x1c3	0x11b2V0x1c3	0
0x11bcS0x1c3	0x11baV0x1c3	1
0x11c2S0x1c3	0x11bdV0x1c3	1
0x11c2S0x1c3	0x11c1V0x1c3	0
0x6fd5S0x1c3	0x6fd0V0x1c3	0
0x6fd5S0x1c3	0x6fd3V0x1c3	1
0x1236S0x1c3	0x1233V0x1c3	0
0x1229S0x1c3	0x1225V0x1c3	1
0x1229S0x1c3	0x1227V0x1c3	0
0x1240S0x1c3	0x123cV0x1c3	1
0x1240S0x1c3	0x123dV0x1c3	0
0x12d9S0x1c3	0x12d5V0x1c3	1
0x12d9S0x1c3	0x12d6V0x1c3	0
0x128bS0x1c3	0x1281V0x1c3	0
0x128bS0x1c3	0x1289V0x1c3	1
0x1292S0x1c3	0x128fV0x1c3	0
0x1292S0x1c3	0x188dV0x1213V0x1c3	1
0x3639S0x1c3	0x3634V0x1c3	0
0x3639S0x1c3	0x3637V0x1c3	1
0x12e7S0x1c3	0x12e3V0x1c3	1
0x12e7S0x1c3	0x12e4V0x1c3	0
0x131eS0x1c3	0x131aV0x1c3	1
0x131eS0x1c3	0x131bV0x1c3	0
0x6ff9S0x1c3	0x1b6	0
0x17f8S0x1198S0x1c3	0x11a7V0x1c3	0
0x17ceS0x1198S0x1c3	0x11a6V0x1c3	0
0x17ceS0x1198S0x1c3	0x17caV0x1198V0x1c3	1
0x17d4S0x1198S0x1c3	0x17cfV0x1198V0x1c3	1
0x17d4S0x1198S0x1c3	0x17d3V0x1198V0x1c3	0
0x17f3S0x1198S0x1c3	0x17eeV0x1198V0x1c3	1
0x17f3S0x1198S0x1c3	0x17f2V0x1198V0x1c3	0
0x188aS0x1213S0x1c3	0x1888V0x1213V0x1c3	0
0x188aS0x1213S0x1c3	0x1888V0x1213V0x1c3	1
0x1887S0x1213S0x1c3	0x1883V0x1213V0x1c3	1
0x1887S0x1213S0x1c3	0x1884V0x1213V0x1c3	0
0x1891S0x1213S0x1c3	0x122eV0x1c3	0
