0x0	0x0
0x40	0x3f
0xf	0xd
0x4	0x0
0x8	0x0
0x60	0x5d
0x3f	0x3f
0x2	0x0
0x5	0x0
0x7	0x0
0x9	0x0
0xd	0xd
0xe	0xd
0x11	0xd
0x13	0xd
0x18	0xd
0x1e	0x1d
0x23	0x1d
0x28	0x28
0x2d	0x2c
0x2e	0x2c
0x38	0x37
0x3a	0x37
0x3b	0x37
0x44	0x42
0x47	0x42
0x4a	0x42
0x4b	0x42
0x4d	0x42
0x4f	0x42
0x54	0x42
0x59	0x58
0x5e	0x5d
0x61	0x5d
0x66	0x5d
0x6b	0x6a
0x6d	0x6a
0x70	0x6a
0x74	0x73
0x76	0x73
0x77	0x73
0x7b	0x7b
0x7c	0x7b
0x80	0x7e
0x83	0x7e
0x8a	0x89
0x8c	0x89
0x9c	0x89
0xb1	0x89
0xb2	0x89
0xb3	0x89
0xc8	0x89
0xc9	0x89
0xca	0x89
0xce	0xce
0xcf	0xce
0xd2	0xd1
0xd3	0xd1
0xd5	0xd1
0xea	0xd1
0xff	0xd1
0x100	0xd1
0x101	0xd1
0x103	0xd1
0x108	0xd1
0x10d	0x10c
0x112	0x10c
0x119	0x116
0x129	0x116
0x13e	0x116
0x13f	0x116
0x144	0x116
0x145	0x116
0x147	0x116
0x149	0x116
0x14b	0x116
0x150	0x116
0x151	0x116
0x153	0x116
0x156	0x116
0x158	0x116
0x159	0x116
0x160	0x116
0x165	0x164
0x166	0x164
0x168	0x164
0x16b	0x164
0x16d	0x164
0x170	0x164
0x171	0x164
0x173	0x164
0x174	0x164
0x178	0x178
0x179	0x178
0x17d	0x17b
0x17e	0x17b
0x17f	0x17b
0x181	0x17b
0x182	0x17b
0x186	0x186
0x187	0x186
0x188	0x186
0x18a	0x186
0x18b	0x186
0x192	0x18d
0x195	0x18d
0x1aa	0x18d
0x1ac	0x18d
0x1ae	0x18d
0x1b0	0x18d
0x1b1	0x18d
0x1b5	0x18d
0x1ba	0x18d
0x1bf	0x1be
0x1c2	0x1be
0x1d7	0x1be
0x1dc	0x1be
0x1de	0x1be
0x1e0	0x1be
0x1e2	0x1be
0x1e3	0x1be
0x1e5	0x1be
0x1e6	0x1be
0x1eb	0x1be
0x1f0	0x1ef
0x1f2	0x1ef
0x1f3	0x1ef
0x1f7	0x1ef
0x1f8	0x1ef
0x1fc	0x1ef
0x200	0x1ef
0x21d	0x1ef
0x21e	0x1ef
0x21f	0x1ef
0x222	0x1ef
0x224	0x1ef
0x225	0x1ef
0x245	0x1ef
0x246	0x1ef
0x24d	0x1ef
0x24e	0x1ef
0x253	0x252
0x263	0x252
0x278	0x252
0x279	0x252
0x27e	0x252
0x27f	0x252
0x281	0x252
0x283	0x252
0x288	0x252
0x289	0x252
0x28b	0x252
0x28e	0x252
0x290	0x252
0x291	0x252
0x296	0x252
0x29b	0x29a
0x29c	0x29a
0x29e	0x29a
0x2a1	0x29a
0x2a3	0x29a
0x2a6	0x29a
0x2a7	0x29a
0x2a9	0x29a
0x2aa	0x29a
0x2ae	0x2ae
0x2af	0x2ae
0x2b3	0x2b1
0x2b4	0x2b1
0x2b5	0x2b1
0x2b7	0x2b1
0x2b8	0x2b1
0x2bc	0x2bc
0x2bd	0x2bc
0x2be	0x2bc
0x2c0	0x2bc
0x2c1	0x2bc
0x2c8	0x2c3
0x2d8	0x2c3
0x2ed	0x2c3
0x2ee	0x2c3
0x2f4	0x2c3
0x2f6	0x2c3
0x2f8	0x2c3
0x2fd	0x2c3
0x2fe	0x2c3
0x300	0x2c3
0x303	0x2c3
0x305	0x2c3
0x306	0x2c3
0x308	0x2c3
0x30a	0x2c3
0x30d	0x2c3
0x311	0x2c3
0x312	0x2c3
0x313	0x2c3
0x315	0x2c3
0x316	0x2c3
0x31a	0x31a
0x31b	0x31a
0x31c	0x31a
0x31e	0x31a
0x31f	0x31a
0x327	0x321
0x329	0x321
0x32a	0x321
0x32b	0x321
0x32d	0x321
0x32e	0x321
0x331	0x321
0x332	0x321
0x334	0x321
0x336	0x321
0x33b	0x321
0x33d	0x321
0x342	0x321
0x348	0x346
0x34a	0x346
0x34c	0x346
0x34e	0x346
0x34f	0x346
0x353	0x346
0x360	0x35f
0x361	0x35f
0x376	0x35f
0x377	0x35f
0x378	0x35f
0x38d	0x35f
0x38e	0x35f
0x38f	0x35f
0x393	0x393
0x394	0x393
0x397	0x396
0x398	0x396
0x39b	0x396
0x3ab	0x396
0x3c0	0x396
0x3c1	0x396
0x3c6	0x396
0x3c8	0x396
0x3ca	0x396
0x3cf	0x396
0x3d0	0x396
0x3d2	0x396
0x3d5	0x396
0x3d7	0x396
0x3d8	0x396
0x3dc	0x396
0x3e1	0x3e0
0x3e2	0x3e0
0x3e4	0x3e0
0x3e7	0x3e0
0x3e9	0x3e0
0x3eb	0x3e0
0x3ec	0x3e0
0x3ed	0x3e0
0x3ef	0x3e0
0x3f0	0x3e0
0x3f4	0x3f4
0x3f5	0x3f4
0x3f6	0x3f4
0x3f8	0x3f4
0x3f9	0x3f4
0x400	0x3fb
0x402	0x3fb
0x403	0x3fb
0x404	0x3fb
0x407	0x3fb
0x408	0x3fb
0x40a	0x3fb
0x40b	0x3fb
0x40e	0x3fb
0x40f	0x3fb
0x411	0x3fb
0x413	0x3fb
0x418	0x3fb
0x41a	0x3fb
0x41f	0x3fb
0x425	0x423
0x428	0x423
0x43d	0x423
0x43f	0x423
0x441	0x423
0x443	0x423
0x444	0x423
0x448	0x423
0x44d	0x423
0x44e	0x423
0x453	0x423
0x458	0x457
0x65c	0x65b
0x65d	0x65b
0x661	0x65b
0x668	0x665
0x66c	0x665
0x675	0x670
0x676	0x670
0x67a	0x670
0x683	0x67e
0x685	0x67e
0x687	0x67e
0x688	0x67e
0x689	0x67e
0x68d	0x68d
0x690	0x68d
0x69d	0x69c
0x6be	0x69c
0x6c0	0x69c
0x6c2	0x69c
0x6c5	0x69c
0x6c7	0x69c
0x6ca	0x6c9
0x6cb	0x6c9
0x6cf	0x6c9
0x6d6	0x6d3
0x6da	0x6d3
0x6e2	0x6de
0x6e6	0x6e6
0x6e9	0x6e6
0x6f1	0x6ee
0x785	0x784B0x116
0x789	0x784B0x116
0x7a3	0x7a2B0x116
0x7a4	0x7a2B0x116
0x7a7	0x7a2B0x116
0x7aa	0x7a2B0x116
0x7ad	0x7a2B0x116
0x7af	0x7a2B0x116
0x7b1	0x7a2B0x116
0x7b6	0x7b5B0x116
0x7b9	0x7b5B0x116
0x7bc	0x7b5B0x116
0x7be	0x7b5B0x116
0x7c3	0x7c2B0x116
0x7c6	0x7c2B0x116
0x7c9	0x7c2B0x116
0x7cb	0x7c2B0x116
0x7f1	0x7f0B0x252
0x7f2	0x7f0B0x252
0x7f5	0x7f0B0x252
0x7f8	0x7f0B0x252
0x7fb	0x7f0B0x252
0x7fd	0x7f0B0x252
0x7ff	0x7f0B0x252
0xa01	0xa00B0x423
0xa02	0xa00B0x423
0xa06	0xa00B0x423
0xa0d	0xa0aB0x423
0xa11	0xa0aB0x423
0xa1a	0xa15B0x423
0xa1f	0xa15B0x423
0xa20	0xa15B0x423
0xa21	0xa15B0x423
0xa25	0xa25B0x423
0xa28	0xa25B0x423
0x1591	0x1590
0x1592	0x1590
0x15b4	0x15b3
0x15b5	0x15b3
0x1640	0x163f
0x1661	0x163f
0x1663	0x163f
0x1665	0x163f
0x1668	0x163f
0x166a	0x163f
0x17b0	0x17afB0x423
0x17d1	0x17afB0x423
0x17d3	0x17afB0x423
0x17d5	0x17afB0x423
0x17d8	0x17afB0x423
0x17da	0x17afB0x423
0x10b	0xd1
0x163	0x116
0x299	0x252
0x456	0x423
0x422	0x3fb
0x345	0x321
0x1ee	0x1be
0x57	0x42
0x69	0x5d
0x78c	0x784B0x116
0x3df	0x396
0x664	0x65b
0x66f	0x665
0x67d	0x670
0x6d2	0x6c9
0x6dd	0x6d3
0xa09	0xa00B0x423
0xa14	0xa0aB0x423
0x86	0x7e
0x1bd	0x18d
0x251	0x1ef
0x45b	0x457
0x7b4	0x7a2B0x116
0x7ce	0x7c2B0x116
0x802	0x7f0B0x252
0x2b	0x28
0x5c	0x58
0x115	0x10c
0x35e	0x346
0x693	0x68d
0x6ec	0x6e6
0x6f8	0x6ee
0x792	0x78dB0x116
0x7c1	0x7b5B0x116
0xa2b	0xa25B0x423
0xc	0x0
0x31	0x2c
0x3e	0x37
0x7a	0x73
0xcd	0x89
0x177	0x164
0x185	0x17b
0x2ad	0x29a
0x2bb	0x2b1
0x319	0x2c3
0x392	0x35f
0x3f3	0x3e0
0x68c	0x67e
0x6e5	0x6de
0xa24	0xa15B0x423
0x45e	0x45c
0x69b	0x695
0x7d6	0x7cfB0x116
0x808	0x803B0x252
0xa32	0xa2dB0x423
0x32	0x17e2
0x88	0x87
0x72	0x6a
0x41	0x3f
0x7d	0x7b
0xd0	0xce
0x17a	0x178
0x18c	0x186
0x2b0	0x2ae
0x2c2	0x2bc
0x320	0x31a
0x395	0x393
0x3fa	0x3f4
0x6c8	0x69c
0x1593	0x1590
0x15b6	0x15b3
0x166b	0x163f
0x17db	0x17afB0x423
0x155	0x116
0x1b3	0x18d
0x1b7	0x18d
0x1fa	0x1ef
0x1fe	0x1ef
0x248	0x1ef
0x28d	0x252
0x302	0x2c3
0x338	0x321
0x351	0x346
0x355	0x346
0x3d4	0x396
0x415	0x3fb
0x446	0x423
0x44a	0x423
0x6bf	0x69c
0x6c4	0x69c
0x78f	0x78dB0x116
0x1662	0x163f
0x1667	0x163f
0x17d2	0x17afB0x423
0x17d7	0x17afB0x423
0x189	0x186
0x2bf	0x2bc
0x31d	0x31a
0x3f7	0x3f4
0x406	0x3fb
0x2c	0x2c
0x1590	0x1590
0x15b3	0x15b3
0x42	0x42
0x5d	0x5d
0x58	0x58
0x54a	0x54aB0x42
0x89	0x89
0x6a	0x6a
0x605	0x605B0x5d
0x7e	0x7e
0x87	0x87
0x35f	0x35f
0xd1	0xd1
0x64	0x5d
0x10c	0x10c
0x65b	0x65b
0x116	0x116
0x6c9	0x6c9
0x164	0x164
0x7a2	0x7a2B0x116
0x17b	0x17b
0x18d	0x18d
0x1be	0x1be
0x45f	0x45fB0x18d
0x45f	0x45fB0x1ef
0x45f	0x45fB0x457
0x252	0x252
0x24	0x1d
0x1ef	0x1ef
0x7d7	0x7d7B0x1be
0x29a	0x29a
0x7f0	0x7f0B0x252
0x2b1	0x2b1
0x2c3	0x2c3
0x321	0x321
0x346	0x346
0x833	0x833B0x321
0x396	0x396
0x3e0	0x3e0
0x881	0x881B0x396
0x3fb	0x3fb
0x423	0x423
0x9b9	0x9b9B0x3fb
0x45c	0x45c
0x457	0x457
0xa00	0xa00B0x423
0x665	0x665
0x625	0x625B0x65b
0x625	0x625B0x6c9
0x625	0x625B0x665
0x625	0x625B0x670
0x625	0x625B0x6d3
0x625	0x625B0x793B0x7d7B0x1be
0x625	0x625B0x809B0x81fB0x848B0x321
0x625	0x625B0x793B0x7c2B0x116
0x625	0x625B0xa00B0x423
0x625	0x625B0xa0aB0x423
0x670	0x670
0x67e	0x67e
0x695	0x695
0x163f	0x163f
0x12	0xd
0x6d3	0x6d3
0x6de	0x6de
0x6ee	0x6ee
0x69c	0x69c
0x78d	0x78dB0x116
0x773	0x773B0x784B0x116
0x7b5	0x7b5B0x116
0x764	0x764B0x7a2B0x116
0x764	0x764B0x7f0B0x252
0x7c2	0x7c2B0x116
0x784	0x784B0x116
0x7cf	0x7cfB0x116
0x793	0x793B0x7d7B0x1be
0x793	0x793B0x7c2B0x116
0x803	0x803B0x252
0xa0a	0xa0aB0x423
0xa15	0xa15B0x423
0xa2d	0xa2dB0x423
0x17af	0x17afB0x423
0x37	0x37
0x73	0x73
0x15f9	0x15f9B0x42
0x161c	0x161cB0x42
0x560	0x560B0x42
0x57d	0x57dB0x42
0x589	0x589B0x42
0x4f5	0x4f5B0x57dB0x42
0x15d6	0x15d6B0x57dB0x42
0x4ed	0x4edB0x57dB0x42
0x4f1	0x4f1B0x57dB0x42
0x527	0x527B0x57dB0x42
0x543	0x543B0x57dB0x42
0x50a	0x50aB0x57dB0x42
0x61d	0x61dB0x5d
0x5cd	0x5cdB0x5d
0x5e1	0x5e1B0x5d
0x59f	0x59fB0x5d7B0x5d
0x59f	0x59fB0x861B0x396
0x5f1	0x5f1B0x5d
0x5af	0x5afB0x5e1B0x5d
0x5af	0x5afB0xa51B0x45fB0x18d
0x5af	0x5afB0xa51B0x45fB0x1ef
0x5af	0x5afB0xa51B0x45fB0x457
0x5af	0x5afB0x979B0x9a0B0x9ebB0x3fb
0x5fa	0x5faB0x5d
0x5bd	0x5bdB0x5f1B0x5d
0x5bd	0x5bdB0x935B0x9a0B0x9ebB0x3fb
0x5bd	0x5bdB0x8d0B0x958B0x9a0B0x9ebB0x3fb
0x5d7	0x5d7B0x5d
0x595	0x595B0x5cdB0x5d
0x595	0x595B0xa3dB0x45fB0x18d
0x595	0x595B0xa3dB0x45fB0x1ef
0x595	0x595B0xa3dB0x45fB0x457
0x898	0x898B0x396
0x861	0x861B0x396
0x877	0x877B0x396
0x85e	0x85eB0x86cB0x396
0x86c	0x86cB0x396
0x79c	0x79cB0x7d7B0x1be
0x79c	0x79cB0x7c2B0x116
0x77d	0x77dB0x784B0x116
0x6f9	0x6f9B0x773B0x784B0x116
0x6f9	0x6f9B0x736B0x742B0x753B0x764B0x7a2B0x116
0x6f9	0x6f9B0x721B0x742B0x753B0x764B0x7a2B0x116
0x6f9	0x6f9B0x736B0x742B0x753B0x764B0x7f0B0x252
0x6f9	0x6f9B0x721B0x742B0x753B0x764B0x7f0B0x252
0x4c5	0x4c5B0x18d
0x4c5	0x4c5B0x1ef
0x4c5	0x4c5B0x457
0x486	0x486B0x18d
0x486	0x486B0x1ef
0x486	0x486B0x457
0xa6d	0xa6dB0x45fB0x18d
0xa6d	0xa6dB0x45fB0x1ef
0xa6d	0xa6dB0x45fB0x457
0x4c0	0x4c0B0x18d
0x4c0	0x4c0B0x1ef
0x4c0	0x4c0B0x457
0x4d2	0x4d2B0x18d
0x4d2	0x4d2B0x1ef
0x4d2	0x4d2B0x457
0xa78	0xa78B0x45fB0x18d
0xa78	0xa78B0x45fB0x1ef
0xa78	0xa78B0x45fB0x457
0xa3d	0xa3dB0x45fB0x18d
0xa3d	0xa3dB0x45fB0x1ef
0xa3d	0xa3dB0x45fB0x457
0xa51	0xa51B0x45fB0x18d
0xa51	0xa51B0x45fB0x1ef
0xa51	0xa51B0x45fB0x457
0xa33	0xa33B0x45fB0x18d
0xa33	0xa33B0x45fB0x1ef
0xa33	0xa33B0x45fB0x457
0xa61	0xa61B0x45fB0x18d
0xa61	0xa61B0x45fB0x1ef
0xa61	0xa61B0x45fB0x457
0xa47	0xa47B0x45fB0x18d
0xa47	0xa47B0x45fB0x1ef
0xa47	0xa47B0x45fB0x457
0x7ea	0x7eaB0x1be
0x168b	0x168bB0x321
0x848	0x848B0x321
0x855	0x855B0x321
0x81f	0x81fB0x848B0x321
0x82d	0x82dB0x848B0x321
0x809	0x809B0x81fB0x848B0x321
0x81c	0x81cB0x81fB0x848B0x321
0x812	0x812B0x81fB0x848B0x321
0x76d	0x76dB0x7a2B0x116
0x76d	0x76dB0x7f0B0x252
0x753	0x753B0x764B0x7a2B0x116
0x753	0x753B0x764B0x7f0B0x252
0x9ce	0x9ceB0x3fb
0x1769	0x1769B0x3fb
0x9eb	0x9ebB0x3fb
0x178c	0x178cB0x3fb
0x9f7	0x9f7B0x3fb
0x98c	0x98cB0x9ebB0x3fb
0x75d	0x75dB0x764B0x7a2B0x116
0x75d	0x75dB0x764B0x7f0B0x252
0x742	0x742B0x753B0x764B0x7a2B0x116
0x742	0x742B0x753B0x764B0x7f0B0x252
0x74c	0x74cB0x753B0x764B0x7a2B0x116
0x74c	0x74cB0x753B0x764B0x7f0B0x252
0x721	0x721B0x742B0x753B0x764B0x7a2B0x116
0x721	0x721B0x742B0x753B0x764B0x7f0B0x252
0x718	0x718B0x742B0x753B0x764B0x7a2B0x116
0x718	0x718B0x742B0x753B0x764B0x7f0B0x252
0x73b	0x73bB0x742B0x753B0x764B0x7a2B0x116
0x73b	0x73bB0x742B0x753B0x764B0x7f0B0x252
0x736	0x736B0x742B0x753B0x764B0x7a2B0x116
0x736	0x736B0x742B0x753B0x764B0x7f0B0x252
0x731	0x731B0x742B0x753B0x764B0x7a2B0x116
0x731	0x731B0x742B0x753B0x764B0x7f0B0x252
0x1746	0x1746B0x9ebB0x3fb
0x9b0	0x9b0B0x9ebB0x3fb
0x94b	0x94bB0x9a0B0x9ebB0x3fb
0x9a0	0x9a0B0x9ebB0x3fb
0x16fa	0x16faB0x9a0B0x9ebB0x3fb
0x89f	0x89fB0x9a0B0x9ebB0x3fb
0x93e	0x93eB0x9a0B0x9ebB0x3fb
0x979	0x979B0x9a0B0x9ebB0x3fb
0x901	0x901B0x958B0x9a0B0x9ebB0x3fb
0x935	0x935B0x9a0B0x9ebB0x3fb
0x984	0x984B0x9a0B0x9ebB0x3fb
0x95d	0x95dB0x9a0B0x9ebB0x3fb
0x958	0x958B0x9a0B0x9ebB0x3fb
0x91b	0x91bB0x9a0B0x9ebB0x3fb
0x16ae	0x16aeB0x958B0x9a0B0x9ebB0x3fb
0x8f8	0x8f8B0x958B0x9a0B0x9ebB0x3fb
0x916	0x916B0x958B0x9a0B0x9ebB0x3fb
0x8d0	0x8d0B0x958B0x9a0B0x9ebB0x3fb
0x8d9	0x8d9B0x958B0x9a0B0x9ebB0x3fb
0x90a	0x90aB0x958B0x9a0B0x9ebB0x3fb
0x4d8	0x4d8B0x958B0x9a0B0x9ebB0x3fb
0x1d	0x1d
0x7f	0x7e
0x1ff	0x1ef
0x3ff	0x3fb
0x1c	0xd
0x765	0x764B0x7a2B0x116
0x765	0x764B0x7f0B0x252
0x769	0x764B0x7a2B0x116
0x769	0x764B0x7f0B0x252
0x9ba	0x9b9B0x3fb
0x9bb	0x9b9B0x3fb
0x9bf	0x9b9B0x3fb
0x9c0	0x9b9B0x3fb
0x9c1	0x9b9B0x3fb
0x9c2	0x9b9B0x3fb
0x9c6	0x9c6B0x3fb
0x9c9	0x9c6B0x3fb
0x9cf	0x9ceB0x3fb
0x9d1	0x9ceB0x3fb
0x9d2	0x9ceB0x3fb
0x9d3	0x9ceB0x3fb
0x9dd	0x9ceB0x3fb
0x9de	0x9ceB0x3fb
0x9df	0x9ceB0x3fb
0x9e3	0x9e3B0x3fb
0x9e6	0x9e3B0x3fb
0x9ec	0x9ebB0x3fb
0x9f2	0x9ebB0x3fb
0x9f3	0x9ebB0x3fb
0x176a	0x1769B0x3fb
0x176b	0x1769B0x3fb
0x178d	0x178cB0x3fb
0x178e	0x178cB0x3fb
0x76c	0x764B0x7a2B0x116
0x76c	0x764B0x7f0B0x252
0x9f6	0x9ebB0x3fb
0x9cc	0x9c6B0x3fb
0x9e9	0x9e3B0x3fb
0x9c5	0x9b9B0x3fb
0x9e2	0x9ceB0x3fb
0x772	0x76dB0x7a2B0x116
0x772	0x76dB0x7f0B0x252
0x9ff	0x9f7B0x3fb
0x176c	0x1769B0x3fb
0x178f	0x178cB0x3fb
0x76f	0x76dB0x7a2B0x116
0x76f	0x76dB0x7f0B0x252
0x754	0x753B0x764B0x7a2B0x116
0x754	0x753B0x764B0x7f0B0x252
0x755	0x753B0x764B0x7a2B0x116
0x755	0x753B0x764B0x7f0B0x252
0x759	0x753B0x764B0x7a2B0x116
0x759	0x753B0x764B0x7f0B0x252
0x834	0x833B0x321
0x835	0x833B0x321
0x839	0x833B0x321
0x83a	0x833B0x321
0x83b	0x833B0x321
0x83c	0x833B0x321
0x840	0x840B0x321
0x843	0x840B0x321
0x849	0x848B0x321
0x84a	0x848B0x321
0x850	0x848B0x321
0x851	0x848B0x321
0x98d	0x98cB0x9ebB0x3fb
0x98f	0x98cB0x9ebB0x3fb
0x992	0x98cB0x9ebB0x3fb
0x993	0x98cB0x9ebB0x3fb
0x994	0x98cB0x9ebB0x3fb
0x998	0x998B0x9ebB0x3fb
0x99b	0x998B0x9ebB0x3fb
0x9a2	0x9a0B0x9ebB0x3fb
0x9a3	0x9a0B0x9ebB0x3fb
0x9a8	0x9a0B0x9ebB0x3fb
0x9ab	0x9a0B0x9ebB0x3fb
0x9ac	0x9a0B0x9ebB0x3fb
0x168c	0x168bB0x321
0x168d	0x168bB0x321
0x1747	0x1746B0x9ebB0x3fb
0x1748	0x1746B0x9ebB0x3fb
0x75c	0x753B0x764B0x7a2B0x116
0x75c	0x753B0x764B0x7f0B0x252
0x854	0x848B0x321
0x9af	0x9a0B0x9ebB0x3fb
0x846	0x840B0x321
0x99e	0x998B0x9ebB0x3fb
0x83f	0x833B0x321
0x997	0x98cB0x9ebB0x3fb
0x763	0x75dB0x764B0x7a2B0x116
0x763	0x75dB0x764B0x7f0B0x252
0x85d	0x855B0x321
0x9b8	0x9b0B0x9ebB0x3fb
0x168e	0x168bB0x321
0x1749	0x1746B0x9ebB0x3fb
0x460	0x45fB0x18d
0x460	0x45fB0x1ef
0x460	0x45fB0x457
0x462	0x45fB0x18d
0x462	0x45fB0x1ef
0x462	0x45fB0x457
0x477	0x45fB0x18d
0x477	0x45fB0x1ef
0x477	0x45fB0x457
0x47a	0x45fB0x18d
0x47a	0x45fB0x1ef
0x47a	0x45fB0x457
0x47c	0x45fB0x18d
0x47c	0x45fB0x1ef
0x47c	0x45fB0x457
0x47d	0x45fB0x18d
0x47d	0x45fB0x1ef
0x47d	0x45fB0x457
0x482	0x45fB0x18d
0x482	0x45fB0x1ef
0x482	0x45fB0x457
0x487	0x486B0x18d
0x487	0x486B0x1ef
0x487	0x486B0x457
0x488	0x486B0x18d
0x488	0x486B0x1ef
0x488	0x486B0x457
0x48a	0x486B0x18d
0x48a	0x486B0x1ef
0x48a	0x486B0x457
0x48d	0x486B0x18d
0x48d	0x486B0x1ef
0x48d	0x486B0x457
0x491	0x486B0x18d
0x491	0x486B0x1ef
0x491	0x486B0x457
0x492	0x486B0x18d
0x492	0x486B0x1ef
0x492	0x486B0x457
0x497	0x486B0x18d
0x497	0x486B0x1ef
0x497	0x486B0x457
0x499	0x486B0x18d
0x499	0x486B0x1ef
0x499	0x486B0x457
0x49b	0x486B0x18d
0x49b	0x486B0x1ef
0x49b	0x486B0x457
0x49c	0x486B0x18d
0x49c	0x486B0x1ef
0x49c	0x486B0x457
0x4a0	0x4a0B0x18d
0x4a0	0x4a0B0x1ef
0x4a0	0x4a0B0x457
0x4a2	0x4a0B0x18d
0x4a2	0x4a0B0x1ef
0x4a2	0x4a0B0x457
0x4a5	0x4a0B0x18d
0x4a5	0x4a0B0x1ef
0x4a5	0x4a0B0x457
0x4a7	0x4a0B0x18d
0x4a7	0x4a0B0x1ef
0x4a7	0x4a0B0x457
0x4a8	0x4a0B0x18d
0x4a8	0x4a0B0x1ef
0x4a8	0x4a0B0x457
0x4aa	0x4a0B0x18d
0x4aa	0x4a0B0x1ef
0x4aa	0x4a0B0x457
0x4ab	0x4a0B0x18d
0x4ab	0x4a0B0x1ef
0x4ab	0x4a0B0x457
0x4ac	0x4a0B0x18d
0x4ac	0x4a0B0x1ef
0x4ac	0x4a0B0x457
0x4ae	0x4a0B0x18d
0x4ae	0x4a0B0x1ef
0x4ae	0x4a0B0x457
0x4af	0x4a0B0x18d
0x4af	0x4a0B0x1ef
0x4af	0x4a0B0x457
0x4b2	0x4a0B0x18d
0x4b2	0x4a0B0x1ef
0x4b2	0x4a0B0x457
0x4b5	0x4a0B0x18d
0x4b5	0x4a0B0x1ef
0x4b5	0x4a0B0x457
0x4b6	0x4a0B0x18d
0x4b6	0x4a0B0x1ef
0x4b6	0x4a0B0x457
0x4b7	0x4a0B0x18d
0x4b7	0x4a0B0x1ef
0x4b7	0x4a0B0x457
0x4ba	0x4a0B0x18d
0x4ba	0x4a0B0x1ef
0x4ba	0x4a0B0x457
0x4bc	0x4a0B0x18d
0x4bc	0x4a0B0x1ef
0x4bc	0x4a0B0x457
0x4c1	0x4c0B0x18d
0x4c1	0x4c0B0x1ef
0x4c1	0x4c0B0x457
0x4cb	0x4c5B0x18d
0x4cb	0x4c5B0x1ef
0x4cb	0x4c5B0x457
0x4cf	0x4cfB0x18d
0x4cf	0x4cfB0x1ef
0x4cf	0x4cfB0x457
0x4d0	0x4cfB0x18d
0x4d0	0x4cfB0x1ef
0x4d0	0x4cfB0x457
0x743	0x742B0x753B0x764B0x7a2B0x116
0x743	0x742B0x753B0x764B0x7f0B0x252
0x744	0x742B0x753B0x764B0x7a2B0x116
0x744	0x742B0x753B0x764B0x7f0B0x252
0x748	0x742B0x753B0x764B0x7a2B0x116
0x748	0x742B0x753B0x764B0x7f0B0x252
0x7d8	0x7d7B0x1be
0x7d9	0x7d7B0x1be
0x7dc	0x7d7B0x1be
0x7df	0x7d7B0x1be
0x7e2	0x7d7B0x1be
0x7e4	0x7d7B0x1be
0x7e6	0x7d7B0x1be
0x820	0x81fB0x848B0x321
0x822	0x81fB0x848B0x321
0x825	0x81fB0x848B0x321
0x829	0x81fB0x848B0x321
0x8a0	0x89fB0x9a0B0x9ebB0x3fb
0x8a1	0x89fB0x9a0B0x9ebB0x3fb
0x91c	0x91bB0x9a0B0x9ebB0x3fb
0x91d	0x91bB0x9a0B0x9ebB0x3fb
0x927	0x91bB0x9a0B0x9ebB0x3fb
0x928	0x91bB0x9a0B0x9ebB0x3fb
0x929	0x91bB0x9a0B0x9ebB0x3fb
0x92d	0x92dB0x9a0B0x9ebB0x3fb
0x930	0x92dB0x9a0B0x9ebB0x3fb
0x936	0x935B0x9a0B0x9ebB0x3fb
0x93a	0x935B0x9a0B0x9ebB0x3fb
0x941	0x93eB0x9a0B0x9ebB0x3fb
0x944	0x93eB0x9a0B0x9ebB0x3fb
0x94c	0x94bB0x9a0B0x9ebB0x3fb
0x94d	0x94bB0x9a0B0x9ebB0x3fb
0x950	0x94bB0x9a0B0x9ebB0x3fb
0x954	0x94bB0x9a0B0x9ebB0x3fb
0x959	0x958B0x9a0B0x9ebB0x3fb
0x963	0x95dB0x9a0B0x9ebB0x3fb
0x966	0x95dB0x9a0B0x9ebB0x3fb
0x96a	0x95dB0x9a0B0x9ebB0x3fb
0x96b	0x95dB0x9a0B0x9ebB0x3fb
0x96c	0x95dB0x9a0B0x9ebB0x3fb
0x96d	0x95dB0x9a0B0x9ebB0x3fb
0x971	0x971B0x9a0B0x9ebB0x3fb
0x974	0x971B0x9a0B0x9ebB0x3fb
0x97a	0x979B0x9a0B0x9ebB0x3fb
0x980	0x979B0x9a0B0x9ebB0x3fb
0x16fb	0x16faB0x9a0B0x9ebB0x3fb
0x171c	0x16faB0x9a0B0x9ebB0x3fb
0x171e	0x16faB0x9a0B0x9ebB0x3fb
0x1720	0x16faB0x9a0B0x9ebB0x3fb
0x1723	0x16faB0x9a0B0x9ebB0x3fb
0x1725	0x16faB0x9a0B0x9ebB0x3fb
0x74b	0x742B0x753B0x764B0x7a2B0x116
0x74b	0x742B0x753B0x764B0x7f0B0x252
0x95c	0x958B0x9a0B0x9ebB0x3fb
0x485	0x45fB0x18d
0x485	0x45fB0x1ef
0x485	0x45fB0x457
0x93d	0x935B0x9a0B0x9ebB0x3fb
0x7e9	0x7d7B0x1be
0x82c	0x81fB0x848B0x321
0x983	0x979B0x9a0B0x9ebB0x3fb
0x4bf	0x4a0B0x18d
0x4bf	0x4a0B0x1ef
0x4bf	0x4a0B0x457
0x933	0x92dB0x9a0B0x9ebB0x3fb
0x94a	0x93eB0x9a0B0x9ebB0x3fb
0x957	0x94bB0x9a0B0x9ebB0x3fb
0x977	0x971B0x9a0B0x9ebB0x3fb
0x49f	0x486B0x18d
0x49f	0x486B0x1ef
0x49f	0x486B0x457
0x4ce	0x4c5B0x18d
0x4ce	0x4c5B0x1ef
0x4ce	0x4c5B0x457
0x92c	0x91bB0x9a0B0x9ebB0x3fb
0x970	0x95dB0x9a0B0x9ebB0x3fb
0x4d7	0x4d2B0x18d
0x4d7	0x4d2B0x1ef
0x4d7	0x4d2B0x457
0x752	0x74cB0x753B0x764B0x7a2B0x116
0x752	0x74cB0x753B0x764B0x7f0B0x252
0x7ef	0x7eaB0x1be
0x832	0x82dB0x848B0x321
0x98b	0x984B0x9a0B0x9ebB0x3fb
0x4d1	0x4cfB0x18d
0x4d1	0x4cfB0x1ef
0x4d1	0x4cfB0x457
0x8a2	0x89fB0x9a0B0x9ebB0x3fb
0x1726	0x16faB0x9a0B0x9ebB0x3fb
0x4b1	0x4a0B0x18d
0x4b1	0x4a0B0x1ef
0x4b1	0x4a0B0x457
0x4b4	0x4a0B0x18d
0x4b4	0x4a0B0x1ef
0x4b4	0x4a0B0x457
0x962	0x95dB0x9a0B0x9ebB0x3fb
0x171d	0x16faB0x9a0B0x9ebB0x3fb
0x1722	0x16faB0x9a0B0x9ebB0x3fb
0x4bb	0x4a0B0x18d
0x4bb	0x4a0B0x1ef
0x4bb	0x4a0B0x457
0x4d9	0x4d8B0x958B0x9a0B0x9ebB0x3fb
0x4da	0x4d8B0x958B0x9a0B0x9ebB0x3fb
0x4dc	0x4d8B0x958B0x9a0B0x9ebB0x3fb
0x54b	0x54aB0x42
0x54c	0x54aB0x42
0x54d	0x54aB0x42
0x551	0x54aB0x42
0x552	0x54aB0x42
0x553	0x54aB0x42
0x554	0x54aB0x42
0x558	0x558B0x42
0x55b	0x558B0x42
0x561	0x560B0x42
0x563	0x560B0x42
0x564	0x560B0x42
0x565	0x560B0x42
0x56f	0x560B0x42
0x570	0x560B0x42
0x571	0x560B0x42
0x575	0x575B0x42
0x578	0x575B0x42
0x57e	0x57dB0x42
0x584	0x57dB0x42
0x585	0x57dB0x42
0x5ce	0x5cdB0x5d
0x5cf	0x5cdB0x5d
0x5d3	0x5cdB0x5d
0x5d8	0x5d7B0x5d
0x5dd	0x5d7B0x5d
0x5e4	0x5e1B0x5d
0x5e9	0x5e1B0x5d
0x5ec	0x5e1B0x5d
0x5ed	0x5e1B0x5d
0x5f2	0x5f1B0x5d
0x5f6	0x5f1B0x5d
0x5fc	0x5faB0x5d
0x606	0x605B0x5d
0x607	0x605B0x5d
0x60a	0x605B0x5d
0x60f	0x605B0x5d
0x610	0x605B0x5d
0x612	0x605B0x5d
0x614	0x605B0x5d
0x619	0x605B0x5d
0x719	0x718B0x742B0x753B0x764B0x7a2B0x116
0x719	0x718B0x742B0x753B0x764B0x7f0B0x252
0x722	0x721B0x742B0x753B0x764B0x7a2B0x116
0x722	0x721B0x742B0x753B0x764B0x7f0B0x252
0x723	0x721B0x742B0x753B0x764B0x7a2B0x116
0x723	0x721B0x742B0x753B0x764B0x7f0B0x252
0x726	0x721B0x742B0x753B0x764B0x7a2B0x116
0x726	0x721B0x742B0x753B0x764B0x7f0B0x252
0x729	0x721B0x742B0x753B0x764B0x7a2B0x116
0x729	0x721B0x742B0x753B0x764B0x7f0B0x252
0x72d	0x721B0x742B0x753B0x764B0x7a2B0x116
0x72d	0x721B0x742B0x753B0x764B0x7f0B0x252
0x732	0x731B0x742B0x753B0x764B0x7a2B0x116
0x732	0x731B0x742B0x753B0x764B0x7f0B0x252
0x737	0x736B0x742B0x753B0x764B0x7a2B0x116
0x737	0x736B0x742B0x753B0x764B0x7f0B0x252
0x774	0x773B0x784B0x116
0x775	0x773B0x784B0x116
0x779	0x773B0x784B0x116
0x794	0x793B0x7d7B0x1be
0x794	0x793B0x7c2B0x116
0x798	0x793B0x7d7B0x1be
0x798	0x793B0x7c2B0x116
0x80a	0x809B0x81fB0x848B0x321
0x80e	0x809B0x81fB0x848B0x321
0x814	0x812B0x81fB0x848B0x321
0x815	0x812B0x81fB0x848B0x321
0x819	0x819B0x81fB0x848B0x321
0x81a	0x819B0x81fB0x848B0x321
0x862	0x861B0x396
0x863	0x861B0x396
0x866	0x861B0x396
0x868	0x861B0x396
0x86f	0x86cB0x396
0x873	0x86cB0x396
0x878	0x877B0x396
0x87a	0x877B0x396
0x882	0x881B0x396
0x883	0x881B0x396
0x886	0x881B0x396
0x88b	0x881B0x396
0x88c	0x881B0x396
0x88e	0x881B0x396
0x890	0x881B0x396
0x894	0x881B0x396
0x8d1	0x8d0B0x958B0x9a0B0x9ebB0x3fb
0x8d5	0x8d0B0x958B0x9a0B0x9ebB0x3fb
0x8db	0x8d9B0x958B0x9a0B0x9ebB0x3fb
0x8de	0x8d9B0x958B0x9a0B0x9ebB0x3fb
0x8df	0x8d9B0x958B0x9a0B0x9ebB0x3fb
0x8e9	0x8d9B0x958B0x9a0B0x9ebB0x3fb
0x8ea	0x8d9B0x958B0x9a0B0x9ebB0x3fb
0x8eb	0x8d9B0x958B0x9a0B0x9ebB0x3fb
0x8ec	0x8d9B0x958B0x9a0B0x9ebB0x3fb
0x8f0	0x8f0B0x958B0x9a0B0x9ebB0x3fb
0x8f3	0x8f0B0x958B0x9a0B0x9ebB0x3fb
0x8fa	0x8f8B0x958B0x9a0B0x9ebB0x3fb
0x902	0x901B0x958B0x9a0B0x9ebB0x3fb
0x903	0x901B0x958B0x9a0B0x9ebB0x3fb
0x906	0x901B0x958B0x9a0B0x9ebB0x3fb
0x90d	0x90aB0x958B0x9a0B0x9ebB0x3fb
0x912	0x90aB0x958B0x9a0B0x9ebB0x3fb
0xa34	0xa33B0x45fB0x18d
0xa34	0xa33B0x45fB0x1ef
0xa34	0xa33B0x45fB0x457
0xa3e	0xa3dB0x45fB0x18d
0xa3e	0xa3dB0x45fB0x1ef
0xa3e	0xa3dB0x45fB0x457
0xa3f	0xa3dB0x45fB0x18d
0xa3f	0xa3dB0x45fB0x1ef
0xa3f	0xa3dB0x45fB0x457
0xa43	0xa3dB0x45fB0x18d
0xa43	0xa3dB0x45fB0x1ef
0xa43	0xa3dB0x45fB0x457
0xa48	0xa47B0x45fB0x18d
0xa48	0xa47B0x45fB0x1ef
0xa48	0xa47B0x45fB0x457
0xa4d	0xa47B0x45fB0x18d
0xa4d	0xa47B0x45fB0x1ef
0xa4d	0xa47B0x45fB0x457
0xa54	0xa51B0x45fB0x18d
0xa54	0xa51B0x45fB0x1ef
0xa54	0xa51B0x45fB0x457
0xa59	0xa51B0x45fB0x18d
0xa59	0xa51B0x45fB0x1ef
0xa59	0xa51B0x45fB0x457
0xa5c	0xa51B0x45fB0x18d
0xa5c	0xa51B0x45fB0x1ef
0xa5c	0xa51B0x45fB0x457
0xa5d	0xa51B0x45fB0x18d
0xa5d	0xa51B0x45fB0x1ef
0xa5d	0xa51B0x45fB0x457
0xa64	0xa61B0x45fB0x18d
0xa64	0xa61B0x45fB0x1ef
0xa64	0xa61B0x45fB0x457
0xa6e	0xa6dB0x45fB0x18d
0xa6e	0xa6dB0x45fB0x1ef
0xa6e	0xa6dB0x45fB0x457
0xa6f	0xa6dB0x45fB0x18d
0xa6f	0xa6dB0x45fB0x1ef
0xa6f	0xa6dB0x45fB0x457
0xa74	0xa6dB0x45fB0x18d
0xa74	0xa6dB0x45fB0x1ef
0xa74	0xa6dB0x45fB0x457
0x15fa	0x15f9B0x42
0x15fb	0x15f9B0x42
0x161d	0x161cB0x42
0x161e	0x161cB0x42
0x16af	0x16aeB0x958B0x9a0B0x9ebB0x3fb
0x16d0	0x16aeB0x958B0x9a0B0x9ebB0x3fb
0x16d2	0x16aeB0x958B0x9a0B0x9ebB0x3fb
0x16d4	0x16aeB0x958B0x9a0B0x9ebB0x3fb
0x16d7	0x16aeB0x958B0x9a0B0x9ebB0x3fb
0x16d9	0x16aeB0x958B0x9a0B0x9ebB0x3fb
0x588	0x57dB0x42
0x5d6	0x5cdB0x5d
0xa46	0xa3dB0x45fB0x18d
0xa46	0xa3dB0x45fB0x1ef
0xa46	0xa3dB0x45fB0x457
0x5e0	0x5d7B0x5d
0x86b	0x861B0x396
0x5f9	0x5f1B0x5d
0x8d8	0x8d0B0x958B0x9a0B0x9ebB0x3fb
0x79b	0x793B0x7d7B0x1be
0x79b	0x793B0x7c2B0x116
0x811	0x809B0x81fB0x848B0x321
0x730	0x721B0x742B0x753B0x764B0x7a2B0x116
0x730	0x721B0x742B0x753B0x764B0x7f0B0x252
0x73a	0x736B0x742B0x753B0x764B0x7a2B0x116
0x73a	0x736B0x742B0x753B0x764B0x7f0B0x252
0x77c	0x773B0x784B0x116
0x5f0	0x5e1B0x5d
0x876	0x86cB0x396
0xa60	0xa51B0x45fB0x18d
0xa60	0xa51B0x45fB0x1ef
0xa60	0xa51B0x45fB0x457
0x4e0	0x4d8B0x958B0x9a0B0x9ebB0x3fb
0x55e	0x558B0x42
0x57b	0x575B0x42
0x604	0x5faB0x5d
0x61c	0x605B0x5d
0x720	0x718B0x742B0x753B0x764B0x7a2B0x116
0x720	0x718B0x742B0x753B0x764B0x7f0B0x252
0x735	0x731B0x742B0x753B0x764B0x7a2B0x116
0x735	0x731B0x742B0x753B0x764B0x7f0B0x252
0x880	0x877B0x396
0x897	0x881B0x396
0x8f6	0x8f0B0x958B0x9a0B0x9ebB0x3fb
0x900	0x8f8B0x958B0x9a0B0x9ebB0x3fb
0x909	0x901B0x958B0x9a0B0x9ebB0x3fb
0x915	0x90aB0x958B0x9a0B0x9ebB0x3fb
0xa3c	0xa33B0x45fB0x18d
0xa3c	0xa33B0x45fB0x1ef
0xa3c	0xa33B0x45fB0x457
0xa50	0xa47B0x45fB0x18d
0xa50	0xa47B0x45fB0x1ef
0xa50	0xa47B0x45fB0x457
0xa6c	0xa61B0x45fB0x18d
0xa6c	0xa61B0x45fB0x1ef
0xa6c	0xa61B0x45fB0x457
0xa77	0xa6dB0x45fB0x18d
0xa77	0xa6dB0x45fB0x1ef
0xa77	0xa6dB0x45fB0x457
0x557	0x54aB0x42
0x574	0x560B0x42
0x818	0x812B0x81fB0x848B0x321
0x8ef	0x8d9B0x958B0x9a0B0x9ebB0x3fb
0x594	0x589B0x42
0x624	0x61dB0x5d
0x741	0x73bB0x742B0x753B0x764B0x7a2B0x116
0x741	0x73bB0x742B0x753B0x764B0x7f0B0x252
0x783	0x77dB0x784B0x116
0x7a1	0x79cB0x7d7B0x1be
0x7a1	0x79cB0x7c2B0x116
0x81e	0x81cB0x81fB0x848B0x321
0x89e	0x898B0x396
0x91a	0x916B0x958B0x9a0B0x9ebB0x3fb
0xa82	0xa78B0x45fB0x18d
0xa82	0xa78B0x45fB0x1ef
0xa82	0xa78B0x45fB0x457
0x81b	0x819B0x81fB0x848B0x321
0x15fc	0x15f9B0x42
0x161f	0x161cB0x42
0x16da	0x16aeB0x958B0x9a0B0x9ebB0x3fb
0x613	0x605B0x5d
0x79e	0x79cB0x7d7B0x1be
0x79e	0x79cB0x7c2B0x116
0x88f	0x881B0x396
0x8fc	0x8f8B0x958B0x9a0B0x9ebB0x3fb
0x16d1	0x16aeB0x958B0x9a0B0x9ebB0x3fb
0x16d6	0x16aeB0x958B0x9a0B0x9ebB0x3fb
0x4ee	0x4edB0x57dB0x42
0x4ef	0x4edB0x57dB0x42
0x4f2	0x4f1B0x57dB0x42
0x4f3	0x4f1B0x57dB0x42
0x4f6	0x4f5B0x57dB0x42
0x4f7	0x4f5B0x57dB0x42
0x4f9	0x4f5B0x57dB0x42
0x4fc	0x4f5B0x57dB0x42
0x4fd	0x4f5B0x57dB0x42
0x4fe	0x4f5B0x57dB0x42
0x502	0x502B0x57dB0x42
0x505	0x502B0x57dB0x42
0x50c	0x50aB0x57dB0x42
0x50f	0x50aB0x57dB0x42
0x519	0x50aB0x57dB0x42
0x51a	0x50aB0x57dB0x42
0x51b	0x50aB0x57dB0x42
0x51f	0x51fB0x57dB0x42
0x522	0x51fB0x57dB0x42
0x528	0x527B0x57dB0x42
0x52b	0x527B0x57dB0x42
0x52f	0x527B0x57dB0x42
0x532	0x527B0x57dB0x42
0x534	0x527B0x57dB0x42
0x535	0x527B0x57dB0x42
0x536	0x527B0x57dB0x42
0x537	0x527B0x57dB0x42
0x53b	0x53bB0x57dB0x42
0x53e	0x53bB0x57dB0x42
0x596	0x595B0x5cdB0x5d
0x596	0x595B0xa3dB0x45fB0x18d
0x596	0x595B0xa3dB0x45fB0x1ef
0x596	0x595B0xa3dB0x45fB0x457
0x598	0x595B0x5cdB0x5d
0x598	0x595B0xa3dB0x45fB0x18d
0x598	0x595B0xa3dB0x45fB0x1ef
0x598	0x595B0xa3dB0x45fB0x457
0x5a0	0x59fB0x5d7B0x5d
0x5a0	0x59fB0x861B0x396
0x5a4	0x59fB0x5d7B0x5d
0x5a4	0x59fB0x861B0x396
0x5a7	0x59fB0x5d7B0x5d
0x5a7	0x59fB0x861B0x396
0x5b4	0x5afB0x5e1B0x5d
0x5b4	0x5afB0xa51B0x45fB0x18d
0x5b4	0x5afB0xa51B0x45fB0x1ef
0x5b4	0x5afB0xa51B0x45fB0x457
0x5b4	0x5afB0x979B0x9a0B0x9ebB0x3fb
0x5b7	0x5afB0x5e1B0x5d
0x5b7	0x5afB0xa51B0x45fB0x18d
0x5b7	0x5afB0xa51B0x45fB0x1ef
0x5b7	0x5afB0xa51B0x45fB0x457
0x5b7	0x5afB0x979B0x9a0B0x9ebB0x3fb
0x5be	0x5bdB0x5f1B0x5d
0x5be	0x5bdB0x935B0x9a0B0x9ebB0x3fb
0x5be	0x5bdB0x8d0B0x958B0x9a0B0x9ebB0x3fb
0x5bf	0x5bdB0x5f1B0x5d
0x5bf	0x5bdB0x935B0x9a0B0x9ebB0x3fb
0x5bf	0x5bdB0x8d0B0x958B0x9a0B0x9ebB0x3fb
0x5c1	0x5bdB0x5f1B0x5d
0x5c1	0x5bdB0x935B0x9a0B0x9ebB0x3fb
0x5c1	0x5bdB0x8d0B0x958B0x9a0B0x9ebB0x3fb
0x5c2	0x5bdB0x5f1B0x5d
0x5c2	0x5bdB0x935B0x9a0B0x9ebB0x3fb
0x5c2	0x5bdB0x8d0B0x958B0x9a0B0x9ebB0x3fb
0x5c5	0x5bdB0x5f1B0x5d
0x5c5	0x5bdB0x935B0x9a0B0x9ebB0x3fb
0x5c5	0x5bdB0x8d0B0x958B0x9a0B0x9ebB0x3fb
0x5c6	0x5bdB0x5f1B0x5d
0x5c6	0x5bdB0x935B0x9a0B0x9ebB0x3fb
0x5c6	0x5bdB0x8d0B0x958B0x9a0B0x9ebB0x3fb
0x626	0x625B0x65b
0x626	0x625B0x6c9
0x626	0x625B0x665
0x626	0x625B0x670
0x626	0x625B0x6d3
0x626	0x625B0x793B0x7d7B0x1be
0x626	0x625B0x809B0x81fB0x848B0x321
0x626	0x625B0x793B0x7c2B0x116
0x626	0x625B0xa00B0x423
0x626	0x625B0xa0aB0x423
0x6fa	0x6f9B0x773B0x784B0x116
0x6fa	0x6f9B0x736B0x742B0x753B0x764B0x7a2B0x116
0x6fa	0x6f9B0x721B0x742B0x753B0x764B0x7a2B0x116
0x6fa	0x6f9B0x736B0x742B0x753B0x764B0x7f0B0x252
0x6fa	0x6f9B0x721B0x742B0x753B0x764B0x7f0B0x252
0x6fb	0x6f9B0x773B0x784B0x116
0x6fb	0x6f9B0x736B0x742B0x753B0x764B0x7a2B0x116
0x6fb	0x6f9B0x721B0x742B0x753B0x764B0x7a2B0x116
0x6fb	0x6f9B0x736B0x742B0x753B0x764B0x7f0B0x252
0x6fb	0x6f9B0x721B0x742B0x753B0x764B0x7f0B0x252
0x711	0x6f9B0x773B0x784B0x116
0x711	0x6f9B0x736B0x742B0x753B0x764B0x7a2B0x116
0x711	0x6f9B0x721B0x742B0x753B0x764B0x7a2B0x116
0x711	0x6f9B0x736B0x742B0x753B0x764B0x7f0B0x252
0x711	0x6f9B0x721B0x742B0x753B0x764B0x7f0B0x252
0x15d7	0x15d6B0x57dB0x42
0x15d8	0x15d6B0x57dB0x42
0x508	0x502B0x57dB0x42
0x525	0x51fB0x57dB0x42
0x541	0x53bB0x57dB0x42
0x501	0x4f5B0x57dB0x42
0x51e	0x50aB0x57dB0x42
0x53a	0x527B0x57dB0x42
0x549	0x543B0x57dB0x42
0x59e	0x595B0x5cdB0x5d
0x59e	0x595B0xa3dB0x45fB0x18d
0x59e	0x595B0xa3dB0x45fB0x1ef
0x59e	0x595B0xa3dB0x45fB0x457
0x5ae	0x59fB0x5d7B0x5d
0x5ae	0x59fB0x861B0x396
0x5bc	0x5afB0x5e1B0x5d
0x5bc	0x5afB0xa51B0x45fB0x18d
0x5bc	0x5afB0xa51B0x45fB0x1ef
0x5bc	0x5afB0xa51B0x45fB0x457
0x5bc	0x5afB0x979B0x9a0B0x9ebB0x3fb
0x5cc	0x5bdB0x5f1B0x5d
0x5cc	0x5bdB0x935B0x9a0B0x9ebB0x3fb
0x5cc	0x5bdB0x8d0B0x958B0x9a0B0x9ebB0x3fb
0x62d	0x625B0x65b
0x62d	0x625B0x6c9
0x62d	0x625B0x665
0x62d	0x625B0x670
0x62d	0x625B0x6d3
0x62d	0x625B0x793B0x7d7B0x1be
0x62d	0x625B0x809B0x81fB0x848B0x321
0x62d	0x625B0x793B0x7c2B0x116
0x62d	0x625B0xa00B0x423
0x62d	0x625B0xa0aB0x423
0x717	0x6f9B0x773B0x784B0x116
0x717	0x6f9B0x736B0x742B0x753B0x764B0x7a2B0x116
0x717	0x6f9B0x721B0x742B0x753B0x764B0x7a2B0x116
0x717	0x6f9B0x736B0x742B0x753B0x764B0x7f0B0x252
0x717	0x6f9B0x721B0x742B0x753B0x764B0x7f0B0x252
0x860	0x85eB0x86cB0x396
0x4f0	0x4edB0x57dB0x42
0x4f4	0x4f1B0x57dB0x42
0x15d9	0x15d6B0x57dB0x42
0x5a3	0x59fB0x5d7B0x5d
0x5a3	0x59fB0x861B0x396
0x5b8	0x5afB0x5e1B0x5d
0x5b8	0x5afB0xa51B0x45fB0x18d
0x5b8	0x5afB0xa51B0x45fB0x1ef
0x5b8	0x5afB0xa51B0x45fB0x457
0x5b8	0x5afB0x979B0x9a0B0x9ebB0x3fb
0x5b3	0x5afB0x5e1B0x5d
0x5b3	0x5afB0xa51B0x45fB0x18d
0x5b3	0x5afB0xa51B0x45fB0x1ef
0x5b3	0x5afB0xa51B0x45fB0x457
0x5b3	0x5afB0x979B0x9a0B0x9ebB0x3fb
0x19	0xd
0x27	0x1d
0x39	0x37
0x43	0x42
0x49	0x42
0x4c	0x42
0x4e	0x42
0x52	0x42
0x53	0x42
0x65	0x5d
0x6e	0x6a
0x6f	0x6a
0x71	0x6a
0x75	0x73
0x106	0xd1
0x107	0xd1
0x110	0x10c
0x111	0x10c
0x117	0x116
0x118	0x116
0x146	0x116
0x14a	0x116
0x154	0x116
0x15c	0x116
0x15d	0x116
0x15e	0x116
0x15f	0x116
0x169	0x164
0x16a	0x164
0x16c	0x164
0x16e	0x164
0x16f	0x164
0x172	0x164
0x17c	0x17b
0x180	0x17b
0x18e	0x18d
0x18f	0x18d
0x190	0x18d
0x191	0x18d
0x1ad	0x18d
0x1b4	0x18d
0x1b6	0x18d
0x1b8	0x18d
0x1b9	0x18d
0x1df	0x1be
0x1e9	0x1be
0x1ea	0x1be
0x1f5	0x1ef
0x1f6	0x1ef
0x1f9	0x1ef
0x1fb	0x1ef
0x221	0x1ef
0x223	0x1ef
0x242	0x1ef
0x243	0x1ef
0x244	0x1ef
0x247	0x1ef
0x249	0x1ef
0x24a	0x1ef
0x24b	0x1ef
0x24c	0x1ef
0x282	0x252
0x28c	0x252
0x294	0x252
0x295	0x252
0x29f	0x29a
0x2a0	0x29a
0x2a2	0x29a
0x2a4	0x29a
0x2a5	0x29a
0x2a8	0x29a
0x2b2	0x2b1
0x2b6	0x2b1
0x2c4	0x2c3
0x2c5	0x2c3
0x2c6	0x2c3
0x2c7	0x2c3
0x2f3	0x2c3
0x2f7	0x2c3
0x301	0x2c3
0x30b	0x2c3
0x30c	0x2c3
0x30e	0x2c3
0x30f	0x2c3
0x310	0x2c3
0x314	0x2c3
0x322	0x321
0x323	0x321
0x324	0x321
0x325	0x321
0x326	0x321
0x330	0x321
0x333	0x321
0x335	0x321
0x339	0x321
0x33a	0x321
0x33c	0x321
0x340	0x321
0x341	0x321
0x347	0x346
0x34b	0x346
0x352	0x346
0x354	0x346
0x356	0x346
0x357	0x346
0x358	0x346
0x359	0x346
0x35a	0x346
0x35b	0x346
0x35c	0x346
0x35d	0x346
0x399	0x396
0x39a	0x396
0x3c9	0x396
0x3d3	0x396
0x3db	0x396
0x3e5	0x3e0
0x3e6	0x3e0
0x3e8	0x3e0
0x3ea	0x3e0
0x3ee	0x3e0
0x3fc	0x3fb
0x3fd	0x3fb
0x3fe	0x3fb
0x405	0x3fb
0x40d	0x3fb
0x410	0x3fb
0x412	0x3fb
0x416	0x3fb
0x417	0x3fb
0x419	0x3fb
0x41d	0x3fb
0x41e	0x3fb
0x424	0x423
0x440	0x423
0x447	0x423
0x449	0x423
0x44b	0x423
0x44c	0x423
0x451	0x423
0x452	0x423
0x45d	0x45c
0x461	0x45fB0x18d
0x461	0x45fB0x1ef
0x461	0x45fB0x457
0x478	0x45fB0x18d
0x478	0x45fB0x1ef
0x478	0x45fB0x457
0x479	0x45fB0x18d
0x479	0x45fB0x1ef
0x479	0x45fB0x457
0x480	0x45fB0x18d
0x480	0x45fB0x1ef
0x480	0x45fB0x457
0x481	0x45fB0x18d
0x481	0x45fB0x1ef
0x481	0x45fB0x457
0x48b	0x486B0x18d
0x48b	0x486B0x1ef
0x48b	0x486B0x457
0x48c	0x486B0x18d
0x48c	0x486B0x1ef
0x48c	0x486B0x457
0x48e	0x486B0x18d
0x48e	0x486B0x1ef
0x48e	0x486B0x457
0x48f	0x486B0x18d
0x48f	0x486B0x1ef
0x48f	0x486B0x457
0x490	0x486B0x18d
0x490	0x486B0x1ef
0x490	0x486B0x457
0x493	0x486B0x18d
0x493	0x486B0x1ef
0x493	0x486B0x457
0x494	0x486B0x18d
0x494	0x486B0x1ef
0x494	0x486B0x457
0x495	0x486B0x18d
0x495	0x486B0x1ef
0x495	0x486B0x457
0x496	0x486B0x18d
0x496	0x486B0x1ef
0x496	0x486B0x457
0x498	0x486B0x18d
0x498	0x486B0x1ef
0x498	0x486B0x457
0x49a	0x486B0x18d
0x49a	0x486B0x1ef
0x49a	0x486B0x457
0x4a3	0x4a0B0x18d
0x4a3	0x4a0B0x1ef
0x4a3	0x4a0B0x457
0x4a4	0x4a0B0x18d
0x4a4	0x4a0B0x1ef
0x4a4	0x4a0B0x457
0x4ad	0x4a0B0x18d
0x4ad	0x4a0B0x1ef
0x4ad	0x4a0B0x457
0x4b3	0x4a0B0x18d
0x4b3	0x4a0B0x1ef
0x4b3	0x4a0B0x457
0x4b9	0x4a0B0x18d
0x4b9	0x4a0B0x1ef
0x4b9	0x4a0B0x457
0x4c3	0x4c0B0x18d
0x4c3	0x4c0B0x1ef
0x4c3	0x4c0B0x457
0x4c4	0x4c0B0x18d
0x4c4	0x4c0B0x1ef
0x4c4	0x4c0B0x457
0x4c6	0x4c5B0x18d
0x4c6	0x4c5B0x1ef
0x4c6	0x4c5B0x457
0x4c7	0x4c5B0x18d
0x4c7	0x4c5B0x1ef
0x4c7	0x4c5B0x457
0x4c8	0x4c5B0x18d
0x4c8	0x4c5B0x1ef
0x4c8	0x4c5B0x457
0x4c9	0x4c5B0x18d
0x4c9	0x4c5B0x1ef
0x4c9	0x4c5B0x457
0x4ca	0x4c5B0x18d
0x4ca	0x4c5B0x1ef
0x4ca	0x4c5B0x457
0x4d3	0x4d2B0x18d
0x4d3	0x4d2B0x1ef
0x4d3	0x4d2B0x457
0x4d4	0x4d2B0x18d
0x4d4	0x4d2B0x1ef
0x4d4	0x4d2B0x457
0x4d5	0x4d2B0x18d
0x4d5	0x4d2B0x1ef
0x4d5	0x4d2B0x457
0x4d6	0x4d2B0x18d
0x4d6	0x4d2B0x1ef
0x4d6	0x4d2B0x457
0x4dd	0x4d8B0x958B0x9a0B0x9ebB0x3fb
0x4de	0x4d8B0x958B0x9a0B0x9ebB0x3fb
0x4df	0x4d8B0x958B0x9a0B0x9ebB0x3fb
0x4f8	0x4f5B0x57dB0x42
0x4fb	0x4f5B0x57dB0x42
0x50b	0x50aB0x57dB0x42
0x50d	0x50aB0x57dB0x42
0x50e	0x50aB0x57dB0x42
0x518	0x50aB0x57dB0x42
0x52a	0x527B0x57dB0x42
0x52c	0x527B0x57dB0x42
0x52d	0x527B0x57dB0x42
0x52e	0x527B0x57dB0x42
0x531	0x527B0x57dB0x42
0x533	0x527B0x57dB0x42
0x544	0x543B0x57dB0x42
0x545	0x543B0x57dB0x42
0x546	0x543B0x57dB0x42
0x547	0x543B0x57dB0x42
0x548	0x543B0x57dB0x42
0x54f	0x54aB0x42
0x550	0x54aB0x42
0x562	0x560B0x42
0x56e	0x560B0x42
0x581	0x57dB0x42
0x582	0x57dB0x42
0x583	0x57dB0x42
0x58a	0x589B0x42
0x58b	0x589B0x42
0x58c	0x589B0x42
0x58d	0x589B0x42
0x58e	0x589B0x42
0x58f	0x589B0x42
0x590	0x589B0x42
0x591	0x589B0x42
0x592	0x589B0x42
0x593	0x589B0x42
0x597	0x595B0x5cdB0x5d
0x597	0x595B0xa3dB0x45fB0x18d
0x597	0x595B0xa3dB0x45fB0x1ef
0x597	0x595B0xa3dB0x45fB0x457
0x599	0x595B0x5cdB0x5d
0x599	0x595B0xa3dB0x45fB0x18d
0x599	0x595B0xa3dB0x45fB0x1ef
0x599	0x595B0xa3dB0x45fB0x457
0x59a	0x595B0x5cdB0x5d
0x59a	0x595B0xa3dB0x45fB0x18d
0x59a	0x595B0xa3dB0x45fB0x1ef
0x59a	0x595B0xa3dB0x45fB0x457
0x59b	0x595B0x5cdB0x5d
0x59b	0x595B0xa3dB0x45fB0x18d
0x59b	0x595B0xa3dB0x45fB0x1ef
0x59b	0x595B0xa3dB0x45fB0x457
0x59c	0x595B0x5cdB0x5d
0x59c	0x595B0xa3dB0x45fB0x18d
0x59c	0x595B0xa3dB0x45fB0x1ef
0x59c	0x595B0xa3dB0x45fB0x457
0x59d	0x595B0x5cdB0x5d
0x59d	0x595B0xa3dB0x45fB0x18d
0x59d	0x595B0xa3dB0x45fB0x1ef
0x59d	0x595B0xa3dB0x45fB0x457
0x5a1	0x59fB0x5d7B0x5d
0x5a1	0x59fB0x861B0x396
0x5a2	0x59fB0x5d7B0x5d
0x5a2	0x59fB0x861B0x396
0x5a6	0x59fB0x5d7B0x5d
0x5a6	0x59fB0x861B0x396
0x5a8	0x59fB0x5d7B0x5d
0x5a8	0x59fB0x861B0x396
0x5a9	0x59fB0x5d7B0x5d
0x5a9	0x59fB0x861B0x396
0x5aa	0x59fB0x5d7B0x5d
0x5aa	0x59fB0x861B0x396
0x5ab	0x59fB0x5d7B0x5d
0x5ab	0x59fB0x861B0x396
0x5ac	0x59fB0x5d7B0x5d
0x5ac	0x59fB0x861B0x396
0x5ad	0x59fB0x5d7B0x5d
0x5ad	0x59fB0x861B0x396
0x5b0	0x5afB0x5e1B0x5d
0x5b0	0x5afB0xa51B0x45fB0x18d
0x5b0	0x5afB0xa51B0x45fB0x1ef
0x5b0	0x5afB0xa51B0x45fB0x457
0x5b0	0x5afB0x979B0x9a0B0x9ebB0x3fb
0x5b1	0x5afB0x5e1B0x5d
0x5b1	0x5afB0xa51B0x45fB0x18d
0x5b1	0x5afB0xa51B0x45fB0x1ef
0x5b1	0x5afB0xa51B0x45fB0x457
0x5b1	0x5afB0x979B0x9a0B0x9ebB0x3fb
0x5b2	0x5afB0x5e1B0x5d
0x5b2	0x5afB0xa51B0x45fB0x18d
0x5b2	0x5afB0xa51B0x45fB0x1ef
0x5b2	0x5afB0xa51B0x45fB0x457
0x5b2	0x5afB0x979B0x9a0B0x9ebB0x3fb
0x5b5	0x5afB0x5e1B0x5d
0x5b5	0x5afB0xa51B0x45fB0x18d
0x5b5	0x5afB0xa51B0x45fB0x1ef
0x5b5	0x5afB0xa51B0x45fB0x457
0x5b5	0x5afB0x979B0x9a0B0x9ebB0x3fb
0x5b6	0x5afB0x5e1B0x5d
0x5b6	0x5afB0xa51B0x45fB0x18d
0x5b6	0x5afB0xa51B0x45fB0x1ef
0x5b6	0x5afB0xa51B0x45fB0x457
0x5b6	0x5afB0x979B0x9a0B0x9ebB0x3fb
0x5b9	0x5afB0x5e1B0x5d
0x5b9	0x5afB0xa51B0x45fB0x18d
0x5b9	0x5afB0xa51B0x45fB0x1ef
0x5b9	0x5afB0xa51B0x45fB0x457
0x5b9	0x5afB0x979B0x9a0B0x9ebB0x3fb
0x5ba	0x5afB0x5e1B0x5d
0x5ba	0x5afB0xa51B0x45fB0x18d
0x5ba	0x5afB0xa51B0x45fB0x1ef
0x5ba	0x5afB0xa51B0x45fB0x457
0x5ba	0x5afB0x979B0x9a0B0x9ebB0x3fb
0x5bb	0x5afB0x5e1B0x5d
0x5bb	0x5afB0xa51B0x45fB0x18d
0x5bb	0x5afB0xa51B0x45fB0x1ef
0x5bb	0x5afB0xa51B0x45fB0x457
0x5bb	0x5afB0x979B0x9a0B0x9ebB0x3fb
0x5c4	0x5bdB0x5f1B0x5d
0x5c4	0x5bdB0x935B0x9a0B0x9ebB0x3fb
0x5c4	0x5bdB0x8d0B0x958B0x9a0B0x9ebB0x3fb
0x5c7	0x5bdB0x5f1B0x5d
0x5c7	0x5bdB0x935B0x9a0B0x9ebB0x3fb
0x5c7	0x5bdB0x8d0B0x958B0x9a0B0x9ebB0x3fb
0x5c8	0x5bdB0x5f1B0x5d
0x5c8	0x5bdB0x935B0x9a0B0x9ebB0x3fb
0x5c8	0x5bdB0x8d0B0x958B0x9a0B0x9ebB0x3fb
0x5c9	0x5bdB0x5f1B0x5d
0x5c9	0x5bdB0x935B0x9a0B0x9ebB0x3fb
0x5c9	0x5bdB0x8d0B0x958B0x9a0B0x9ebB0x3fb
0x5ca	0x5bdB0x5f1B0x5d
0x5ca	0x5bdB0x935B0x9a0B0x9ebB0x3fb
0x5ca	0x5bdB0x8d0B0x958B0x9a0B0x9ebB0x3fb
0x5cb	0x5bdB0x5f1B0x5d
0x5cb	0x5bdB0x935B0x9a0B0x9ebB0x3fb
0x5cb	0x5bdB0x8d0B0x958B0x9a0B0x9ebB0x3fb
0x5d2	0x5cdB0x5d
0x5db	0x5d7B0x5d
0x5dc	0x5d7B0x5d
0x5e2	0x5e1B0x5d
0x5e3	0x5e1B0x5d
0x5e7	0x5e1B0x5d
0x5e8	0x5e1B0x5d
0x5eb	0x5e1B0x5d
0x5f5	0x5f1B0x5d
0x5fb	0x5faB0x5d
0x5fd	0x5faB0x5d
0x5fe	0x5faB0x5d
0x5ff	0x5faB0x5d
0x600	0x5faB0x5d
0x601	0x5faB0x5d
0x602	0x5faB0x5d
0x603	0x5faB0x5d
0x609	0x605B0x5d
0x60b	0x605B0x5d
0x60c	0x605B0x5d
0x60d	0x605B0x5d
0x60e	0x605B0x5d
0x611	0x605B0x5d
0x617	0x605B0x5d
0x618	0x605B0x5d
0x61e	0x61dB0x5d
0x61f	0x61dB0x5d
0x620	0x61dB0x5d
0x621	0x61dB0x5d
0x622	0x61dB0x5d
0x623	0x61dB0x5d
0x627	0x625B0x65b
0x627	0x625B0x6c9
0x627	0x625B0x665
0x627	0x625B0x670
0x627	0x625B0x6d3
0x627	0x625B0x793B0x7d7B0x1be
0x627	0x625B0x809B0x81fB0x848B0x321
0x627	0x625B0x793B0x7c2B0x116
0x627	0x625B0xa00B0x423
0x627	0x625B0xa0aB0x423
0x628	0x625B0x65b
0x628	0x625B0x6c9
0x628	0x625B0x665
0x628	0x625B0x670
0x628	0x625B0x6d3
0x628	0x625B0x793B0x7d7B0x1be
0x628	0x625B0x809B0x81fB0x848B0x321
0x628	0x625B0x793B0x7c2B0x116
0x628	0x625B0xa00B0x423
0x628	0x625B0xa0aB0x423
0x629	0x625B0x65b
0x629	0x625B0x6c9
0x629	0x625B0x665
0x629	0x625B0x670
0x629	0x625B0x6d3
0x629	0x625B0x793B0x7d7B0x1be
0x629	0x625B0x809B0x81fB0x848B0x321
0x629	0x625B0x793B0x7c2B0x116
0x629	0x625B0xa00B0x423
0x629	0x625B0xa0aB0x423
0x62a	0x625B0x65b
0x62a	0x625B0x6c9
0x62a	0x625B0x665
0x62a	0x625B0x670
0x62a	0x625B0x6d3
0x62a	0x625B0x793B0x7d7B0x1be
0x62a	0x625B0x809B0x81fB0x848B0x321
0x62a	0x625B0x793B0x7c2B0x116
0x62a	0x625B0xa00B0x423
0x62a	0x625B0xa0aB0x423
0x62b	0x625B0x65b
0x62b	0x625B0x6c9
0x62b	0x625B0x665
0x62b	0x625B0x670
0x62b	0x625B0x6d3
0x62b	0x625B0x793B0x7d7B0x1be
0x62b	0x625B0x809B0x81fB0x848B0x321
0x62b	0x625B0x793B0x7c2B0x116
0x62b	0x625B0xa00B0x423
0x62b	0x625B0xa0aB0x423
0x62c	0x625B0x65b
0x62c	0x625B0x6c9
0x62c	0x625B0x665
0x62c	0x625B0x670
0x62c	0x625B0x6d3
0x62c	0x625B0x793B0x7d7B0x1be
0x62c	0x625B0x809B0x81fB0x848B0x321
0x62c	0x625B0x793B0x7c2B0x116
0x62c	0x625B0xa00B0x423
0x62c	0x625B0xa0aB0x423
0x660	0x65b
0x666	0x665
0x667	0x665
0x66b	0x665
0x671	0x670
0x672	0x670
0x673	0x670
0x674	0x670
0x679	0x670
0x67f	0x67e
0x680	0x67e
0x681	0x67e
0x682	0x67e
0x684	0x67e
0x686	0x67e
0x696	0x695
0x697	0x695
0x698	0x695
0x699	0x695
0x69a	0x695
0x6ce	0x6c9
0x6d4	0x6d3
0x6d5	0x6d3
0x6d9	0x6d3
0x6df	0x6de
0x6e0	0x6de
0x6e1	0x6de
0x6ef	0x6ee
0x6f0	0x6ee
0x6f2	0x6ee
0x6f3	0x6ee
0x6f4	0x6ee
0x6f5	0x6ee
0x6f6	0x6ee
0x6f7	0x6ee
0x710	0x6f9B0x773B0x784B0x116
0x710	0x6f9B0x736B0x742B0x753B0x764B0x7a2B0x116
0x710	0x6f9B0x721B0x742B0x753B0x764B0x7a2B0x116
0x710	0x6f9B0x736B0x742B0x753B0x764B0x7f0B0x252
0x710	0x6f9B0x721B0x742B0x753B0x764B0x7f0B0x252
0x712	0x6f9B0x773B0x784B0x116
0x712	0x6f9B0x736B0x742B0x753B0x764B0x7a2B0x116
0x712	0x6f9B0x721B0x742B0x753B0x764B0x7a2B0x116
0x712	0x6f9B0x736B0x742B0x753B0x764B0x7f0B0x252
0x712	0x6f9B0x721B0x742B0x753B0x764B0x7f0B0x252
0x713	0x6f9B0x773B0x784B0x116
0x713	0x6f9B0x736B0x742B0x753B0x764B0x7a2B0x116
0x713	0x6f9B0x721B0x742B0x753B0x764B0x7a2B0x116
0x713	0x6f9B0x736B0x742B0x753B0x764B0x7f0B0x252
0x713	0x6f9B0x721B0x742B0x753B0x764B0x7f0B0x252
0x714	0x6f9B0x773B0x784B0x116
0x714	0x6f9B0x736B0x742B0x753B0x764B0x7a2B0x116
0x714	0x6f9B0x721B0x742B0x753B0x764B0x7a2B0x116
0x714	0x6f9B0x736B0x742B0x753B0x764B0x7f0B0x252
0x714	0x6f9B0x721B0x742B0x753B0x764B0x7f0B0x252
0x715	0x6f9B0x773B0x784B0x116
0x715	0x6f9B0x736B0x742B0x753B0x764B0x7a2B0x116
0x715	0x6f9B0x721B0x742B0x753B0x764B0x7a2B0x116
0x715	0x6f9B0x736B0x742B0x753B0x764B0x7f0B0x252
0x715	0x6f9B0x721B0x742B0x753B0x764B0x7f0B0x252
0x716	0x6f9B0x773B0x784B0x116
0x716	0x6f9B0x736B0x742B0x753B0x764B0x7a2B0x116
0x716	0x6f9B0x721B0x742B0x753B0x764B0x7a2B0x116
0x716	0x6f9B0x736B0x742B0x753B0x764B0x7f0B0x252
0x716	0x6f9B0x721B0x742B0x753B0x764B0x7f0B0x252
0x71a	0x718B0x742B0x753B0x764B0x7a2B0x116
0x71a	0x718B0x742B0x753B0x764B0x7f0B0x252
0x71b	0x718B0x742B0x753B0x764B0x7a2B0x116
0x71b	0x718B0x742B0x753B0x764B0x7f0B0x252
0x71c	0x718B0x742B0x753B0x764B0x7a2B0x116
0x71c	0x718B0x742B0x753B0x764B0x7f0B0x252
0x71d	0x718B0x742B0x753B0x764B0x7a2B0x116
0x71d	0x718B0x742B0x753B0x764B0x7f0B0x252
0x71e	0x718B0x742B0x753B0x764B0x7a2B0x116
0x71e	0x718B0x742B0x753B0x764B0x7f0B0x252
0x71f	0x718B0x742B0x753B0x764B0x7a2B0x116
0x71f	0x718B0x742B0x753B0x764B0x7f0B0x252
0x72c	0x721B0x742B0x753B0x764B0x7a2B0x116
0x72c	0x721B0x742B0x753B0x764B0x7f0B0x252
0x73c	0x73bB0x742B0x753B0x764B0x7a2B0x116
0x73c	0x73bB0x742B0x753B0x764B0x7f0B0x252
0x73d	0x73bB0x742B0x753B0x764B0x7a2B0x116
0x73d	0x73bB0x742B0x753B0x764B0x7f0B0x252
0x73e	0x73bB0x742B0x753B0x764B0x7a2B0x116
0x73e	0x73bB0x742B0x753B0x764B0x7f0B0x252
0x73f	0x73bB0x742B0x753B0x764B0x7a2B0x116
0x73f	0x73bB0x742B0x753B0x764B0x7f0B0x252
0x740	0x73bB0x742B0x753B0x764B0x7a2B0x116
0x740	0x73bB0x742B0x753B0x764B0x7f0B0x252
0x747	0x742B0x753B0x764B0x7a2B0x116
0x747	0x742B0x753B0x764B0x7f0B0x252
0x74d	0x74cB0x753B0x764B0x7a2B0x116
0x74d	0x74cB0x753B0x764B0x7f0B0x252
0x74e	0x74cB0x753B0x764B0x7a2B0x116
0x74e	0x74cB0x753B0x764B0x7f0B0x252
0x74f	0x74cB0x753B0x764B0x7a2B0x116
0x74f	0x74cB0x753B0x764B0x7f0B0x252
0x750	0x74cB0x753B0x764B0x7a2B0x116
0x750	0x74cB0x753B0x764B0x7f0B0x252
0x751	0x74cB0x753B0x764B0x7a2B0x116
0x751	0x74cB0x753B0x764B0x7f0B0x252
0x758	0x753B0x764B0x7a2B0x116
0x758	0x753B0x764B0x7f0B0x252
0x75e	0x75dB0x764B0x7a2B0x116
0x75e	0x75dB0x764B0x7f0B0x252
0x75f	0x75dB0x764B0x7a2B0x116
0x75f	0x75dB0x764B0x7f0B0x252
0x760	0x75dB0x764B0x7a2B0x116
0x760	0x75dB0x764B0x7f0B0x252
0x761	0x75dB0x764B0x7a2B0x116
0x761	0x75dB0x764B0x7f0B0x252
0x762	0x75dB0x764B0x7a2B0x116
0x762	0x75dB0x764B0x7f0B0x252
0x768	0x764B0x7a2B0x116
0x768	0x764B0x7f0B0x252
0x76e	0x76dB0x7a2B0x116
0x76e	0x76dB0x7f0B0x252
0x770	0x76dB0x7a2B0x116
0x770	0x76dB0x7f0B0x252
0x771	0x76dB0x7a2B0x116
0x771	0x76dB0x7f0B0x252
0x778	0x773B0x784B0x116
0x77e	0x77dB0x784B0x116
0x77f	0x77dB0x784B0x116
0x780	0x77dB0x784B0x116
0x781	0x77dB0x784B0x116
0x782	0x77dB0x784B0x116
0x788	0x784B0x116
0x78e	0x78dB0x116
0x790	0x78dB0x116
0x791	0x78dB0x116
0x797	0x793B0x7d7B0x1be
0x797	0x793B0x7c2B0x116
0x79d	0x79cB0x7d7B0x1be
0x79d	0x79cB0x7c2B0x116
0x79f	0x79cB0x7d7B0x1be
0x79f	0x79cB0x7c2B0x116
0x7a0	0x79cB0x7d7B0x1be
0x7a0	0x79cB0x7c2B0x116
0x7a6	0x7a2B0x116
0x7a8	0x7a2B0x116
0x7a9	0x7a2B0x116
0x7ae	0x7a2B0x116
0x7b0	0x7a2B0x116
0x7bb	0x7b5B0x116
0x7bd	0x7b5B0x116
0x7c8	0x7c2B0x116
0x7ca	0x7c2B0x116
0x7d0	0x7cfB0x116
0x7d1	0x7cfB0x116
0x7d2	0x7cfB0x116
0x7d3	0x7cfB0x116
0x7d4	0x7cfB0x116
0x7d5	0x7cfB0x116
0x7db	0x7d7B0x1be
0x7dd	0x7d7B0x1be
0x7de	0x7d7B0x1be
0x7e3	0x7d7B0x1be
0x7e5	0x7d7B0x1be
0x7eb	0x7eaB0x1be
0x7ec	0x7eaB0x1be
0x7ed	0x7eaB0x1be
0x7ee	0x7eaB0x1be
0x7f4	0x7f0B0x252
0x7f6	0x7f0B0x252
0x7f7	0x7f0B0x252
0x7fc	0x7f0B0x252
0x7fe	0x7f0B0x252
0x804	0x803B0x252
0x805	0x803B0x252
0x806	0x803B0x252
0x807	0x803B0x252
0x80d	0x809B0x81fB0x848B0x321
0x813	0x812B0x81fB0x848B0x321
0x81d	0x81cB0x81fB0x848B0x321
0x821	0x81fB0x848B0x321
0x823	0x81fB0x848B0x321
0x824	0x81fB0x848B0x321
0x828	0x81fB0x848B0x321
0x82e	0x82dB0x848B0x321
0x82f	0x82dB0x848B0x321
0x830	0x82dB0x848B0x321
0x831	0x82dB0x848B0x321
0x837	0x833B0x321
0x838	0x833B0x321
0x84d	0x848B0x321
0x84e	0x848B0x321
0x84f	0x848B0x321
0x856	0x855B0x321
0x857	0x855B0x321
0x858	0x855B0x321
0x859	0x855B0x321
0x85a	0x855B0x321
0x85b	0x855B0x321
0x85c	0x855B0x321
0x85f	0x85eB0x86cB0x396
0x867	0x861B0x396
0x86d	0x86cB0x396
0x86e	0x86cB0x396
0x872	0x86cB0x396
0x879	0x877B0x396
0x87b	0x877B0x396
0x87c	0x877B0x396
0x87d	0x877B0x396
0x87e	0x877B0x396
0x87f	0x877B0x396
0x885	0x881B0x396
0x887	0x881B0x396
0x888	0x881B0x396
0x889	0x881B0x396
0x88a	0x881B0x396
0x88d	0x881B0x396
0x893	0x881B0x396
0x899	0x898B0x396
0x89a	0x898B0x396
0x89b	0x898B0x396
0x89c	0x898B0x396
0x89d	0x898B0x396
0x8d4	0x8d0B0x958B0x9a0B0x9ebB0x3fb
0x8da	0x8d9B0x958B0x9a0B0x9ebB0x3fb
0x8dc	0x8d9B0x958B0x9a0B0x9ebB0x3fb
0x8dd	0x8d9B0x958B0x9a0B0x9ebB0x3fb
0x8e8	0x8d9B0x958B0x9a0B0x9ebB0x3fb
0x8f9	0x8f8B0x958B0x9a0B0x9ebB0x3fb
0x8fd	0x8f8B0x958B0x9a0B0x9ebB0x3fb
0x8fe	0x8f8B0x958B0x9a0B0x9ebB0x3fb
0x8ff	0x8f8B0x958B0x9a0B0x9ebB0x3fb
0x90b	0x90aB0x958B0x9a0B0x9ebB0x3fb
0x90c	0x90aB0x958B0x9a0B0x9ebB0x3fb
0x910	0x90aB0x958B0x9a0B0x9ebB0x3fb
0x911	0x90aB0x958B0x9a0B0x9ebB0x3fb
0x917	0x916B0x958B0x9a0B0x9ebB0x3fb
0x918	0x916B0x958B0x9a0B0x9ebB0x3fb
0x919	0x916B0x958B0x9a0B0x9ebB0x3fb
0x926	0x91bB0x9a0B0x9ebB0x3fb
0x939	0x935B0x9a0B0x9ebB0x3fb
0x93f	0x93eB0x9a0B0x9ebB0x3fb
0x940	0x93eB0x9a0B0x9ebB0x3fb
0x943	0x93eB0x9a0B0x9ebB0x3fb
0x945	0x93eB0x9a0B0x9ebB0x3fb
0x946	0x93eB0x9a0B0x9ebB0x3fb
0x947	0x93eB0x9a0B0x9ebB0x3fb
0x948	0x93eB0x9a0B0x9ebB0x3fb
0x949	0x93eB0x9a0B0x9ebB0x3fb
0x953	0x94bB0x9a0B0x9ebB0x3fb
0x95e	0x95dB0x9a0B0x9ebB0x3fb
0x95f	0x95dB0x9a0B0x9ebB0x3fb
0x960	0x95dB0x9a0B0x9ebB0x3fb
0x961	0x95dB0x9a0B0x9ebB0x3fb
0x965	0x95dB0x9a0B0x9ebB0x3fb
0x967	0x95dB0x9a0B0x9ebB0x3fb
0x968	0x95dB0x9a0B0x9ebB0x3fb
0x969	0x95dB0x9a0B0x9ebB0x3fb
0x97d	0x979B0x9a0B0x9ebB0x3fb
0x97e	0x979B0x9a0B0x9ebB0x3fb
0x97f	0x979B0x9a0B0x9ebB0x3fb
0x985	0x984B0x9a0B0x9ebB0x3fb
0x986	0x984B0x9a0B0x9ebB0x3fb
0x987	0x984B0x9a0B0x9ebB0x3fb
0x988	0x984B0x9a0B0x9ebB0x3fb
0x989	0x984B0x9a0B0x9ebB0x3fb
0x98a	0x984B0x9a0B0x9ebB0x3fb
0x98e	0x98cB0x9ebB0x3fb
0x991	0x98cB0x9ebB0x3fb
0x9a1	0x9a0B0x9ebB0x3fb
0x9a6	0x9a0B0x9ebB0x3fb
0x9a7	0x9a0B0x9ebB0x3fb
0x9aa	0x9a0B0x9ebB0x3fb
0x9b1	0x9b0B0x9ebB0x3fb
0x9b2	0x9b0B0x9ebB0x3fb
0x9b3	0x9b0B0x9ebB0x3fb
0x9b4	0x9b0B0x9ebB0x3fb
0x9b5	0x9b0B0x9ebB0x3fb
0x9b6	0x9b0B0x9ebB0x3fb
0x9b7	0x9b0B0x9ebB0x3fb
0x9bd	0x9b9B0x3fb
0x9be	0x9b9B0x3fb
0x9d0	0x9ceB0x3fb
0x9dc	0x9ceB0x3fb
0x9ef	0x9ebB0x3fb
0x9f0	0x9ebB0x3fb
0x9f1	0x9ebB0x3fb
0x9f8	0x9f7B0x3fb
0x9f9	0x9f7B0x3fb
0x9fa	0x9f7B0x3fb
0x9fb	0x9f7B0x3fb
0x9fc	0x9f7B0x3fb
0x9fd	0x9f7B0x3fb
0x9fe	0x9f7B0x3fb
0xa05	0xa00B0x423
0xa0b	0xa0aB0x423
0xa0c	0xa0aB0x423
0xa10	0xa0aB0x423
0xa16	0xa15B0x423
0xa17	0xa15B0x423
0xa18	0xa15B0x423
0xa19	0xa15B0x423
0xa1b	0xa15B0x423
0xa1c	0xa15B0x423
0xa1d	0xa15B0x423
0xa1e	0xa15B0x423
0xa2e	0xa2dB0x423
0xa2f	0xa2dB0x423
0xa30	0xa2dB0x423
0xa31	0xa2dB0x423
0xa35	0xa33B0x45fB0x18d
0xa35	0xa33B0x45fB0x1ef
0xa35	0xa33B0x45fB0x457
0xa36	0xa33B0x45fB0x18d
0xa36	0xa33B0x45fB0x1ef
0xa36	0xa33B0x45fB0x457
0xa37	0xa33B0x45fB0x18d
0xa37	0xa33B0x45fB0x1ef
0xa37	0xa33B0x45fB0x457
0xa38	0xa33B0x45fB0x18d
0xa38	0xa33B0x45fB0x1ef
0xa38	0xa33B0x45fB0x457
0xa39	0xa33B0x45fB0x18d
0xa39	0xa33B0x45fB0x1ef
0xa39	0xa33B0x45fB0x457
0xa3a	0xa33B0x45fB0x18d
0xa3a	0xa33B0x45fB0x1ef
0xa3a	0xa33B0x45fB0x457
0xa3b	0xa33B0x45fB0x18d
0xa3b	0xa33B0x45fB0x1ef
0xa3b	0xa33B0x45fB0x457
0xa42	0xa3dB0x45fB0x18d
0xa42	0xa3dB0x45fB0x1ef
0xa42	0xa3dB0x45fB0x457
0xa4b	0xa47B0x45fB0x18d
0xa4b	0xa47B0x45fB0x1ef
0xa4b	0xa47B0x45fB0x457
0xa4c	0xa47B0x45fB0x18d
0xa4c	0xa47B0x45fB0x1ef
0xa4c	0xa47B0x45fB0x457
0xa52	0xa51B0x45fB0x18d
0xa52	0xa51B0x45fB0x1ef
0xa52	0xa51B0x45fB0x457
0xa53	0xa51B0x45fB0x18d
0xa53	0xa51B0x45fB0x1ef
0xa53	0xa51B0x45fB0x457
0xa57	0xa51B0x45fB0x18d
0xa57	0xa51B0x45fB0x1ef
0xa57	0xa51B0x45fB0x457
0xa58	0xa51B0x45fB0x18d
0xa58	0xa51B0x45fB0x1ef
0xa58	0xa51B0x45fB0x457
0xa5b	0xa51B0x45fB0x18d
0xa5b	0xa51B0x45fB0x1ef
0xa5b	0xa51B0x45fB0x457
0xa62	0xa61B0x45fB0x18d
0xa62	0xa61B0x45fB0x1ef
0xa62	0xa61B0x45fB0x457
0xa63	0xa61B0x45fB0x18d
0xa63	0xa61B0x45fB0x1ef
0xa63	0xa61B0x45fB0x457
0xa65	0xa61B0x45fB0x18d
0xa65	0xa61B0x45fB0x1ef
0xa65	0xa61B0x45fB0x457
0xa66	0xa61B0x45fB0x18d
0xa66	0xa61B0x45fB0x1ef
0xa66	0xa61B0x45fB0x457
0xa67	0xa61B0x45fB0x18d
0xa67	0xa61B0x45fB0x1ef
0xa67	0xa61B0x45fB0x457
0xa68	0xa61B0x45fB0x18d
0xa68	0xa61B0x45fB0x1ef
0xa68	0xa61B0x45fB0x457
0xa69	0xa61B0x45fB0x18d
0xa69	0xa61B0x45fB0x1ef
0xa69	0xa61B0x45fB0x457
0xa6a	0xa61B0x45fB0x18d
0xa6a	0xa61B0x45fB0x1ef
0xa6a	0xa61B0x45fB0x457
0xa6b	0xa61B0x45fB0x18d
0xa6b	0xa61B0x45fB0x1ef
0xa6b	0xa61B0x45fB0x457
0xa72	0xa6dB0x45fB0x18d
0xa72	0xa6dB0x45fB0x1ef
0xa72	0xa6dB0x45fB0x457
0xa73	0xa6dB0x45fB0x18d
0xa73	0xa6dB0x45fB0x1ef
0xa73	0xa6dB0x45fB0x457
0xa79	0xa78B0x45fB0x18d
0xa79	0xa78B0x45fB0x1ef
0xa79	0xa78B0x45fB0x457
0xa7a	0xa78B0x45fB0x18d
0xa7a	0xa78B0x45fB0x1ef
0xa7a	0xa78B0x45fB0x457
0xa7b	0xa78B0x45fB0x18d
0xa7b	0xa78B0x45fB0x1ef
0xa7b	0xa78B0x45fB0x457
0xa7c	0xa78B0x45fB0x18d
0xa7c	0xa78B0x45fB0x1ef
0xa7c	0xa78B0x45fB0x457
0xa7d	0xa78B0x45fB0x18d
0xa7d	0xa78B0x45fB0x1ef
0xa7d	0xa78B0x45fB0x457
0xa7e	0xa78B0x45fB0x18d
0xa7e	0xa78B0x45fB0x1ef
0xa7e	0xa78B0x45fB0x457
0xa7f	0xa78B0x45fB0x18d
0xa7f	0xa78B0x45fB0x1ef
0xa7f	0xa78B0x45fB0x457
0xa80	0xa78B0x45fB0x18d
0xa80	0xa78B0x45fB0x1ef
0xa80	0xa78B0x45fB0x457
0xa81	0xa78B0x45fB0x18d
0xa81	0xa78B0x45fB0x1ef
0xa81	0xa78B0x45fB0x457
