0x12aS0x47	['RETURNDATA', '0x11aS0x47', ['0x123V0x47', '0x122V0x47']]	0
0x1eaS0x47	['RETURNDATA', '0x1daS0x47', ['0x1e3V0x47', '0x1e2V0x47']]	0
0x3eaS0x47	['RETURNDATA', '0x3daS0x47', ['0x3e3V0x47', '0x3e2V0x47']]	0
0x462S0x47	['RETURNDATA', '0x452S0x47', ['0x45bV0x47', '0x45aV0x47']]	0
0x5c5S0x47	['RETURNDATA', '0x5b5S0x47', ['0x5beV0x47', '0x5bdV0x47']]	0
0x5100x6eS0x47	['RETURNDATA', '0x5000x6eS0x47', ['0x6e0x509V0x47', '0x6e0x508V0x47']]	0
0x2f50x6eS0x47	['RETURNDATA', '0x2e50x6eS0x47', ['0x6e0x2eeV0x47', '0x6e0x2edV0x47']]	0
0x6a9S0x69	['RETURNDATA', '0x699S0x69', ['0x6a2V0x69', '0x6a1V0x69']]	0
0x753S0x69	['RETURNDATA', '0x743S0x69', ['0x74cV0x69', '0x74bV0x69']]	0
0x8adS0x69	['RETURNDATA', '0x89dS0x69', ['0x8a6V0x69', '0x8a5V0x69']]	0
0x940S0x69	['RETURNDATA', '0x930S0x69', ['0x939V0x69', '0x938V0x69']]	0
0x9ecS0x69	['RETURNDATA', '0x9dcS0x69', ['0x9e5V0x69', '0x9e4V0x69']]	0
0xa81S0x69	['RETURNDATA', '0xa71S0x69', ['0xa7aV0x69', '0xa79V0x69']]	0
0xad7S0x69	['RETURNDATA', '0xac7S0x69', ['0xad0V0x69', '0xacfV0x69']]	0
0xbbbS0x69	['RETURNDATA', '0xbabS0x69', ['0xbb4V0x69', '0xbb3V0x69']]	0
0xc38S0x69	['RETURNDATA', '0xc28S0x69', ['0xc31V0x69', '0xc30V0x69']]	0
0xcdcS0x69	['RETURNDATA', '0xcccS0x69', ['0xcd5V0x69', '0xcd4V0x69']]	0
0xdf7S0x69	['RETURNDATA', '0xde7S0x69', ['0xdf0V0x69', '0xdefV0x69']]	0
0xe73S0x69	['RETURNDATA', '0xe63S0x69', ['0xe6cV0x69', '0xe6bV0x69']]	0
0x5100x5f2S0x69	['RETURNDATA', '0x5000x5f2S0x69', ['0x5f20x509V0x69', '0x5f20x508V0x69']]	0
0x2f50x5f2S0x69	['RETURNDATA', '0x2e50x5f2S0x69', ['0x5f20x2eeV0x69', '0x5f20x2edV0x69']]	0
