anon_id,reviewers
Cbbf51224836b,R1;R2;R3
Cf3ab363e93ca,R1;R2;R3
Cb8db5b6576c4,R1;R2;R3
Cea8d919e1acc,R1;R2;R3
Cc127bc7030be,R1;R2;R3
Cfb6ffbb24c66,R1;R2;R3
Caf11b2f8dc40,R1;R2;R3
C0af18093e6a7,R1;R2;R3
C5b6d7429a56a,R1;R2;R3
C2d79194f1184,R1;R2;R3
Ce6535dbde8bd,R1;R2;R3
Cd75f09b6b60c,R1;R2;R3
Ca16894d6400d,R1;R2;R3
C54f1d9662405,R1;R2;R3
Cb4dd21dece65,R1;R2;R3
C5f8e73842dd8,R1;R2;R3
C9cd26263ba1b,R1;R2;R3
Ca57ade059229,R1;R2;R3
Ca467cd1589d9,R1;R2;R3
Cfd7481b4fe05,R1;R2;R3
C97459382c4de,R1;R2;R3
C3c2ce80338c0,R1;R2;R3
Cde3d9f29dda8,R1;R2;R3
Cb62cff1f4bd3,R1;R2;R3
C077b4af5236d,R1;R2;R3
C7d41b7f77723,R1;R2;R3
Cf5aacc5e4d5b,R1;R2;R3
Cbec5c3fa96b6,R1;R2;R3
Ccab59affa5fc,R1;R2;R3
C2b5e724e7f94,R1;R2;R3
C194972fe9d37,R1;R2;R3
C94039532632c,R1;R2;R3
C28a7b10ba0c1,R1;R2;R3
C8d99c7bd7812,R1;R2;R3
Cc7c56e277eef,R1;R2;R3
Cb60d7e983a24,R1;R2;R3
Cfac5037c383d,R1;R2;R3
C6db96da7cf68,R1;R2;R3
Cdfc28d0a7fc1,R1;R2;R3
C84116de553f6,R1;R2;R3
Ca26c84ec142e,R1;R2;R3
C617e7d6de7de,R1;R2;R3
Cbc6ef31efc39,R1;R2;R3
Cc6ed5b27fd51,R1;R2;R3
C1668c173d5a5,R1;R2;R3
Caa7c68526997,R1;R2;R3
Ce4fc7900e217,R1;R2;R3
C40e17968360c,R1;R2;R3
Ca31f9b4943c5,R1;R2;R3
C6031dac78881,R1;R2;R3
C8db6a35ff294,R1;R2;R3
Cd775ad1dc557,R1;R2;R3
Ca066e195d137,R1;R2;R3
C9d761a495985,R1;R2;R3
C11e1f6f71dc5,R1;R2;R3
C2af347c633b9,R1;R2;R3
Ce338924b6c41,R1;R2;R3
C064d69696fb4,R1;R2;R3
C473251127b0a,R1;R2;R3
C9691f2018533,R1;R2;R3
C73ce57af3c89,R1;R2;R3
C036eb15a2a36,R1;R2;R3
C24ae9d3ca534,R1;R2;R3
C70b4567785f5,R1;R2;R3
C6718c0054f61,R1;R2;R3
C28d6abb7ac01,R1;R2;R3
Caef1be154106,R1;R2;R3
C4fbd7fd247af,R1;R2;R3
Cf496da5169ee,R1;R2;R3
Cbe587bea5f73,R1;R2;R3
Cde54d21bd25f,R1;R2;R3
Cdc428d78e116,R1;R2;R3
Cd6013551a3d1,R1;R2;R3
C798e64dfd919,R1;R2;R3
C18ed2a8515eb,R1;R2;R3
C09918134a60f,R1;R2;R3
C6b092d43e38e,R1;R2;R3
C4a01f5c8c14a,R1;R2;R3
Cff0968141917,R1;R2;R3
C87f8418b2b9e,R1;R2;R3
C0cdf3e0b400b,R1;R2;R3
C832f5eaaf151,R1;R2;R3
Cdcc5d24e734f,R1;R2;R3
C1a16c27151fd,R1;R2;R3
C78f785e9c94a,R1;R2;R3
C5c3e9e2db607,R1;R2;R3
Cb6147957d2f2,R1;R2;R3
Cf1e66689db78,R1;R2;R3
Cf21d1e68e357,R1;R2;R3
C57b7c55d1c3b,R1;R2;R3
C0306c74a6f3d,R1;R2;R3
Cbfdc595a0819,R1;R2;R3
Cbb0333469bbe,R1;R2;R3
C76908e340c57,R1;R2;R3
Cd48d284f9a29,R1;R2;R3
C117b7e077663,R1;R2;R3
C1651c59363b8,R1;R2;R3
Cd92efafcde13,R1;R2;R3
C20e38b5c30e3,R1;R2;R3
C15eecc5adfe1,R1;R2;R3
C06adf21f9d34,R1;R2;R3
C8519d81a4d94,R1;R2;R3
Ce919287b704b,R1;R2;R3
Ccc2129f8d5f9,R1;R2;R3
C70250822ed91,R1;R2;R3
C8d2c28287600,R1;R2;R3
Cc2c3328527e9,R1;R2;R3
C96b43e349938,R1;R2;R3
C6b1b7aa610bc,R1;R2;R3
C8611964f0978,R1;R2;R3
C5ca854437267,R1;R2;R3
Cfcae6e01198c,R1;R2;R3
C6547cbad2bbc,R1;R2;R3
Cabb007e84b5b,R1;R2;R3
Ce91ec89ee649,R1;R2;R3
C30b9ab499240,R1;R2;R3
Cc0af18cda3ff,R1;R2;R3
C4f09a6d06be9,R1;R2;R3
C9ec2d092b861,R1;R2;R3
C34b58c63acb8,R1;R2;R3
Ce7162ab5ea21,R1;R2;R3
Cfe40ac03e307,R1;R2;R3
Ce42f5438b0ac,R1;R2;R3
Cf279359c59e0,R1;R2;R3
Cea841fe09648,R1;R2;R3
Cc89350fae6ef,R1;R2;R3
C464679742197,R1;R2;R3
Cfedea7b2e239,R1;R2;R3
Cd962e1df898e,R1;R2;R3
Cdc59df03b782,R1;R2;R3
Cb0e0a3450861,R1;R2;R3
Cb2f09850dbc8,R1;R2;R3
C62bb6b79cf19,R1;R2;R3
C63090adb6843,R1;R2;R3
C7f676e5fbed9,R1;R2;R3
C13b8068fde78,R1;R2;R3
C4e0d8952f0c4,R1;R2;R3
C407e555a2fd5,R1;R2;R3
Ccb96ba002648,R1;R2;R3
Ce88eceede70a,R1;R2;R3
Ce1b0098d3300,R1;R2;R3
C5c4d886d5bf4,R1;R2;R3
C863a82810de5,R1;R2;R3
C6f2191e05231,R1;R2;R3
C45cdfb3ca067,R1;R2;R3
Cfa3162c350e0,R1;R2;R3
Cb564e8b35415,R1;R2;R3
Ce005518e67b3,R1;R2;R3
C654a1425b595,R1;R2;R3
C91b9e2f1739e,R1;R2;R3
C2b074b5509fa,R1;R2;R3
C8f0a99858f43,R1;R2;R3
Cf1e2d9f90eec,R1;R2;R3
C8046a5516c39,R1;R2;R3
C53a5109e5665,R1;R2;R3
C522c80662df7,R1;R2;R3
Cff694e7b9019,R1;R2;R3
C037cf5856bd9,R1;R2;R3
C88d88bad19b0,R1;R2;R3
Cf151a63eb594,R1;R2;R3
C0b340c58f8b1,R1;R2;R3
C72407f3a2637,R1;R2;R3
Cca48e4268947,R1;R2;R3
Cb41a189adddb,R1;R2;R3
Cc05555f22c5a,R1;R2;R3
Ca96e28d774c7,R1;R2;R3
C5afa55224873,R1;R2;R3
Cc8ef3a5475cd,R1;R2;R3
C534a056b2e47,R1;R2;R3
Cd22b5f67df4f,R1;R2;R3
