0x0	0x0	0
0xf	0xf	0
0x8	0x8	0
0x2	0x2	0
0x5	0x5	0
0x7	0x7	0
0x9	0x9	0
0xd	0xd	0
0xe	0xe	0
0x11	0x11	0
0x13	0x13	0
0x18	0x18	0
0x1e	0x1e	0
0x23	0x23	0
0x29	0x29	0
0x2e	0x2e	0
0x34	0x34	0
0x39	0x39	0
0x3e	0x3e	0
0x43	0x43	0
0x44	0x44	0
0x48	0x48	0
0x4b	0x4b	0
0x52	0x52	0
0x67	0x67	0
0x68	0x68	0
0x69	0x69	0
0x6d	0x6d	0
0x6e	0x6e	0
0x6f	0x6f	0
0x70	0x70	0
0x71	0x71	0
0x75	0x75	0
0x76	0x76	0
0x77	0x77	0
0x78	0x78	0
0x79	0x79	0
0x7a	0x7a	0
0x8f	0x8f	0
0x90	0x90	0
0x92	0x92	0
0x96	0x96	0
0x97	0x97	0
0x9a	0x9a	0
0x9b	0x9b	0
0x9e	0x9e	0
0x9f	0x9f	0
0xa2	0xa2	0
0xa4	0xa4	0
0xa5	0xa5	0
0xa6	0xa6	0
0xa7	0xa7	0
0xab	0xab	0
0xac	0xac	0
0xaf	0xaf	0
0xb4	0xb4	0
0xb5	0xb5	0
0xb6	0xb6	0
0xb8	0xb8	0
0xb9	0xb9	0
0xbe	0xbe	0
0xbf	0xbf	0
0xc2	0xc2	0
0xc4	0xc4	0
0xc5	0xc5	0
0xe7	0xe7	0
0xe8	0xe8	0
0xeb	0xeb	0
0xec	0xec	0
0xee	0xee	0
0xf0	0xf0	0
0xf3	0xf3	0
0xf4	0xf4	0
0xf8	0xf8	0
0xfb	0xfb	0
0xfc	0xfc	0
0x100	0x100	0
0x103	0x103	0
0x104	0x104	0
0x108	0x108	0
0x10b	0x10b	0
0x10c	0x10c	0
0x110	0x110	0
0x111	0x111	0
0x114	0x114	0
0x116	0x116	0
0x117	0x117	0
0x118	0x118	0
0x119	0x119	0
0x11d	0x11d	0
0x11e	0x11e	0
0x121	0x121	0
0x123	0x123	0
0x124	0x124	0
0x139	0x139	0
0x15b	0x15b	0
0x15c	0x15c	0
0x15d	0x15d	0
0x164	0x164	0
0x165	0x165	0
0x168	0x168	0
0x16a	0x16a	0
0x16d	0x16d	0
0x171	0x171	0
0x172	0x172	0
0x174	0x174	0
0x178	0x178	0
0x179	0x179	0
0x17d	0x17d	0
0x17f	0x17f	0
0x183	0x183	0
0x184	0x184	0
0x187	0x187	0
0x18e	0x18e	0
0x1a3	0x1a3	0
0x1a6	0x1a6	0
0x1a9	0x1a9	0
0x1ac	0x1ac	0
0x1ae	0x1ae	0
0x1af	0x1af	0
0x1b0	0x1b0	0
0x1b3	0x1b3	0
0x1b5	0x1b5	0
0x1b6	0x1b6	0
0x1ba	0x1ba	0
0x1be	0x1be	0
0x1bf	0x1bf	0
0x1c6	0x1c6	0
0x1cb	0x1cb	0
0x1cd	0x1cd	0
0x1ce	0x1ce	0
0x1cf	0x1cf	0
0x1d0	0x1d0	0
0x1d4	0x1d4	0
0x1d5	0x1d5	0
0x1d8	0x1d8	0
0x1da	0x1da	0
0x1db	0x1db	0
0x1f0	0x1f0	0
0x212	0x212	0
0x213	0x213	0
0x214	0x214	0
0x216	0x216	0
0x217	0x217	0
0x218	0x218	0
0x21b	0x21b	0
0x23e	0x23e	0
0x25f	0x25f	0
0x262	0x262	0
0x264	0x264	0
0x285	0x285	0
0x288	0x288	0
0x28a	0x28a	0
0x2ab	0x2ab	0
0x2ae	0x2ae	0
0x2b0	0x2b0	0
0x2b3	0x2b3	0
0x2b4	0x2b4	0
0x2b8	0x2b8	0
0x2b9	0x2b9	0
0x2ba	0x2ba	0
0x2c0	0x2c0	0
0x2c1	0x2c1	0
0x2c2	0x2c2	0
0x2c4	0x2c4	0
0x2c7	0x2c7	0
0x2c8	0x2c8	0
0x2c9	0x2c9	0
0x2cc	0x2cc	0
0x2ce	0x2ce	0
0x2cf	0x2cf	0
0x2d2	0x2d2	0
0x2d5	0x2d5	0
0x2da	0x2da	0
0x2dd	0x2dd	0
0x2e0	0x2e0	0
0x2e6	0x2e6	0
0x2e7	0x2e7	0
0x2ea	0x2ea	0
0x2ec	0x2ec	0
0x2ed	0x2ed	0
0x2ef	0x2ef	0
0x2f3	0x2f3	0
0x2f4	0x2f4	0
0x2fe	0x2fe	0
0x303	0x303	0
0x305	0x305	0
0x306	0x306	0
0x307	0x307	0
0x308	0x308	0
0x30c	0x30c	0
0x30d	0x30d	0
0x310	0x310	0
0x312	0x312	0
0x313	0x313	0
0x318	0x318	0
0x33a	0x33a	0
0x33b	0x33b	0
0x33c	0x33c	0
0x33f	0x33f	0
0x340	0x340	0
0x341	0x341	0
0x345	0x345	0
0x346	0x346	0
0x349	0x349	0
0x34b	0x34b	0
0x34f	0x34f	0
0x350	0x350	0
0x351	0x351	0
0x355	0x355	0
0x357	0x357	0
0x358	0x358	0
0x359	0x359	0
0x35d	0x35d	0
0x35e	0x35e	0
0x361	0x361	0
0x364	0x364	0
0x365	0x365	0
0x387	0x387	0
0x38a	0x38a	0
0x38b	0x38b	0
0x38f	0x38f	0
0x392	0x392	0
0x393	0x393	0
0x397	0x397	0
0x39a	0x39a	0
0x39b	0x39b	0
0x39f	0x39f	0
0x3a4	0x3a4	0
0x3c7	0x3c7	0
0x3cc	0x3cc	0
0x3ef	0x3ef	0
0x3f4	0x3f4	0
0x41a	0x41a	0
0x41b	0x41b	0
0x432	0x432	0
0x433	0x433	0
0x434	0x434	0
0x437	0x437	0
0x43b	0x43b	0
0x43c	0x43c	0
0x443	0x443	0
0x444	0x444	0
0x445	0x445	0
0x448	0x448	0
0x44b	0x44b	0
0x450	0x450	0
0x451	0x451	0
0x452	0x452	0
0x456	0x456	0
0x457	0x457	0
0x45a	0x45a	0
0x45e	0x45e	0
0x45f	0x45f	0
0x463	0x463	0
0x464	0x464	0
0x465	0x465	0
0x46b	0x46b	0
0x46c	0x46c	0
0x46d	0x46d	0
0x46f	0x46f	0
0x472	0x472	0
0x474	0x474	0
0x475	0x475	0
0x476	0x476	0
0x498	0x498	0
0x49b	0x49b	0
0x49c	0x49c	0
0x4a0	0x4a0	0
0x4a3	0x4a3	0
0x4a4	0x4a4	0
0x4a8	0x4a8	0
0x4ab	0x4ab	0
0x4ac	0x4ac	0
0x4b0	0x4b0	0
0x4b5	0x4b5	0
0x4d8	0x4d8	0
0x4dd	0x4dd	0
0x500	0x500	0
0x505	0x505	0
0x52c	0x52c	0
0x52f	0x52f	0
0x534	0x534	0
0x537	0x537	0
0x53a	0x53a	0
0x542	0x542	0
0x545	0x545	0
0x546	0x546	0
0x549	0x549	0
0x54b	0x54b	0
0x54c	0x54c	0
0x54e	0x54e	0
0x552	0x552	0
0x553	0x553	0
0x55e	0x55e	0
0x561	0x561	0
0x564	0x564	0
0x56d	0x56d	0
0x572	0x572	0
0x574	0x574	0
0x578	0x578	0
0x579	0x579	0
0x57c	0x57c	0
0x57d	0x57d	0
0x57e	0x57e	0
0x57f	0x57f	0
0x581	0x581	0
0x596	0x596	0
0x597	0x597	0
0x599	0x599	0
0x59d	0x59d	0
0x59e	0x59e	0
0x5a4	0x5a4	0
0x5a5	0x5a5	0
0x5a8	0x5a8	0
0x5aa	0x5aa	0
0x5ab	0x5ab	0
0x5af	0x5af	0
0x5b0	0x5b0	0
0x5b4	0x5b4	0
0x5b7	0x5b7	0
0x5ba	0x5ba	0
0x5bb	0x5bb	0
0x5bd	0x5bd	0
0x5bf	0x5bf	0
0x5c4	0x5c4	0
0x5c9	0x5c9	0
0x5ce	0x5ce	0
0x5d0	0x5d0	0
0x5d1	0x5d1	0
0x5d6	0x5d6	0
0x5db	0x5db	0
0x5dd	0x5dd	0
0x5e0	0x5e0	0
0x5e4	0x5e4	0
0x5e6	0x5e6	0
0x5e7	0x5e7	0
0x5eb	0x5eb	0
0x5ec	0x5ec	0
0x5f0	0x5f0	0
0x5f3	0x5f3	0
0x5f6	0x5f6	0
0x5f7	0x5f7	0
0x5f9	0x5f9	0
0x5fb	0x5fb	0
0x600	0x600	0
0x605	0x605	0
0x60a	0x60a	0
0x60c	0x60c	0
0x60d	0x60d	0
0x612	0x612	0
0x617	0x617	0
0x619	0x619	0
0x61c	0x61c	0
0x620	0x620	0
0x622	0x622	0
0x623	0x623	0
0x627	0x627	0
0x628	0x628	0
0x62c	0x62c	0
0x62f	0x62f	0
0x632	0x632	0
0x633	0x633	0
0x635	0x635	0
0x637	0x637	0
0x63c	0x63c	0
0x641	0x641	0
0x648	0x648	0
0x64a	0x64a	0
0x64b	0x64b	0
0x64f	0x64f	0
0x650	0x650	0
0x654	0x654	0
0x657	0x657	0
0x6b29	0x6b29	0
0x6b2b	0x6b2b	0
0x6b2d	0x6b2d	0
0x6b2f	0x6b2f	0
0x6b31	0x6b31	0
0x6b34	0x6b34	0
0x6b37	0x6b37	0
0x6b3a	0x6b3a	0
0x6b3d	0x6b3d	0
0x6b40	0x6b40	0
0x6b43	0x6b43	0
0x2b5_0x0	0x2b5_0x0	0
0x2be_0x0	0x2be_0x0	0
0x34c_0x0	0x34c_0x0	0
0x355_0x1	0x355_0x1	0
0x360_0x0	0x360_0x0	0
0x417_0x1	0x417_0x1	0
0x417_0x4	0x417_0x4	0
0x460_0x0	0x460_0x0	0
0x469_0x0	0x469_0x0	0
0x469_0x8	0x469_0x8	0
0x528_0x1	0x528_0x1	0
0x528_0x4	0x528_0x4	0
0x555_0x8	0x555_0x8	0
0xfd1S0x5b2	0xfd1V0x5b2	0
0xfd4S0x5b2	0xfd4V0x5b2	0
0xfeeS0x5b2	0xfeeV0x5b2	0
0xff1S0x5b2	0xff1V0x5b2	0
0x101dS0x5b2	0x101dV0x5b2	0
0x1020S0x5b2	0x1020V0x5b2	0
0xfc2S0x5b2	0xfc2V0x5b2	0
0xfc3S0x5b2	0xfc3V0x5b2	0
0xfc4S0x5b2	0xfc4V0x5b2	0
0xfc5S0x5b2	0xfc5V0x5b2	0
0xfc6S0x5b2	0xfc6V0x5b2	0
0xfcaS0x5b2	0xfcaV0x5b2	0
0xfcbS0x5b2	0xfcbV0x5b2	0
0xfccS0x5b2	0xfccV0x5b2	0
0xfcdS0x5b2	0xfcdV0x5b2	0
0xfdaS0x5b2	0xfdaV0x5b2	0
0xfdcS0x5b2	0xfdcV0x5b2	0
0xfddS0x5b2	0xfddV0x5b2	0
0xfdeS0x5b2	0xfdeV0x5b2	0
0xfe8S0x5b2	0xfe8V0x5b2	0
0xfe9S0x5b2	0xfe9V0x5b2	0
0xfeaS0x5b2	0xfeaV0x5b2	0
0x3411S0x5b2	0x3411V0x5b2	0
0x3412S0x5b2	0x3412V0x5b2	0
0xff7S0x5b2	0xff7V0x5b2	0
0xffdS0x5b2	0xffdV0x5b2	0
0xffeS0x5b2	0xffeV0x5b2	0
0x3434S0x5b2	0x3434V0x5b2	0
0x3435S0x5b2	0x3435V0x5b2	0
0x1008S0x5b2	0x1008V0x5b2	0
0x100bS0x5b2	0x100bV0x5b2	0
0x100cS0x5b2	0x100cV0x5b2	0
0x100dS0x5b2	0x100dV0x5b2	0
0x1017S0x5b2	0x1017V0x5b2	0
0x1018S0x5b2	0x1018V0x5b2	0
0x1019S0x5b2	0x1019V0x5b2	0
0x1026S0x5b2	0x1026V0x5b2	0
0x102cS0x5b2	0x102cV0x5b2	0
0x102dS0x5b2	0x102dV0x5b2	0
0x3457S0x5b2	0x3457V0x5b2	0
0x3458S0x5b2	0x3458V0x5b2	0
0xf24S0xff6S0x5b2	0xf24V0xff6V0x5b2	0
0xf27S0xff6S0x5b2	0xf27V0xff6V0x5b2	0
0xf41S0xff6S0x5b2	0xf41V0xff6V0x5b2	0
0xf44S0xff6S0x5b2	0xf44V0xff6V0x5b2	0
0xf5dS0xff6S0x5b2	0xf5dV0xff6V0x5b2	0
0xf60S0xff6S0x5b2	0xf60V0xff6V0x5b2	0
0xf2eS0xff6S0x5b2	0xf2eV0xff6V0x5b2	0
0xf31S0xff6S0x5b2	0xf31V0xff6V0x5b2	0
0xf3bS0xff6S0x5b2	0xf3bV0xff6V0x5b2	0
0xf3cS0xff6S0x5b2	0xf3cV0xff6V0x5b2	0
0xf3dS0xff6S0x5b2	0xf3dV0xff6V0x5b2	0
0x333fS0xff6S0x5b2	0x333fV0xff6V0x5b2	0
0x3340S0xff6S0x5b2	0x3340V0xff6V0x5b2	0
0xf4aS0xff6S0x5b2	0xf4aV0xff6V0x5b2	0
0xf4dS0xff6S0x5b2	0xf4dV0xff6V0x5b2	0
0xf51S0xff6S0x5b2	0xf51V0xff6V0x5b2	0
0xf54S0xff6S0x5b2	0xf54V0xff6V0x5b2	0
0xf56S0xff6S0x5b2	0xf56V0xff6V0x5b2	0
0xf57S0xff6S0x5b2	0xf57V0xff6V0x5b2	0
0xf58S0xff6S0x5b2	0xf58V0xff6V0x5b2	0
0xf59S0xff6S0x5b2	0xf59V0xff6V0x5b2	0
0x3362S0xff6S0x5b2	0x3362V0xff6V0x5b2	0
0x3363S0xff6S0x5b2	0x3363V0xff6V0x5b2	0
0x3385S0xff6S0x5b2	0x3385V0xff6V0x5b2	0
0x3386S0xff6S0x5b2	0x3386V0xff6V0x5b2	0
0xf18S0xff6S0x5b2	0xf18V0xff6V0x5b2	0
0xf19S0xff6S0x5b2	0xf19V0xff6V0x5b2	0
0xf1bS0xff6S0x5b2	0xf1bV0xff6V0x5b2	0
0xf1eS0xff6S0x5b2	0xf1eV0xff6V0x5b2	0
0xf1fS0xff6S0x5b2	0xf1fV0xff6V0x5b2	0
0xf20S0xff6S0x5b2	0xf20V0xff6V0x5b2	0
0xf79S0x1025S0x5b2	0xf79V0x1025V0x5b2	0
0xf7cS0x1025S0x5b2	0xf7cV0x1025V0x5b2	0
0xf96S0x1025S0x5b2	0xf96V0x1025V0x5b2	0
0xf99S0x1025S0x5b2	0xf99V0x1025V0x5b2	0
0xfb2S0x1025S0x5b2	0xfb2V0x1025V0x5b2	0
0xfb5S0x1025S0x5b2	0xfb5V0x1025V0x5b2	0
0xf83S0x1025S0x5b2	0xf83V0x1025V0x5b2	0
0xf86S0x1025S0x5b2	0xf86V0x1025V0x5b2	0
0xf90S0x1025S0x5b2	0xf90V0x1025V0x5b2	0
0xf91S0x1025S0x5b2	0xf91V0x1025V0x5b2	0
0xf92S0x1025S0x5b2	0xf92V0x1025V0x5b2	0
0x33a8S0x1025S0x5b2	0x33a8V0x1025V0x5b2	0
0x33a9S0x1025S0x5b2	0x33a9V0x1025V0x5b2	0
0xf9fS0x1025S0x5b2	0xf9fV0x1025V0x5b2	0
0xfa2S0x1025S0x5b2	0xfa2V0x1025V0x5b2	0
0xfa6S0x1025S0x5b2	0xfa6V0x1025V0x5b2	0
0xfa9S0x1025S0x5b2	0xfa9V0x1025V0x5b2	0
0xfabS0x1025S0x5b2	0xfabV0x1025V0x5b2	0
0xfacS0x1025S0x5b2	0xfacV0x1025V0x5b2	0
0xfadS0x1025S0x5b2	0xfadV0x1025V0x5b2	0
0xfaeS0x1025S0x5b2	0xfaeV0x1025V0x5b2	0
0x33cbS0x1025S0x5b2	0x33cbV0x1025V0x5b2	0
0x33ccS0x1025S0x5b2	0x33ccV0x1025V0x5b2	0
0x33eeS0x1025S0x5b2	0x33eeV0x1025V0x5b2	0
0x33efS0x1025S0x5b2	0x33efV0x1025V0x5b2	0
0xf6dS0x1025S0x5b2	0xf6dV0x1025V0x5b2	0
0xf6eS0x1025S0x5b2	0xf6eV0x1025V0x5b2	0
0xf70S0x1025S0x5b2	0xf70V0x1025V0x5b2	0
0xf73S0x1025S0x5b2	0xf73V0x1025V0x5b2	0
0xf74S0x1025S0x5b2	0xf74V0x1025V0x5b2	0
0xf75S0x1025S0x5b2	0xf75V0x1025V0x5b2	0
0x12dfS0x609	0x12dfV0x609	0
0x12e0S0x609	0x12e0V0x609	0
0x12e3S0x609	0x12e3V0x609	0
0x12e8S0x609	0x12e8V0x609	0
0x12e9S0x609	0x12e9V0x609	0
0x12ebS0x609	0x12ebV0x609	0
0x12edS0x609	0x12edV0x609	0
0x12f2S0x609	0x12f2V0x609	0
0x12b1S0x609	0x12b1V0x609	0
0x12b6S0x609	0x12b6V0x609	0
0x12bdS0x609	0x12bdV0x609	0
0x12c2S0x609	0x12c2V0x609	0
0x12c5S0x609	0x12c5V0x609	0
0x12c6S0x609	0x12c6V0x609	0
0x1297S0x609	0x1297V0x609	0
0x129bS0x609	0x129bV0x609	0
0x129eS0x609	0x129eV0x609	0
0x12cbS0x609	0x12cbV0x609	0
0x12cfS0x609	0x12cfV0x609	0
0x12d5S0x609	0x12d5V0x609	0
0x12a7S0x609	0x12a7V0x609	0
0x12a8S0x609	0x12a8V0x609	0
0x12acS0x609	0x12acV0x609	0
0x1087S0x12baS0x609	0x1087V0x12baV0x609	0
0x108aS0x12baS0x609	0x108aV0x12baV0x609	0
0x1091S0x12caS0x609	0x1091V0x12caV0x609	0
0x1092S0x12caS0x609	0x1092V0x12caV0x609	0
0x1094S0x12caS0x609	0x1094V0x12caV0x609	0
0x1095S0x12caS0x609	0x1095V0x12caV0x609	0
0x1098S0x12caS0x609	0x1098V0x12caV0x609	0
0x1099S0x12caS0x609	0x1099V0x12caV0x609	0
0x1069S0x12a6S0x609	0x1069V0x12a6V0x609	0
0x106bS0x12a6S0x609	0x106bV0x12a6V0x609	0
0x81cS0x5c8	0x81cV0x5c8	0
0x81eS0x5c8	0x81eV0x5c8	0
0x81fS0x5c8	0x81fV0x5c8	0
0x842S0x5c8	0x842V0x5c8	0
0x844S0x5c8	0x844V0x5c8	0
0x845S0x5c8	0x845V0x5c8	0
0x849S0x5c8	0x849V0x5c8	0
0x864S0x5c8	0x864V0x5c8	0
0x866S0x5c8	0x866V0x5c8	0
0x867S0x5c8	0x867V0x5c8	0
0x88aS0x5c8	0x88aV0x5c8	0
0x88cS0x5c8	0x88cV0x5c8	0
0x88dS0x5c8	0x88dV0x5c8	0
0x891S0x5c8	0x891V0x5c8	0
0x8b3S0x5c8	0x8b3V0x5c8	0
0x8b6S0x5c8	0x8b6V0x5c8	0
0x902S0x5c8	0x902V0x5c8	0
0x903S0x5c8	0x903V0x5c8	0
0x909S0x5c8	0x909V0x5c8	0
0x90aS0x5c8	0x90aV0x5c8	0
0x902_0x0S0x5c8	0x902_0x0V0x5c8	0
0x90eS0x5c8	0x90eV0x5c8	0
0x911S0x5c8	0x911V0x5c8	0
0x94cS0x5c8	0x94cV0x5c8	0
0x94fS0x5c8	0x94fV0x5c8	0
0x98dS0x5c8	0x98dV0x5c8	0
0x98fS0x5c8	0x98fV0x5c8	0
0x992S0x5c8	0x992V0x5c8	0
0x994S0x5c8	0x994V0x5c8	0
0x995S0x5c8	0x995V0x5c8	0
0x997S0x5c8	0x997V0x5c8	0
0x998S0x5c8	0x998V0x5c8	0
0x999S0x5c8	0x999V0x5c8	0
0x99bS0x5c8	0x99bV0x5c8	0
0x99cS0x5c8	0x99cV0x5c8	0
0x99fS0x5c8	0x99fV0x5c8	0
0x9a2S0x5c8	0x9a2V0x5c8	0
0x9a3S0x5c8	0x9a3V0x5c8	0
0x9a4S0x5c8	0x9a4V0x5c8	0
0x9a7S0x5c8	0x9a7V0x5c8	0
0x9a9S0x5c8	0x9a9V0x5c8	0
0x9bdS0x5c8	0x9bdV0x5c8	0
0x9bfS0x5c8	0x9bfV0x5c8	0
0x9c0S0x5c8	0x9c0V0x5c8	0
0x9e3S0x5c8	0x9e3V0x5c8	0
0x9e5S0x5c8	0x9e5V0x5c8	0
0x9e6S0x5c8	0x9e6V0x5c8	0
0x9eaS0x5c8	0x9eaV0x5c8	0
0xa03S0x5c8	0xa03V0x5c8	0
0xa06S0x5c8	0xa06V0x5c8	0
0x7d3S0x5c8	0x7d3V0x5c8	0
0x7d5S0x5c8	0x7d5V0x5c8	0
0x7eaS0x5c8	0x7eaV0x5c8	0
0x7ffS0x5c8	0x7ffV0x5c8	0
0x800S0x5c8	0x800V0x5c8	0
0x801S0x5c8	0x801V0x5c8	0
0x816S0x5c8	0x816V0x5c8	0
0x817S0x5c8	0x817V0x5c8	0
0x818S0x5c8	0x818V0x5c8	0
0x85fS0x5c8	0x85fV0x5c8	0
0x860S0x5c8	0x860V0x5c8	0
0x84eS0x5c8	0x84eV0x5c8	0
0x850S0x5c8	0x850V0x5c8	0
0x853S0x5c8	0x853V0x5c8	0
0x8a3S0x5c8	0x8a3V0x5c8	0
0x8adS0x5c8	0x8adV0x5c8	0
0x8aeS0x5c8	0x8aeV0x5c8	0
0x8afS0x5c8	0x8afV0x5c8	0
0x896S0x5c8	0x896V0x5c8	0
0x898S0x5c8	0x898V0x5c8	0
0x89bS0x5c8	0x89bV0x5c8	0
0x8bcS0x5c8	0x8bcV0x5c8	0
0x8beS0x5c8	0x8beV0x5c8	0
0x8c4S0x5c8	0x8c4V0x5c8	0
0x8c6S0x5c8	0x8c6V0x5c8	0
0x8c7S0x5c8	0x8c7V0x5c8	0
0x8c9S0x5c8	0x8c9V0x5c8	0
0x8cbS0x5c8	0x8cbV0x5c8	0
0x8ccS0x5c8	0x8ccV0x5c8	0
0x8d0S0x5c8	0x8d0V0x5c8	0
0x8d1S0x5c8	0x8d1V0x5c8	0
0x14b3S0x5c8	0x14b3V0x5c8	0
0x14d4S0x5c8	0x14d4V0x5c8	0
0x14d6S0x5c8	0x14d6V0x5c8	0
0x14d8S0x5c8	0x14d8V0x5c8	0
0x14dbS0x5c8	0x14dbV0x5c8	0
0x14ddS0x5c8	0x14ddV0x5c8	0
0x8f2S0x5c8	0x8f2V0x5c8	0
0x8f3S0x5c8	0x8f3V0x5c8	0
0x8daS0x5c8	0x8daV0x5c8	0
0x8deS0x5c8	0x8deV0x5c8	0
0x8e0S0x5c8	0x8e0V0x5c8	0
0x8e2S0x5c8	0x8e2V0x5c8	0
0x8e5S0x5c8	0x8e5V0x5c8	0
0x8e8S0x5c8	0x8e8V0x5c8	0
0x8d9_0x0S0x5c8	0x8d9_0x0V0x5c8	0
0x8d9_0x1S0x5c8	0x8d9_0x1V0x5c8	0
0x919S0x5c8	0x919V0x5c8	0
0x91bS0x5c8	0x91bV0x5c8	0
0x91cS0x5c8	0x91cV0x5c8	0
0x91dS0x5c8	0x91dV0x5c8	0
0x920S0x5c8	0x920V0x5c8	0
0x922S0x5c8	0x922V0x5c8	0
0x927S0x5c8	0x927V0x5c8	0
0x916_0x0S0x5c8	0x916_0x0V0x5c8	0
0x325bS0x5c8	0x325bV0x5c8	0
0x327cS0x5c8	0x327cV0x5c8	0
0x327eS0x5c8	0x327eV0x5c8	0
0x3280S0x5c8	0x3280V0x5c8	0
0x3283S0x5c8	0x3283V0x5c8	0
0x3285S0x5c8	0x3285V0x5c8	0
0x92cS0x5c8	0x92cV0x5c8	0
0x941S0x5c8	0x941V0x5c8	0
0x947S0x5c8	0x947V0x5c8	0
0x948S0x5c8	0x948V0x5c8	0
0x92b_0x3S0x5c8	0x92b_0x3V0x5c8	0
0x957S0x5c8	0x957V0x5c8	0
0x959S0x5c8	0x959V0x5c8	0
0x95bS0x5c8	0x95bV0x5c8	0
0x95dS0x5c8	0x95dV0x5c8	0
0x962S0x5c8	0x962V0x5c8	0
0x954_0x0S0x5c8	0x954_0x0V0x5c8	0
0x32a7S0x5c8	0x32a7V0x5c8	0
0x32c8S0x5c8	0x32c8V0x5c8	0
0x32caS0x5c8	0x32caV0x5c8	0
0x32ccS0x5c8	0x32ccV0x5c8	0
0x32cfS0x5c8	0x32cfV0x5c8	0
0x32d1S0x5c8	0x32d1V0x5c8	0
0x967S0x5c8	0x967V0x5c8	0
0x969S0x5c8	0x969V0x5c8	0
0x96aS0x5c8	0x96aV0x5c8	0
0x970S0x5c8	0x970V0x5c8	0
0x975S0x5c8	0x975V0x5c8	0
0x976S0x5c8	0x976V0x5c8	0
0x978S0x5c8	0x978V0x5c8	0
0x97bS0x5c8	0x97bV0x5c8	0
0x97dS0x5c8	0x97dV0x5c8	0
0x97fS0x5c8	0x97fV0x5c8	0
0x980S0x5c8	0x980V0x5c8	0
0x984S0x5c8	0x984V0x5c8	0
0x986S0x5c8	0x986V0x5c8	0
0x988S0x5c8	0x988V0x5c8	0
0x989S0x5c8	0x989V0x5c8	0
0x9aeS0x5c8	0x9aeV0x5c8	0
0x9b9S0x5c8	0x9b9V0x5c8	0
0x9fcS0x5c8	0x9fcV0x5c8	0
0x9feS0x5c8	0x9feV0x5c8	0
0x9ffS0x5c8	0x9ffV0x5c8	0
0x9f7_0x2S0x5c8	0x9f7_0x2V0x5c8	0
0x9efS0x5c8	0x9efV0x5c8	0
0x9f1S0x5c8	0x9f1V0x5c8	0
0x9f4S0x5c8	0x9f4V0x5c8	0
0xa0cS0x5c8	0xa0cV0x5c8	0
0xa0eS0x5c8	0xa0eV0x5c8	0
0xa0fS0x5c8	0xa0fV0x5c8	0
0xa11S0x5c8	0xa11V0x5c8	0
0xa12S0x5c8	0xa12V0x5c8	0
0xa1bS0x5c8	0xa1bV0x5c8	0
0xa1dS0x5c8	0xa1dV0x5c8	0
0xa21S0x5c8	0xa21V0x5c8	0
0xa0b_0x0S0x5c8	0xa0b_0x0V0x5c8	0
0xa0b_0x2S0x5c8	0xa0b_0x2V0x5c8	0
0xa0b_0x5S0x5c8	0xa0b_0x5V0x5c8	0
0x32f3S0x5c8	0x32f3V0x5c8	0
0x3314S0x5c8	0x3314V0x5c8	0
0x3316S0x5c8	0x3316V0x5c8	0
0x3318S0x5c8	0x3318V0x5c8	0
0x331bS0x5c8	0x331bV0x5c8	0
0x331dS0x5c8	0x331dV0x5c8	0
0x8fcS0x5c8	0x8fcV0x5c8	0
0x8fdS0x5c8	0x8fdV0x5c8	0
0x8feS0x5c8	0x8feV0x5c8	0
0x8f6_0x0S0x5c8	0x8f6_0x0V0x5c8	0
0x8d6S0x5c8	0x8d6V0x5c8	0
0x8d8S0x5c8	0x8d8V0x5c8	0
0x152cS0x954S0x5c8	0x152cV0x954V0x5c8	0
0x152fS0x954S0x5c8	0x152fV0x954V0x5c8	0
0x154eS0x954S0x5c8	0x154eV0x954V0x5c8	0
0x1551S0x954S0x5c8	0x1551V0x954V0x5c8	0
0x156aS0x954S0x5c8	0x156aV0x954V0x5c8	0
0x156dS0x954S0x5c8	0x156dV0x954V0x5c8	0
0x1519S0x954S0x5c8	0x1519V0x954V0x5c8	0
0x151aS0x954S0x5c8	0x151aV0x954V0x5c8	0
0x151cS0x954S0x5c8	0x151cV0x954V0x5c8	0
0x151dS0x954S0x5c8	0x151dV0x954V0x5c8	0
0x151fS0x954S0x5c8	0x151fV0x954V0x5c8	0
0x1521S0x954S0x5c8	0x1521V0x954V0x5c8	0
0x1523S0x954S0x5c8	0x1523V0x954V0x5c8	0
0x1524S0x954S0x5c8	0x1524V0x954V0x5c8	0
0x1525S0x954S0x5c8	0x1525V0x954V0x5c8	0
0x1527S0x954S0x5c8	0x1527V0x954V0x5c8	0
0x1528S0x954S0x5c8	0x1528V0x954V0x5c8	0
0x1537S0x954S0x5c8	0x1537V0x954V0x5c8	0
0x153bS0x954S0x5c8	0x153bV0x954V0x5c8	0
0x153eS0x954S0x5c8	0x153eV0x954V0x5c8	0
0x1548S0x954S0x5c8	0x1548V0x954V0x5c8	0
0x1549S0x954S0x5c8	0x1549V0x954V0x5c8	0
0x154aS0x954S0x5c8	0x154aV0x954V0x5c8	0
0x150dS0x954S0x5c8	0x150dV0x954V0x5c8	0
0x150eS0x954S0x5c8	0x150eV0x954V0x5c8	0
0x1557S0x954S0x5c8	0x1557V0x954V0x5c8	0
0x155aS0x954S0x5c8	0x155aV0x954V0x5c8	0
0x155dS0x954S0x5c8	0x155dV0x954V0x5c8	0
0x1560S0x954S0x5c8	0x1560V0x954V0x5c8	0
0x1561S0x954S0x5c8	0x1561V0x954V0x5c8	0
0x1562S0x954S0x5c8	0x1562V0x954V0x5c8	0
0x1564S0x954S0x5c8	0x1564V0x954V0x5c8	0
0x1565S0x954S0x5c8	0x1565V0x954V0x5c8	0
0x1566S0x954S0x5c8	0x1566V0x954V0x5c8	0
0x1511S0x954S0x5c8	0x1511V0x954V0x5c8	0
0x1512S0x954S0x5c8	0x1512V0x954V0x5c8	0
0x1515S0x954S0x5c8	0x1515V0x954V0x5c8	0
0x1516S0x954S0x5c8	0x1516V0x954V0x5c8	0
0x142dS0x81cS0x5c8	0x142dV0x81cV0x5c8	0
0x142eS0x81cS0x5c8	0x142eV0x81cV0x5c8	0
0x1431S0x81cS0x5c8	0x1431V0x81cV0x5c8	0
0x1436S0x81cS0x5c8	0x1436V0x81cV0x5c8	0
0x1437S0x81cS0x5c8	0x1437V0x81cV0x5c8	0
0x1439S0x81cS0x5c8	0x1439V0x81cV0x5c8	0
0x143bS0x81cS0x5c8	0x143bV0x81cV0x5c8	0
0x143fS0x81cS0x5c8	0x143fV0x81cV0x5c8	0
0x1419S0x81cS0x5c8	0x1419V0x81cV0x5c8	0
0x141dS0x81cS0x5c8	0x141dV0x81cV0x5c8	0
0x1422S0x81cS0x5c8	0x1422V0x81cV0x5c8	0
0x1425S0x81cS0x5c8	0x1425V0x81cV0x5c8	0
0x13e3S0x81cS0x5c8	0x13e3V0x81cV0x5c8	0
0x1404S0x81cS0x5c8	0x1404V0x81cV0x5c8	0
0x1406S0x81cS0x5c8	0x1406V0x81cV0x5c8	0
0x140bS0x81cS0x5c8	0x140bV0x81cV0x5c8	0
0x140cS0x81cS0x5c8	0x140cV0x81cV0x5c8	0
0x140fS0x81cS0x5c8	0x140fV0x81cV0x5c8	0
0x1412S0x81cS0x5c8	0x1412V0x81cV0x5c8	0
0x136bS0x140aS0x81cS0x5c8	0x136bV0x140aV0x81cV0x5c8	0
0x136fS0x140aS0x81cS0x5c8	0x136fV0x140aV0x81cV0x5c8	0
0x1372S0x140aS0x81cS0x5c8	0x1372V0x140aV0x81cV0x5c8	0
0x1495S0x864S0x5c8	0x1495V0x864V0x5c8	0
0x1496S0x864S0x5c8	0x1496V0x864V0x5c8	0
0x1499S0x864S0x5c8	0x1499V0x864V0x5c8	0
0x149eS0x864S0x5c8	0x149eV0x864V0x5c8	0
0x149fS0x864S0x5c8	0x149fV0x864V0x5c8	0
0x14a1S0x864S0x5c8	0x14a1V0x864V0x5c8	0
0x14a3S0x864S0x5c8	0x14a3V0x864V0x5c8	0
0x14a7S0x864S0x5c8	0x14a7V0x864V0x5c8	0
0x1481S0x864S0x5c8	0x1481V0x864V0x5c8	0
0x1485S0x864S0x5c8	0x1485V0x864V0x5c8	0
0x148aS0x864S0x5c8	0x148aV0x864V0x5c8	0
0x148dS0x864S0x5c8	0x148dV0x864V0x5c8	0
0x144bS0x864S0x5c8	0x144bV0x864V0x5c8	0
0x146cS0x864S0x5c8	0x146cV0x864V0x5c8	0
0x146eS0x864S0x5c8	0x146eV0x864V0x5c8	0
0x1473S0x864S0x5c8	0x1473V0x864V0x5c8	0
0x1474S0x864S0x5c8	0x1474V0x864V0x5c8	0
0x1477S0x864S0x5c8	0x1477V0x864V0x5c8	0
0x147aS0x864S0x5c8	0x147aV0x864V0x5c8	0
0x136bS0x1472S0x864S0x5c8	0x136bV0x1472V0x864V0x5c8	0
0x136fS0x1472S0x864S0x5c8	0x136fV0x1472V0x864V0x5c8	0
0x1372S0x1472S0x864S0x5c8	0x1372V0x1472V0x864V0x5c8	0
0x160fS0x9bdS0x5c8	0x160fV0x9bdV0x5c8	0
0x1610S0x9bdS0x5c8	0x1610V0x9bdV0x5c8	0
0x1613S0x9bdS0x5c8	0x1613V0x9bdV0x5c8	0
0x1618S0x9bdS0x5c8	0x1618V0x9bdV0x5c8	0
0x1619S0x9bdS0x5c8	0x1619V0x9bdV0x5c8	0
0x161bS0x9bdS0x5c8	0x161bV0x9bdV0x5c8	0
0x161dS0x9bdS0x5c8	0x161dV0x9bdV0x5c8	0
0x1621S0x9bdS0x5c8	0x1621V0x9bdV0x5c8	0
0x15fbS0x9bdS0x5c8	0x15fbV0x9bdV0x5c8	0
0x15ffS0x9bdS0x5c8	0x15ffV0x9bdV0x5c8	0
0x1604S0x9bdS0x5c8	0x1604V0x9bdV0x5c8	0
0x1607S0x9bdS0x5c8	0x1607V0x9bdV0x5c8	0
0x15c5S0x9bdS0x5c8	0x15c5V0x9bdV0x5c8	0
0x15e6S0x9bdS0x5c8	0x15e6V0x9bdV0x5c8	0
0x15e8S0x9bdS0x5c8	0x15e8V0x9bdV0x5c8	0
0x15edS0x9bdS0x5c8	0x15edV0x9bdV0x5c8	0
0x15eeS0x9bdS0x5c8	0x15eeV0x9bdV0x5c8	0
0x15f1S0x9bdS0x5c8	0x15f1V0x9bdV0x5c8	0
0x15f4S0x9bdS0x5c8	0x15f4V0x9bdV0x5c8	0
0x136bS0x15ecS0x9bdS0x5c8	0x136bV0x15ecV0x9bdV0x5c8	0
0x136fS0x15ecS0x9bdS0x5c8	0x136fV0x15ecV0x9bdV0x5c8	0
0x1372S0x15ecS0x9bdS0x5c8	0x1372V0x15ecV0x9bdV0x5c8	0
0x15adS0x966S0x5c8	0x15adV0x966V0x5c8	0
0x15aeS0x966S0x5c8	0x15aeV0x966V0x5c8	0
0x15b4S0x966S0x5c8	0x15b4V0x966V0x5c8	0
0x1596S0x966S0x5c8	0x1596V0x966V0x5c8	0
0x159cS0x966S0x5c8	0x159cV0x966V0x5c8	0
0x15a3S0x966S0x5c8	0x15a3V0x966V0x5c8	0
0x157fS0x966S0x5c8	0x157fV0x966V0x5c8	0
0x1582S0x966S0x5c8	0x1582V0x966V0x5c8	0
0x1589S0x966S0x5c8	0x1589V0x966V0x5c8	0
0x158aS0x966S0x5c8	0x158aV0x966V0x5c8	0
0x158fS0x966S0x5c8	0x158fV0x966V0x5c8	0
0x132aS0x1588S0x966S0x5c8	0x132aV0x1588V0x966V0x5c8	0
0xa78S0x604	0xa78V0x604	0
0xa7aS0x604	0xa7aV0x604	0
0xa7bS0x604	0xa7bV0x604	0
0xa9eS0x604	0xa9eV0x604	0
0xaa0S0x604	0xaa0V0x604	0
0xaa1S0x604	0xaa1V0x604	0
0xaa5S0x604	0xaa5V0x604	0
0xaf4S0x604	0xaf4V0x604	0
0xaf6S0x604	0xaf6V0x604	0
0xaf9S0x604	0xaf9V0x604	0
0xafbS0x604	0xafbV0x604	0
0xafcS0x604	0xafcV0x604	0
0xafeS0x604	0xafeV0x604	0
0xaffS0x604	0xaffV0x604	0
0xb00S0x604	0xb00V0x604	0
0xb02S0x604	0xb02V0x604	0
0xb03S0x604	0xb03V0x604	0
0xb06S0x604	0xb06V0x604	0
0xb09S0x604	0xb09V0x604	0
0xb0aS0x604	0xb0aV0x604	0
0xb0bS0x604	0xb0bV0x604	0
0xb0eS0x604	0xb0eV0x604	0
0xb10S0x604	0xb10V0x604	0
0xb24S0x604	0xb24V0x604	0
0xb26S0x604	0xb26V0x604	0
0xb27S0x604	0xb27V0x604	0
0xb4aS0x604	0xb4aV0x604	0
0xb4cS0x604	0xb4cV0x604	0
0xb4dS0x604	0xb4dV0x604	0
0xb51S0x604	0xb51V0x604	0
0xa2fS0x604	0xa2fV0x604	0
0xa31S0x604	0xa31V0x604	0
0xa46S0x604	0xa46V0x604	0
0xa5bS0x604	0xa5bV0x604	0
0xa5cS0x604	0xa5cV0x604	0
0xa5dS0x604	0xa5dV0x604	0
0xa72S0x604	0xa72V0x604	0
0xa73S0x604	0xa73V0x604	0
0xa74S0x604	0xa74V0x604	0
0xab3S0x604	0xab3V0x604	0
0xab4S0x604	0xab4V0x604	0
0xab6S0x604	0xab6V0x604	0
0xacbS0x604	0xacbV0x604	0
0xaceS0x604	0xaceV0x604	0
0xad0S0x604	0xad0V0x604	0
0xad1S0x604	0xad1V0x604	0
0xad7S0x604	0xad7V0x604	0
0xaaaS0x604	0xaaaV0x604	0
0xaacS0x604	0xaacV0x604	0
0xaafS0x604	0xaafV0x604	0
0xadcS0x604	0xadcV0x604	0
0xaddS0x604	0xaddV0x604	0
0xadfS0x604	0xadfV0x604	0
0xae2S0x604	0xae2V0x604	0
0xae4S0x604	0xae4V0x604	0
0xae6S0x604	0xae6V0x604	0
0xae7S0x604	0xae7V0x604	0
0xaebS0x604	0xaebV0x604	0
0xaedS0x604	0xaedV0x604	0
0xaefS0x604	0xaefV0x604	0
0xaf0S0x604	0xaf0V0x604	0
0xb15S0x604	0xb15V0x604	0
0xb20S0x604	0xb20V0x604	0
0xb5e_0x0S0x604	0xb5e_0x0V0x604	0
0xb56S0x604	0xb56V0x604	0
0xb58S0x604	0xb58V0x604	0
0xb5bS0x604	0xb5bV0x604	0
0x142dS0xa78S0x604	0x142dV0xa78V0x604	0
0x142eS0xa78S0x604	0x142eV0xa78V0x604	0
0x1431S0xa78S0x604	0x1431V0xa78V0x604	0
0x1436S0xa78S0x604	0x1436V0xa78V0x604	0
0x1437S0xa78S0x604	0x1437V0xa78V0x604	0
0x1439S0xa78S0x604	0x1439V0xa78V0x604	0
0x143bS0xa78S0x604	0x143bV0xa78V0x604	0
0x143fS0xa78S0x604	0x143fV0xa78V0x604	0
0x1419S0xa78S0x604	0x1419V0xa78V0x604	0
0x141dS0xa78S0x604	0x141dV0xa78V0x604	0
0x1422S0xa78S0x604	0x1422V0xa78V0x604	0
0x1425S0xa78S0x604	0x1425V0xa78V0x604	0
0x13e3S0xa78S0x604	0x13e3V0xa78V0x604	0
0x1404S0xa78S0x604	0x1404V0xa78V0x604	0
0x1406S0xa78S0x604	0x1406V0xa78V0x604	0
0x140bS0xa78S0x604	0x140bV0xa78V0x604	0
0x140cS0xa78S0x604	0x140cV0xa78V0x604	0
0x140fS0xa78S0x604	0x140fV0xa78V0x604	0
0x1412S0xa78S0x604	0x1412V0xa78V0x604	0
0x136bS0x140aS0xa78S0x604	0x136bV0x140aV0xa78V0x604	0
0x136fS0x140aS0xa78S0x604	0x136fV0x140aV0xa78V0x604	0
0x1372S0x140aS0xa78S0x604	0x1372V0x140aV0xa78V0x604	0
0x160fS0xb24S0x604	0x160fV0xb24V0x604	0
0x1610S0xb24S0x604	0x1610V0xb24V0x604	0
0x1613S0xb24S0x604	0x1613V0xb24V0x604	0
0x1618S0xb24S0x604	0x1618V0xb24V0x604	0
0x1619S0xb24S0x604	0x1619V0xb24V0x604	0
0x161bS0xb24S0x604	0x161bV0xb24V0x604	0
0x161dS0xb24S0x604	0x161dV0xb24V0x604	0
0x1621S0xb24S0x604	0x1621V0xb24V0x604	0
0x15fbS0xb24S0x604	0x15fbV0xb24V0x604	0
0x15ffS0xb24S0x604	0x15ffV0xb24V0x604	0
0x1604S0xb24S0x604	0x1604V0xb24V0x604	0
0x1607S0xb24S0x604	0x1607V0xb24V0x604	0
0x15c5S0xb24S0x604	0x15c5V0xb24V0x604	0
0x15e6S0xb24S0x604	0x15e6V0xb24V0x604	0
0x15e8S0xb24S0x604	0x15e8V0xb24V0x604	0
0x15edS0xb24S0x604	0x15edV0xb24V0x604	0
0x15eeS0xb24S0x604	0x15eeV0xb24V0x604	0
0x15f1S0xb24S0x604	0x15f1V0xb24V0x604	0
0x15f4S0xb24S0x604	0x15f4V0xb24V0x604	0
0x136bS0x15ecS0xb24S0x604	0x136bV0x15ecV0xb24V0x604	0
0x136fS0x15ecS0xb24S0x604	0x136fV0x15ecV0xb24V0x604	0
0x1372S0x15ecS0xb24S0x604	0x1372V0x15ecV0xb24V0x604	0
0x15adS0xab2S0x604	0x15adV0xab2V0x604	0
0x15aeS0xab2S0x604	0x15aeV0xab2V0x604	0
0x15b4S0xab2S0x604	0x15b4V0xab2V0x604	0
0x1596S0xab2S0x604	0x1596V0xab2V0x604	0
0x159cS0xab2S0x604	0x159cV0xab2V0x604	0
0x15a3S0xab2S0x604	0x15a3V0xab2V0x604	0
0x157fS0xab2S0x604	0x157fV0xab2V0x604	0
0x1582S0xab2S0x604	0x1582V0xab2V0x604	0
0x1589S0xab2S0x604	0x1589V0xab2V0x604	0
0x158aS0xab2S0x604	0x158aV0xab2V0x604	0
0x158fS0xab2S0x604	0x158fV0xab2V0x604	0
0x132aS0x1588S0xab2S0x604	0x132aV0x1588V0xab2V0x604	0
0xdc3S0x652	0xdc3V0x652	0
0xdc5S0x652	0xdc5V0x652	0
0xdc6S0x652	0xdc6V0x652	0
0xde9S0x652	0xde9V0x652	0
0xdebS0x652	0xdebV0x652	0
0xdecS0x652	0xdecV0x652	0
0xdf0S0x652	0xdf0V0x652	0
0xe09S0x652	0xe09V0x652	0
0xe0bS0x652	0xe0bV0x652	0
0xe0cS0x652	0xe0cV0x652	0
0xe2fS0x652	0xe2fV0x652	0
0xe31S0x652	0xe31V0x652	0
0xe32S0x652	0xe32V0x652	0
0xe36S0x652	0xe36V0x652	0
0xe96S0x652	0xe96V0x652	0
0xe98S0x652	0xe98V0x652	0
0xe9bS0x652	0xe9bV0x652	0
0xe9dS0x652	0xe9dV0x652	0
0xe9eS0x652	0xe9eV0x652	0
0xea0S0x652	0xea0V0x652	0
0xea1S0x652	0xea1V0x652	0
0xea2S0x652	0xea2V0x652	0
0xea4S0x652	0xea4V0x652	0
0xea5S0x652	0xea5V0x652	0
0xea8S0x652	0xea8V0x652	0
0xeabS0x652	0xeabV0x652	0
0xeacS0x652	0xeacV0x652	0
0xeadS0x652	0xeadV0x652	0
0xeb0S0x652	0xeb0V0x652	0
0xeb2S0x652	0xeb2V0x652	0
0xec5S0x652	0xec5V0x652	0
0xec7S0x652	0xec7V0x652	0
0xec8S0x652	0xec8V0x652	0
0xeebS0x652	0xeebV0x652	0
0xeedS0x652	0xeedV0x652	0
0xeeeS0x652	0xeeeV0x652	0
0xef2S0x652	0xef2V0x652	0
0xd7cS0x652	0xd7cV0x652	0
0xd91S0x652	0xd91V0x652	0
0xda6S0x652	0xda6V0x652	0
0xda7S0x652	0xda7V0x652	0
0xda8S0x652	0xda8V0x652	0
0xdbdS0x652	0xdbdV0x652	0
0xdbeS0x652	0xdbeV0x652	0
0xdbfS0x652	0xdbfV0x652	0
0xdfeS0x652	0xdfeV0x652	0
0xdffS0x652	0xdffV0x652	0
0xe02S0x652	0xe02V0x652	0
0xe04S0x652	0xe04V0x652	0
0xe05S0x652	0xe05V0x652	0
0xdf5S0x652	0xdf5V0x652	0
0xdf7S0x652	0xdf7V0x652	0
0xdfaS0x652	0xdfaV0x652	0
0xe44S0x652	0xe44V0x652	0
0xe45S0x652	0xe45V0x652	0
0xe5aS0x652	0xe5aV0x652	0
0xe6fS0x652	0xe6fV0x652	0
0xe71S0x652	0xe71V0x652	0
0xe73S0x652	0xe73V0x652	0
0xe74S0x652	0xe74V0x652	0
0xe78S0x652	0xe78V0x652	0
0xe3bS0x652	0xe3bV0x652	0
0xe3dS0x652	0xe3dV0x652	0
0xe40S0x652	0xe40V0x652	0
0xe7dS0x652	0xe7dV0x652	0
0xe7eS0x652	0xe7eV0x652	0
0xe80S0x652	0xe80V0x652	0
0xe83S0x652	0xe83V0x652	0
0xe87S0x652	0xe87V0x652	0
0xe88S0x652	0xe88V0x652	0
0xe8dS0x652	0xe8dV0x652	0
0xe8fS0x652	0xe8fV0x652	0
0xe91S0x652	0xe91V0x652	0
0xe92S0x652	0xe92V0x652	0
0xeb7S0x652	0xeb7V0x652	0
0xec1S0x652	0xec1V0x652	0
0xef7S0x652	0xef7V0x652	0
0xef9S0x652	0xef9V0x652	0
0xefcS0x652	0xefcV0x652	0
0x142dS0xdc3S0x652	0x142dV0xdc3V0x652	0
0x142eS0xdc3S0x652	0x142eV0xdc3V0x652	0
0x1431S0xdc3S0x652	0x1431V0xdc3V0x652	0
0x1436S0xdc3S0x652	0x1436V0xdc3V0x652	0
0x1437S0xdc3S0x652	0x1437V0xdc3V0x652	0
0x1439S0xdc3S0x652	0x1439V0xdc3V0x652	0
0x143bS0xdc3S0x652	0x143bV0xdc3V0x652	0
0x143fS0xdc3S0x652	0x143fV0xdc3V0x652	0
0x1419S0xdc3S0x652	0x1419V0xdc3V0x652	0
0x141dS0xdc3S0x652	0x141dV0xdc3V0x652	0
0x1422S0xdc3S0x652	0x1422V0xdc3V0x652	0
0x1425S0xdc3S0x652	0x1425V0xdc3V0x652	0
0x13e3S0xdc3S0x652	0x13e3V0xdc3V0x652	0
0x1404S0xdc3S0x652	0x1404V0xdc3V0x652	0
0x1406S0xdc3S0x652	0x1406V0xdc3V0x652	0
0x140bS0xdc3S0x652	0x140bV0xdc3V0x652	0
0x140cS0xdc3S0x652	0x140cV0xdc3V0x652	0
0x140fS0xdc3S0x652	0x140fV0xdc3V0x652	0
0x1412S0xdc3S0x652	0x1412V0xdc3V0x652	0
0x136bS0x140aS0xdc3S0x652	0x136bV0x140aV0xdc3V0x652	0
0x136fS0x140aS0xdc3S0x652	0x136fV0x140aV0xdc3V0x652	0
0x1372S0x140aS0xdc3S0x652	0x1372V0x140aV0xdc3V0x652	0
0x1863S0xe09S0x652	0x1863V0xe09V0x652	0
0x1864S0xe09S0x652	0x1864V0xe09V0x652	0
0x1867S0xe09S0x652	0x1867V0xe09V0x652	0
0x186cS0xe09S0x652	0x186cV0xe09V0x652	0
0x186dS0xe09S0x652	0x186dV0xe09V0x652	0
0x186fS0xe09S0x652	0x186fV0xe09V0x652	0
0x1871S0xe09S0x652	0x1871V0xe09V0x652	0
0x1875S0xe09S0x652	0x1875V0xe09V0x652	0
0x184fS0xe09S0x652	0x184fV0xe09V0x652	0
0x1853S0xe09S0x652	0x1853V0xe09V0x652	0
0x1858S0xe09S0x652	0x1858V0xe09V0x652	0
0x185bS0xe09S0x652	0x185bV0xe09V0x652	0
0x1819S0xe09S0x652	0x1819V0xe09V0x652	0
0x183aS0xe09S0x652	0x183aV0xe09V0x652	0
0x183cS0xe09S0x652	0x183cV0xe09V0x652	0
0x1841S0xe09S0x652	0x1841V0xe09V0x652	0
0x1842S0xe09S0x652	0x1842V0xe09V0x652	0
0x1845S0xe09S0x652	0x1845V0xe09V0x652	0
0x1848S0xe09S0x652	0x1848V0xe09V0x652	0
0x136bS0x1840S0xe09S0x652	0x136bV0x1840V0xe09V0x652	0
0x136fS0x1840S0xe09S0x652	0x136fV0x1840V0xe09V0x652	0
0x1372S0x1840S0xe09S0x652	0x1372V0x1840V0xe09V0x652	0
0x18cbS0xec5S0x652	0x18cbV0xec5V0x652	0
0x18ccS0xec5S0x652	0x18ccV0xec5V0x652	0
0x18cfS0xec5S0x652	0x18cfV0xec5V0x652	0
0x18d4S0xec5S0x652	0x18d4V0xec5V0x652	0
0x18d5S0xec5S0x652	0x18d5V0xec5V0x652	0
0x18d7S0xec5S0x652	0x18d7V0xec5V0x652	0
0x18d9S0xec5S0x652	0x18d9V0xec5V0x652	0
0x18ddS0xec5S0x652	0x18ddV0xec5V0x652	0
0x18b7S0xec5S0x652	0x18b7V0xec5V0x652	0
0x18bbS0xec5S0x652	0x18bbV0xec5V0x652	0
0x18c0S0xec5S0x652	0x18c0V0xec5V0x652	0
0x18c3S0xec5S0x652	0x18c3V0xec5V0x652	0
0x1881S0xec5S0x652	0x1881V0xec5V0x652	0
0x18a2S0xec5S0x652	0x18a2V0xec5V0x652	0
0x18a4S0xec5S0x652	0x18a4V0xec5V0x652	0
0x18a9S0xec5S0x652	0x18a9V0xec5V0x652	0
0x18aaS0xec5S0x652	0x18aaV0xec5V0x652	0
0x18adS0xec5S0x652	0x18adV0xec5V0x652	0
0x18b0S0xec5S0x652	0x18b0V0xec5V0x652	0
0x136bS0x18a8S0xec5S0x652	0x136bV0x18a8V0xec5V0x652	0
0x136fS0x18a8S0xec5S0x652	0x136fV0x18a8V0xec5V0x652	0
0x1372S0x18a8S0xec5S0x652	0x1372V0x18a8V0xec5V0x652	0
0x1357S0xe43S0x652	0x1357V0xe43V0x652	0
0x1358S0xe43S0x652	0x1358V0xe43V0x652	0
0x135cS0xe43S0x652	0x135cV0xe43V0x652	0
0x1344S0xe43S0x652	0x1344V0xe43V0x652	0
0x1348S0xe43S0x652	0x1348V0xe43V0x652	0
0x134dS0xe43S0x652	0x134dV0xe43V0x652	0
0x134fS0xe43S0x652	0x134fV0xe43V0x652	0
0x1337S0xe43S0x652	0x1337V0xe43V0x652	0
0x1338S0xe43S0x652	0x1338V0xe43V0x652	0
0x133bS0xe43S0x652	0x133bV0xe43V0x652	0
0x133dS0xe43S0x652	0x133dV0xe43V0x652	0
0x132aS0x1336S0xe43S0x652	0x132aV0x1336V0xe43V0x652	0
0x679S0x6b33	0x679V0x6b33	0
0x67cS0x6b33	0x67cV0x6b33	0
0x6e0S0x6b33	0x6e0V0x6b33	0
0x6e2S0x6b33	0x6e2V0x6b33	0
0x6e5S0x6b33	0x6e5V0x6b33	0
0x6e7S0x6b33	0x6e7V0x6b33	0
0x6e8S0x6b33	0x6e8V0x6b33	0
0x6eaS0x6b33	0x6eaV0x6b33	0
0x6ebS0x6b33	0x6ebV0x6b33	0
0x6ecS0x6b33	0x6ecV0x6b33	0
0x6eeS0x6b33	0x6eeV0x6b33	0
0x6efS0x6b33	0x6efV0x6b33	0
0x6f2S0x6b33	0x6f2V0x6b33	0
0x6f5S0x6b33	0x6f5V0x6b33	0
0x6f6S0x6b33	0x6f6V0x6b33	0
0x6f7S0x6b33	0x6f7V0x6b33	0
0x6faS0x6b33	0x6faV0x6b33	0
0x6fcS0x6b33	0x6fcV0x6b33	0
0x70fS0x6b33	0x70fV0x6b33	0
0x724S0x6b33	0x724V0x6b33	0
0x739S0x6b33	0x739V0x6b33	0
0x73bS0x6b33	0x73bV0x6b33	0
0x73dS0x6b33	0x73dV0x6b33	0
0x73eS0x6b33	0x73eV0x6b33	0
0x742S0x6b33	0x742V0x6b33	0
0x760S0x6b33	0x760V0x6b33	0
0x762S0x6b33	0x762V0x6b33	0
0x765S0x6b33	0x765V0x6b33	0
0x767S0x6b33	0x767V0x6b33	0
0x768S0x6b33	0x768V0x6b33	0
0x76aS0x6b33	0x76aV0x6b33	0
0x76bS0x6b33	0x76bV0x6b33	0
0x76cS0x6b33	0x76cV0x6b33	0
0x76eS0x6b33	0x76eV0x6b33	0
0x76fS0x6b33	0x76fV0x6b33	0
0x772S0x6b33	0x772V0x6b33	0
0x775S0x6b33	0x775V0x6b33	0
0x776S0x6b33	0x776V0x6b33	0
0x777S0x6b33	0x777V0x6b33	0
0x77aS0x6b33	0x77aV0x6b33	0
0x77cS0x6b33	0x77cV0x6b33	0
0x791S0x6b33	0x791V0x6b33	0
0x793S0x6b33	0x793V0x6b33	0
0x794S0x6b33	0x794V0x6b33	0
0x7b7S0x6b33	0x7b7V0x6b33	0
0x7b9S0x6b33	0x7b9V0x6b33	0
0x7baS0x6b33	0x7baV0x6b33	0
0x7beS0x6b33	0x7beV0x6b33	0
0x65eS0x6b33	0x65eV0x6b33	0
0x65fS0x6b33	0x65fV0x6b33	0
0x662S0x6b33	0x662V0x6b33	0
0x664S0x6b33	0x664V0x6b33	0
0x665S0x6b33	0x665V0x6b33	0
0x66fS0x6b33	0x66fV0x6b33	0
0x670S0x6b33	0x670V0x6b33	0
0x673S0x6b33	0x673V0x6b33	0
0x674S0x6b33	0x674V0x6b33	0
0x675S0x6b33	0x675V0x6b33	0
0x681S0x6b33	0x681V0x6b33	0
0x685S0x6b33	0x685V0x6b33	0
0x688S0x6b33	0x688V0x6b33	0
0x68bS0x6b33	0x68bV0x6b33	0
0x68cS0x6b33	0x68cV0x6b33	0
0x6a1S0x6b33	0x6a1V0x6b33	0
0x6b6S0x6b33	0x6b6V0x6b33	0
0x6baS0x6b33	0x6baV0x6b33	0
0x6bcS0x6b33	0x6bcV0x6b33	0
0x6bdS0x6b33	0x6bdV0x6b33	0
0x6c1S0x6b33	0x6c1V0x6b33	0
0x684_0x0S0x6b33	0x684_0x0V0x6b33	0
0x6c6S0x6b33	0x6c6V0x6b33	0
0x6c7S0x6b33	0x6c7V0x6b33	0
0x6c9S0x6b33	0x6c9V0x6b33	0
0x6ccS0x6b33	0x6ccV0x6b33	0
0x6d1S0x6b33	0x6d1V0x6b33	0
0x6d7S0x6b33	0x6d7V0x6b33	0
0x6d9S0x6b33	0x6d9V0x6b33	0
0x6dbS0x6b33	0x6dbV0x6b33	0
0x6dcS0x6b33	0x6dcV0x6b33	0
0x701S0x6b33	0x701V0x6b33	0
0x70bS0x6b33	0x70bV0x6b33	0
0x3572S0x6b33	0x3572V0x6b33	0
0x747S0x6b33	0x747V0x6b33	0
0x748S0x6b33	0x748V0x6b33	0
0x74aS0x6b33	0x74aV0x6b33	0
0x74dS0x6b33	0x74dV0x6b33	0
0x751S0x6b33	0x751V0x6b33	0
0x752S0x6b33	0x752V0x6b33	0
0x757S0x6b33	0x757V0x6b33	0
0x759S0x6b33	0x759V0x6b33	0
0x75bS0x6b33	0x75bV0x6b33	0
0x75cS0x6b33	0x75cV0x6b33	0
0x781S0x6b33	0x781V0x6b33	0
0x78dS0x6b33	0x78dV0x6b33	0
0x7c3S0x6b33	0x7c3V0x6b33	0
0x7c5S0x6b33	0x7c5V0x6b33	0
0x7c8S0x6b33	0x7c8V0x6b33	0
0x66aS0x6b33	0x66aV0x6b33	0
0x1357S0x70fS0x6b33	0x1357V0x70fV0x6b33	0
0x1358S0x70fS0x6b33	0x1358V0x70fV0x6b33	0
0x135cS0x70fS0x6b33	0x135cV0x70fV0x6b33	0
0x1344S0x70fS0x6b33	0x1344V0x70fV0x6b33	0
0x1348S0x70fS0x6b33	0x1348V0x70fV0x6b33	0
0x134dS0x70fS0x6b33	0x134dV0x70fV0x6b33	0
0x134fS0x70fS0x6b33	0x134fV0x70fV0x6b33	0
0x1337S0x70fS0x6b33	0x1337V0x70fV0x6b33	0
0x1338S0x70fS0x6b33	0x1338V0x70fV0x6b33	0
0x133bS0x70fS0x6b33	0x133bV0x70fV0x6b33	0
0x133dS0x70fS0x6b33	0x133dV0x70fV0x6b33	0
0x132aS0x1336S0x70fS0x6b33	0x132aV0x1336V0x70fV0x6b33	0
0x13c5S0x791S0x6b33	0x13c5V0x791V0x6b33	0
0x13c6S0x791S0x6b33	0x13c6V0x791V0x6b33	0
0x13c9S0x791S0x6b33	0x13c9V0x791V0x6b33	0
0x13ceS0x791S0x6b33	0x13ceV0x791V0x6b33	0
0x13cfS0x791S0x6b33	0x13cfV0x791V0x6b33	0
0x13d1S0x791S0x6b33	0x13d1V0x791V0x6b33	0
0x13d3S0x791S0x6b33	0x13d3V0x791V0x6b33	0
0x13d7S0x791S0x6b33	0x13d7V0x791V0x6b33	0
0x13b1S0x791S0x6b33	0x13b1V0x791V0x6b33	0
0x13b5S0x791S0x6b33	0x13b5V0x791V0x6b33	0
0x13baS0x791S0x6b33	0x13baV0x791V0x6b33	0
0x13bdS0x791S0x6b33	0x13bdV0x791V0x6b33	0
0x137bS0x791S0x6b33	0x137bV0x791V0x6b33	0
0x139cS0x791S0x6b33	0x139cV0x791V0x6b33	0
0x139eS0x791S0x6b33	0x139eV0x791V0x6b33	0
0x13a3S0x791S0x6b33	0x13a3V0x791V0x6b33	0
0x13a4S0x791S0x6b33	0x13a4V0x791V0x6b33	0
0x13a7S0x791S0x6b33	0x13a7V0x791V0x6b33	0
0x13aaS0x791S0x6b33	0x13aaV0x791V0x6b33	0
0x136bS0x13a2S0x791S0x6b33	0x136bV0x13a2V0x791V0x6b33	0
0x136fS0x13a2S0x791S0x6b33	0x136fV0x13a2V0x791V0x6b33	0
0x1372S0x13a2S0x791S0x6b33	0x1372V0x13a2V0x791V0x6b33	0
0x1357S0x684S0x6b33	0x1357V0x684V0x6b33	0
0x1358S0x684S0x6b33	0x1358V0x684V0x6b33	0
0x135cS0x684S0x6b33	0x135cV0x684V0x6b33	0
0x1344S0x684S0x6b33	0x1344V0x684V0x6b33	0
0x1348S0x684S0x6b33	0x1348V0x684V0x6b33	0
0x134dS0x684S0x6b33	0x134dV0x684V0x6b33	0
0x134fS0x684S0x6b33	0x134fV0x684V0x6b33	0
0x1337S0x684S0x6b33	0x1337V0x684V0x6b33	0
0x1338S0x684S0x6b33	0x1338V0x684V0x6b33	0
0x133bS0x684S0x6b33	0x133bV0x684V0x6b33	0
0x133dS0x684S0x6b33	0x133dV0x684V0x6b33	0
0x132aS0x1336S0x684S0x6b33	0x132aV0x1336V0x684V0x6b33	0
0x116bS0x5cd	0x116bV0x5cd	0
0x116cS0x5cd	0x116cV0x5cd	0
0x116fS0x5cd	0x116fV0x5cd	0
0x1174S0x5cd	0x1174V0x5cd	0
0x1175S0x5cd	0x1175V0x5cd	0
0x1177S0x5cd	0x1177V0x5cd	0
0x1179S0x5cd	0x1179V0x5cd	0
0x117eS0x5cd	0x117eV0x5cd	0
0x1102S0x116aS0x5cd	0x1102V0x116aV0x5cd	0
0x1107S0x116aS0x5cd	0x1107V0x116aV0x5cd	0
0x1040S0x116aS0x5cd	0x1040V0x116aV0x5cd	0
0x1042S0x116aS0x5cd	0x1042V0x116aV0x5cd	0
0x110fS0x116aS0x5cd	0x110fV0x116aV0x5cd	0
0x1112S0x116aS0x5cd	0x1112V0x116aV0x5cd	0
0x1114S0x116aS0x5cd	0x1114V0x116aV0x5cd	0
0x1115S0x116aS0x5cd	0x1115V0x116aV0x5cd	0
0x1119S0x116aS0x5cd	0x1119V0x116aV0x5cd	0
0x104aS0x116aS0x5cd	0x104aV0x116aV0x5cd	0
0x104eS0x116aS0x5cd	0x104eV0x116aV0x5cd	0
0x1051S0x116aS0x5cd	0x1051V0x116aV0x5cd	0
0x111fS0x116aS0x5cd	0x111fV0x116aV0x5cd	0
0x105aS0x116aS0x5cd	0x105aV0x116aV0x5cd	0
0x105eS0x116aS0x5cd	0x105eV0x116aV0x5cd	0
0x1061S0x116aS0x5cd	0x1061V0x116aV0x5cd	0
0x1158_0x3S0x116aS0x5cd	0x1158_0x3V0x116aV0x5cd	0
0x113cS0x116aS0x5cd	0x113cV0x116aV0x5cd	0
0x1140S0x116aS0x5cd	0x1140V0x116aV0x5cd	0
0x1147S0x116aS0x5cd	0x1147V0x116aV0x5cd	0
0x114aS0x116aS0x5cd	0x114aV0x116aV0x5cd	0
0x114eS0x116aS0x5cd	0x114eV0x116aV0x5cd	0
0x1151S0x116aS0x5cd	0x1151V0x116aV0x5cd	0
0x1154S0x116aS0x5cd	0x1154V0x116aV0x5cd	0
0x1144_0x2S0x116aS0x5cd	0x1144_0x2V0x116aV0x5cd	0
0x1144_0xaS0x116aS0x5cd	0x1144_0xaV0x116aV0x5cd	0
0x10ecS0x116aS0x5cd	0x10ecV0x116aV0x5cd	0
0x10edS0x116aS0x5cd	0x10edV0x116aV0x5cd	0
0x10f0S0x116aS0x5cd	0x10f0V0x116aV0x5cd	0
0x10eb_0x0S0x116aS0x5cd	0x10eb_0x0V0x116aV0x5cd	0
0x1123S0x116aS0x5cd	0x1123V0x116aV0x5cd	0
0x1124S0x116aS0x5cd	0x1124V0x116aV0x5cd	0
0x1125S0x116aS0x5cd	0x1125V0x116aV0x5cd	0
0x1120_0x0S0x116aS0x5cd	0x1120_0x0V0x116aV0x5cd	0
0x10f8S0x116aS0x5cd	0x10f8V0x116aV0x5cd	0
0x10f9S0x116aS0x5cd	0x10f9V0x116aV0x5cd	0
0x10fdS0x116aS0x5cd	0x10fdV0x116aV0x5cd	0
0x112bS0x116aS0x5cd	0x112bV0x116aV0x5cd	0
0x112fS0x116aS0x5cd	0x112fV0x116aV0x5cd	0
0x1130S0x116aS0x5cd	0x1130V0x116aV0x5cd	0
0x1135S0x116aS0x5cd	0x1135V0x116aV0x5cd	0
0x1129_0x1S0x116aS0x5cd	0x1129_0x1V0x116aV0x5cd	0
0x1129_0x3S0x116aS0x5cd	0x1129_0x3V0x116aV0x5cd	0
0x1129_0x8S0x116aS0x5cd	0x1129_0x8V0x116aV0x5cd	0
0x10abS0x1129S0x116aS0x5cd	0x10abV0x1129V0x116aV0x5cd	0
0x10b0S0x1129S0x116aS0x5cd	0x10b0V0x1129V0x116aV0x5cd	0
0x10b7S0x1129S0x116aS0x5cd	0x10b7V0x1129V0x116aV0x5cd	0
0x10bcS0x1129S0x116aS0x5cd	0x10bcV0x1129V0x116aV0x5cd	0
0x10bfS0x1129S0x116aS0x5cd	0x10bfV0x1129V0x116aV0x5cd	0
0x10c0S0x1129S0x116aS0x5cd	0x10c0V0x1129V0x116aV0x5cd	0
0x1073S0x1129S0x116aS0x5cd	0x1073V0x1129V0x116aV0x5cd	0
0x1077S0x1129S0x116aS0x5cd	0x1077V0x1129V0x116aV0x5cd	0
0x107aS0x1129S0x116aS0x5cd	0x107aV0x1129V0x116aV0x5cd	0
0x10c5S0x1129S0x116aS0x5cd	0x10c5V0x1129V0x116aV0x5cd	0
0x10c9S0x1129S0x116aS0x5cd	0x10c9V0x1129V0x116aV0x5cd	0
0x10cfS0x1129S0x116aS0x5cd	0x10cfV0x1129V0x116aV0x5cd	0
0x10a1S0x1129S0x116aS0x5cd	0x10a1V0x1129V0x116aV0x5cd	0
0x10a2S0x1129S0x116aS0x5cd	0x10a2V0x1129V0x116aV0x5cd	0
0x10a6S0x1129S0x116aS0x5cd	0x10a6V0x1129V0x116aV0x5cd	0
0x10d9S0x1129S0x116aS0x5cd	0x10d9V0x1129V0x116aV0x5cd	0
0x10daS0x1129S0x116aS0x5cd	0x10daV0x1129V0x116aV0x5cd	0
0x10dfS0x1129S0x116aS0x5cd	0x10dfV0x1129V0x116aV0x5cd	0
0x1087S0x10b4S0x1129S0x116aS0x5cd	0x1087V0x10b4V0x1129V0x116aV0x5cd	0
0x108aS0x10b4S0x1129S0x116aS0x5cd	0x108aV0x10b4V0x1129V0x116aV0x5cd	0
0x1091S0x10c4S0x1129S0x116aS0x5cd	0x1091V0x10c4V0x1129V0x116aV0x5cd	0
0x1092S0x10c4S0x1129S0x116aS0x5cd	0x1092V0x10c4V0x1129V0x116aV0x5cd	0
0x1094S0x10c4S0x1129S0x116aS0x5cd	0x1094V0x10c4V0x1129V0x116aV0x5cd	0
0x1095S0x10c4S0x1129S0x116aS0x5cd	0x1095V0x10c4V0x1129V0x116aV0x5cd	0
0x1098S0x10c4S0x1129S0x116aS0x5cd	0x1098V0x10c4V0x1129V0x116aV0x5cd	0
0x1099S0x10c4S0x1129S0x116aS0x5cd	0x1099V0x10c4V0x1129V0x116aV0x5cd	0
0x1069S0x10a0S0x1129S0x116aS0x5cd	0x1069V0x10a0V0x1129V0x116aV0x5cd	0
0x106bS0x10a0S0x1129S0x116aS0x5cd	0x106bV0x10a0V0x1129V0x116aV0x5cd	0
0x1248S0x5ee	0x1248V0x5ee	0
0x124bS0x5ee	0x124bV0x5ee	0
0x1276S0x5ee	0x1276V0x5ee	0
0x1279S0x5ee	0x1279V0x5ee	0
0x123aS0x5ee	0x123aV0x5ee	0
0x123bS0x5ee	0x123bV0x5ee	0
0x123cS0x5ee	0x123cV0x5ee	0
0x123dS0x5ee	0x123dV0x5ee	0
0x1241S0x5ee	0x1241V0x5ee	0
0x1242S0x5ee	0x1242V0x5ee	0
0x1243S0x5ee	0x1243V0x5ee	0
0x1244S0x5ee	0x1244V0x5ee	0
0x1251S0x5ee	0x1251V0x5ee	0
0x1252S0x5ee	0x1252V0x5ee	0
0x1258S0x5ee	0x1258V0x5ee	0
0x1259S0x5ee	0x1259V0x5ee	0
0x34e3S0x5ee	0x34e3V0x5ee	0
0x34e4S0x5ee	0x34e4V0x5ee	0
0x1261S0x5ee	0x1261V0x5ee	0
0x1264S0x5ee	0x1264V0x5ee	0
0x1265S0x5ee	0x1265V0x5ee	0
0x1266S0x5ee	0x1266V0x5ee	0
0x1270S0x5ee	0x1270V0x5ee	0
0x1271S0x5ee	0x1271V0x5ee	0
0x1272S0x5ee	0x1272V0x5ee	0
0x127fS0x5ee	0x127fV0x5ee	0
0x1285S0x5ee	0x1285V0x5ee	0
0x1286S0x5ee	0x1286V0x5ee	0
0x3506S0x5ee	0x3506V0x5ee	0
0x3507S0x5ee	0x3507V0x5ee	0
0x11f1S0x127eS0x5ee	0x11f1V0x127eV0x5ee	0
0x11f4S0x127eS0x5ee	0x11f4V0x127eV0x5ee	0
0x120eS0x127eS0x5ee	0x120eV0x127eV0x5ee	0
0x1211S0x127eS0x5ee	0x1211V0x127eV0x5ee	0
0x122aS0x127eS0x5ee	0x122aV0x127eV0x5ee	0
0x122dS0x127eS0x5ee	0x122dV0x127eV0x5ee	0
0x11fbS0x127eS0x5ee	0x11fbV0x127eV0x5ee	0
0x11feS0x127eS0x5ee	0x11feV0x127eV0x5ee	0
0x1208S0x127eS0x5ee	0x1208V0x127eV0x5ee	0
0x1209S0x127eS0x5ee	0x1209V0x127eV0x5ee	0
0x120aS0x127eS0x5ee	0x120aV0x127eV0x5ee	0
0x347aS0x127eS0x5ee	0x347aV0x127eV0x5ee	0
0x347bS0x127eS0x5ee	0x347bV0x127eV0x5ee	0
0x1217S0x127eS0x5ee	0x1217V0x127eV0x5ee	0
0x121aS0x127eS0x5ee	0x121aV0x127eV0x5ee	0
0x121eS0x127eS0x5ee	0x121eV0x127eV0x5ee	0
0x1221S0x127eS0x5ee	0x1221V0x127eV0x5ee	0
0x1223S0x127eS0x5ee	0x1223V0x127eV0x5ee	0
0x1224S0x127eS0x5ee	0x1224V0x127eV0x5ee	0
0x1225S0x127eS0x5ee	0x1225V0x127eV0x5ee	0
0x1226S0x127eS0x5ee	0x1226V0x127eV0x5ee	0
0x349dS0x127eS0x5ee	0x349dV0x127eV0x5ee	0
0x349eS0x127eS0x5ee	0x349eV0x127eV0x5ee	0
0x34c0S0x127eS0x5ee	0x34c0V0x127eV0x5ee	0
0x34c1S0x127eS0x5ee	0x34c1V0x127eV0x5ee	0
0x11e5S0x127eS0x5ee	0x11e5V0x127eV0x5ee	0
0x11e6S0x127eS0x5ee	0x11e6V0x127eV0x5ee	0
0x11e8S0x127eS0x5ee	0x11e8V0x127eV0x5ee	0
0x11ebS0x127eS0x5ee	0x11ebV0x127eV0x5ee	0
0x11ecS0x127eS0x5ee	0x11ecV0x127eV0x5ee	0
0x11edS0x127eS0x5ee	0x11edV0x127eV0x5ee	0
0x11d1S0x1250S0x5ee	0x11d1V0x1250V0x5ee	0
0x11d3S0x1250S0x5ee	0x11d3V0x1250V0x5ee	0
0x11d6S0x1250S0x5ee	0x11d6V0x1250V0x5ee	0
0x11daS0x1250S0x5ee	0x11daV0x1250V0x5ee	0
0x11caS0x11d0S0x1250S0x5ee	0x11caV0x11d0V0x1250V0x5ee	0
0x11cbS0x11d0S0x1250S0x5ee	0x11cbV0x11d0V0x1250V0x5ee	0
0x11c5S0x11d0S0x1250S0x5ee	0x11c5V0x11d0V0x1250V0x5ee	0
0x11c6S0x11d0S0x1250S0x5ee	0x11c6V0x11d0V0x1250V0x5ee	0
0x11bbS0x11d0S0x1250S0x5ee	0x11bbV0x11d0V0x1250V0x5ee	0
0x11bfS0x11d0S0x1250S0x5ee	0x11bfV0x11d0V0x1250V0x5ee	0
0x118bS0x11baS0x11d0S0x1250S0x5ee	0x118bV0x11baV0x11d0V0x1250V0x5ee	0
0x118cS0x11baS0x11d0S0x1250S0x5ee	0x118cV0x11baV0x11d0V0x1250V0x5ee	0
0x11a2S0x11baS0x11d0S0x1250S0x5ee	0x11a2V0x11baV0x11d0V0x1250V0x5ee	0
0x11aaS0x11baS0x11d0S0x1250S0x5ee	0x11aaV0x11baV0x11d0V0x1250V0x5ee	0
0x11abS0x11baS0x11d0S0x1250S0x5ee	0x11abV0x11baV0x11d0V0x1250V0x5ee	0
0x11afS0x11baS0x11d0S0x1250S0x5ee	0x11afV0x11baV0x11d0V0x1250V0x5ee	0
0x130bS0x62a	0x130bV0x62a	0
0x130eS0x62a	0x130eV0x62a	0
0x12ffS0x62a	0x12ffV0x62a	0
0x1300S0x62a	0x1300V0x62a	0
0x1304S0x62a	0x1304V0x62a	0
0x1305S0x62a	0x1305V0x62a	0
0x1306S0x62a	0x1306V0x62a	0
0x1307S0x62a	0x1307V0x62a	0
0x1314S0x62a	0x1314V0x62a	0
0x1315S0x62a	0x1315V0x62a	0
0x131bS0x62a	0x131bV0x62a	0
0x131cS0x62a	0x131cV0x62a	0
0x3529S0x62a	0x3529V0x62a	0
0x352aS0x62a	0x352aV0x62a	0
0x11d1S0x1313S0x62a	0x11d1V0x1313V0x62a	0
0x11d3S0x1313S0x62a	0x11d3V0x1313V0x62a	0
0x11d6S0x1313S0x62a	0x11d6V0x1313V0x62a	0
0x11daS0x1313S0x62a	0x11daV0x1313V0x62a	0
0x11caS0x11d0S0x1313S0x62a	0x11caV0x11d0V0x1313V0x62a	0
0x11cbS0x11d0S0x1313S0x62a	0x11cbV0x11d0V0x1313V0x62a	0
0x11c5S0x11d0S0x1313S0x62a	0x11c5V0x11d0V0x1313V0x62a	0
0x11c6S0x11d0S0x1313S0x62a	0x11c6V0x11d0V0x1313V0x62a	0
0x11bbS0x11d0S0x1313S0x62a	0x11bbV0x11d0V0x1313V0x62a	0
0x11bfS0x11d0S0x1313S0x62a	0x11bfV0x11d0V0x1313V0x62a	0
0x118bS0x11baS0x11d0S0x1313S0x62a	0x118bV0x11baV0x11d0V0x1313V0x62a	0
0x118cS0x11baS0x11d0S0x1313S0x62a	0x118cV0x11baV0x11d0V0x1313V0x62a	0
0x11a2S0x11baS0x11d0S0x1313S0x62a	0x11a2V0x11baV0x11d0V0x1313V0x62a	0
0x11aaS0x11baS0x11d0S0x1313S0x62a	0x11aaV0x11baV0x11d0V0x1313V0x62a	0
0x11abS0x11baS0x11d0S0x1313S0x62a	0x11abV0x11baV0x11d0V0x1313V0x62a	0
0x11afS0x11baS0x11d0S0x1313S0x62a	0x11afV0x11baV0x11d0V0x1313V0x62a	0
0x130bS0x916B0x5c8	0x130bV0x916B0x5c8	0
0x130eS0x916B0x5c8	0x130eV0x916B0x5c8	0
0x12ffS0x916B0x5c8	0x12ffV0x916B0x5c8	0
0x1300S0x916B0x5c8	0x1300V0x916B0x5c8	0
0x1304S0x916B0x5c8	0x1304V0x916B0x5c8	0
0x1305S0x916B0x5c8	0x1305V0x916B0x5c8	0
0x1306S0x916B0x5c8	0x1306V0x916B0x5c8	0
0x1307S0x916B0x5c8	0x1307V0x916B0x5c8	0
0x1314S0x916B0x5c8	0x1314V0x916B0x5c8	0
0x1315S0x916B0x5c8	0x1315V0x916B0x5c8	0
0x131bS0x916B0x5c8	0x131bV0x916B0x5c8	0
0x131cS0x916B0x5c8	0x131cV0x916B0x5c8	0
0x3529S0x916B0x5c8	0x3529V0x916B0x5c8	0
0x352aS0x916B0x5c8	0x352aV0x916B0x5c8	0
0x11d1S0x1313S0x916B0x5c8	0x11d1V0x1313V0x916B0x5c8	0
0x11d3S0x1313S0x916B0x5c8	0x11d3V0x1313V0x916B0x5c8	0
0x11d6S0x1313S0x916B0x5c8	0x11d6V0x1313V0x916B0x5c8	0
0x11daS0x1313S0x916B0x5c8	0x11daV0x1313V0x916B0x5c8	0
0x11caS0x11d0S0x1313S0x916B0x5c8	0x11caV0x11d0V0x1313V0x916B0x5c8	0
0x11cbS0x11d0S0x1313S0x916B0x5c8	0x11cbV0x11d0V0x1313V0x916B0x5c8	0
0x11c5S0x11d0S0x1313S0x916B0x5c8	0x11c5V0x11d0V0x1313V0x916B0x5c8	0
0x11c6S0x11d0S0x1313S0x916B0x5c8	0x11c6V0x11d0V0x1313V0x916B0x5c8	0
0x11bbS0x11d0S0x1313S0x916B0x5c8	0x11bbV0x11d0V0x1313V0x916B0x5c8	0
0x11bfS0x11d0S0x1313S0x916B0x5c8	0x11bfV0x11d0V0x1313V0x916B0x5c8	0
0x118bS0x11baS0x11d0S0x1313S0x916B0x5c8	0x118bV0x11baV0x11d0V0x1313V0x916B0x5c8	0
0x118cS0x11baS0x11d0S0x1313S0x916B0x5c8	0x118cV0x11baV0x11d0V0x1313V0x916B0x5c8	0
0x11a2S0x11baS0x11d0S0x1313S0x916B0x5c8	0x11a2V0x11baV0x11d0V0x1313V0x916B0x5c8	0
0x11aaS0x11baS0x11d0S0x1313S0x916B0x5c8	0x11aaV0x11baV0x11d0V0x1313V0x916B0x5c8	0
0x11abS0x11baS0x11d0S0x1313S0x916B0x5c8	0x11abV0x11baV0x11d0V0x1313V0x916B0x5c8	0
0x11afS0x11baS0x11d0S0x1313S0x916B0x5c8	0x11afV0x11baV0x11d0V0x1313V0x916B0x5c8	0
0xbb2S0x640	0xbb2V0x640	0
0xbb4S0x640	0xbb4V0x640	0
0xbb5S0x640	0xbb5V0x640	0
0xbd8S0x640	0xbd8V0x640	0
0xbdaS0x640	0xbdaV0x640	0
0xbdbS0x640	0xbdbV0x640	0
0xbdfS0x640	0xbdfV0x640	0
0xc3aS0x640	0xc3aV0x640	0
0xc3bS0x640	0xc3bV0x640	0
0xc3cS0x640	0xc3cV0x640	0
0xc3eS0x640	0xc3eV0x640	0
0xc3fS0x640	0xc3fV0x640	0
0xc6fS0x640	0xc6fV0x640	0
0xc71S0x640	0xc71V0x640	0
0xc72S0x640	0xc72V0x640	0
0xc95S0x640	0xc95V0x640	0
0xc97S0x640	0xc97V0x640	0
0xc98S0x640	0xc98V0x640	0
0xc9cS0x640	0xc9cV0x640	0
0xd0dS0x640	0xd0dV0x640	0
0xd0eS0x640	0xd0eV0x640	0
0xd0fS0x640	0xd0fV0x640	0
0xd11S0x640	0xd11V0x640	0
0xd12S0x640	0xd12V0x640	0
0xd3dS0x640	0xd3dV0x640	0
0xd3fS0x640	0xd3fV0x640	0
0xd40S0x640	0xd40V0x640	0
0xd63S0x640	0xd63V0x640	0
0xd65S0x640	0xd65V0x640	0
0xd66S0x640	0xd66V0x640	0
0xd6aS0x640	0xd6aV0x640	0
0xb6bS0x640	0xb6bV0x640	0
0xb80S0x640	0xb80V0x640	0
0xb95S0x640	0xb95V0x640	0
0xb96S0x640	0xb96V0x640	0
0xb97S0x640	0xb97V0x640	0
0xbacS0x640	0xbacV0x640	0
0xbadS0x640	0xbadV0x640	0
0xbaeS0x640	0xbaeV0x640	0
0xbedS0x640	0xbedV0x640	0
0xbefS0x640	0xbefV0x640	0
0xc04S0x640	0xc04V0x640	0
0xc05S0x640	0xc05V0x640	0
0xc0aS0x640	0xc0aV0x640	0
0xc0bS0x640	0xc0bV0x640	0
0xc0dS0x640	0xc0dV0x640	0
0xc0fS0x640	0xc0fV0x640	0
0xc14S0x640	0xc14V0x640	0
0xc15S0x640	0xc15V0x640	0
0xc17S0x640	0xc17V0x640	0
0xc1aS0x640	0xc1aV0x640	0
0xc1cS0x640	0xc1cV0x640	0
0xc1dS0x640	0xc1dV0x640	0
0xc22S0x640	0xc22V0x640	0
0xbe4S0x640	0xbe4V0x640	0
0xbe6S0x640	0xbe6V0x640	0
0xbe9S0x640	0xbe9V0x640	0
0xc27S0x640	0xc27V0x640	0
0xc29S0x640	0xc29V0x640	0
0xc2bS0x640	0xc2bV0x640	0
0xc2eS0x640	0xc2eV0x640	0
0xc31S0x640	0xc31V0x640	0
0xc32S0x640	0xc32V0x640	0
0xc33S0x640	0xc33V0x640	0
0xc35S0x640	0xc35V0x640	0
0xc36S0x640	0xc36V0x640	0
0xc46S0x640	0xc46V0x640	0
0xc48S0x640	0xc48V0x640	0
0xc49S0x640	0xc49V0x640	0
0xc4aS0x640	0xc4aV0x640	0
0xc4cS0x640	0xc4cV0x640	0
0xc4dS0x640	0xc4dV0x640	0
0xc50S0x640	0xc50V0x640	0
0xc51S0x640	0xc51V0x640	0
0xc53S0x640	0xc53V0x640	0
0xc55S0x640	0xc55V0x640	0
0xc5aS0x640	0xc5aV0x640	0
0xc5cS0x640	0xc5cV0x640	0
0xc61S0x640	0xc61V0x640	0
0xc68S0x640	0xc68V0x640	0
0xc6aS0x640	0xc6aV0x640	0
0xc6bS0x640	0xc6bV0x640	0
0xcabS0x640	0xcabV0x640	0
0xcc0S0x640	0xcc0V0x640	0
0xcc1S0x640	0xcc1V0x640	0
0xcc6S0x640	0xcc6V0x640	0
0xcdcS0x640	0xcdcV0x640	0
0xcdeS0x640	0xcdeV0x640	0
0xce0S0x640	0xce0V0x640	0
0xce5S0x640	0xce5V0x640	0
0xce6S0x640	0xce6V0x640	0
0xce8S0x640	0xce8V0x640	0
0xcebS0x640	0xcebV0x640	0
0xcedS0x640	0xcedV0x640	0
0xceeS0x640	0xceeV0x640	0
0xcf4S0x640	0xcf4V0x640	0
0xca1S0x640	0xca1V0x640	0
0xca3S0x640	0xca3V0x640	0
0xca6S0x640	0xca6V0x640	0
0xcf9S0x640	0xcf9V0x640	0
0xcfbS0x640	0xcfbV0x640	0
0xcfdS0x640	0xcfdV0x640	0
0xd00S0x640	0xd00V0x640	0
0xd02S0x640	0xd02V0x640	0
0xd04S0x640	0xd04V0x640	0
0xd05S0x640	0xd05V0x640	0
0xd06S0x640	0xd06V0x640	0
0xd08S0x640	0xd08V0x640	0
0xd09S0x640	0xd09V0x640	0
0xd19S0x640	0xd19V0x640	0
0xd1bS0x640	0xd1bV0x640	0
0xd1cS0x640	0xd1cV0x640	0
0xd1dS0x640	0xd1dV0x640	0
0xd1fS0x640	0xd1fV0x640	0
0xd20S0x640	0xd20V0x640	0
0xd23S0x640	0xd23V0x640	0
0xd24S0x640	0xd24V0x640	0
0xd26S0x640	0xd26V0x640	0
0xd28S0x640	0xd28V0x640	0
0xd2dS0x640	0xd2dV0x640	0
0xd2fS0x640	0xd2fV0x640	0
0xd34S0x640	0xd34V0x640	0
0xd39S0x640	0xd39V0x640	0
0xd6fS0x640	0xd6fV0x640	0
0xd71S0x640	0xd71V0x640	0
0xd74S0x640	0xd74V0x640	0
0x142dS0xbb2S0x640	0x142dV0xbb2V0x640	0
0x142eS0xbb2S0x640	0x142eV0xbb2V0x640	0
0x1431S0xbb2S0x640	0x1431V0xbb2V0x640	0
0x1436S0xbb2S0x640	0x1436V0xbb2V0x640	0
0x1437S0xbb2S0x640	0x1437V0xbb2V0x640	0
0x1439S0xbb2S0x640	0x1439V0xbb2V0x640	0
0x143bS0xbb2S0x640	0x143bV0xbb2V0x640	0
0x143fS0xbb2S0x640	0x143fV0xbb2V0x640	0
0x1419S0xbb2S0x640	0x1419V0xbb2V0x640	0
0x141dS0xbb2S0x640	0x141dV0xbb2V0x640	0
0x1422S0xbb2S0x640	0x1422V0xbb2V0x640	0
0x1425S0xbb2S0x640	0x1425V0xbb2V0x640	0
0x13e3S0xbb2S0x640	0x13e3V0xbb2V0x640	0
0x1404S0xbb2S0x640	0x1404V0xbb2V0x640	0
0x1406S0xbb2S0x640	0x1406V0xbb2V0x640	0
0x140bS0xbb2S0x640	0x140bV0xbb2V0x640	0
0x140cS0xbb2S0x640	0x140cV0xbb2V0x640	0
0x140fS0xbb2S0x640	0x140fV0xbb2V0x640	0
0x1412S0xbb2S0x640	0x1412V0xbb2V0x640	0
0x136bS0x140aS0xbb2S0x640	0x136bV0x140aV0xbb2V0x640	0
0x136fS0x140aS0xbb2S0x640	0x136fV0x140aV0xbb2V0x640	0
0x1372S0x140aS0xbb2S0x640	0x1372V0x140aV0xbb2V0x640	0
0x16fdS0xc6fS0x640	0x16fdV0xc6fV0x640	0
0x16feS0xc6fS0x640	0x16feV0xc6fV0x640	0
0x1701S0xc6fS0x640	0x1701V0xc6fV0x640	0
0x1706S0xc6fS0x640	0x1706V0xc6fV0x640	0
0x1707S0xc6fS0x640	0x1707V0xc6fV0x640	0
0x1709S0xc6fS0x640	0x1709V0xc6fV0x640	0
0x170bS0xc6fS0x640	0x170bV0xc6fV0x640	0
0x170fS0xc6fS0x640	0x170fV0xc6fV0x640	0
0x16e9S0xc6fS0x640	0x16e9V0xc6fV0x640	0
0x16edS0xc6fS0x640	0x16edV0xc6fV0x640	0
0x16f2S0xc6fS0x640	0x16f2V0xc6fV0x640	0
0x16f5S0xc6fS0x640	0x16f5V0xc6fV0x640	0
0x16b3S0xc6fS0x640	0x16b3V0xc6fV0x640	0
0x16d4S0xc6fS0x640	0x16d4V0xc6fV0x640	0
0x16d6S0xc6fS0x640	0x16d6V0xc6fV0x640	0
0x16dbS0xc6fS0x640	0x16dbV0xc6fV0x640	0
0x16dcS0xc6fS0x640	0x16dcV0xc6fV0x640	0
0x16dfS0xc6fS0x640	0x16dfV0xc6fV0x640	0
0x16e2S0xc6fS0x640	0x16e2V0xc6fV0x640	0
0x136bS0x16daS0xc6fS0x640	0x136bV0x16daV0xc6fV0x640	0
0x136fS0x16daS0xc6fS0x640	0x136fV0x16daV0xc6fV0x640	0
0x1372S0x16daS0xc6fS0x640	0x1372V0x16daV0xc6fV0x640	0
0x17fbS0xd3dS0x640	0x17fbV0xd3dV0x640	0
0x17fcS0xd3dS0x640	0x17fcV0xd3dV0x640	0
0x17ffS0xd3dS0x640	0x17ffV0xd3dV0x640	0
0x1804S0xd3dS0x640	0x1804V0xd3dV0x640	0
0x1805S0xd3dS0x640	0x1805V0xd3dV0x640	0
0x1807S0xd3dS0x640	0x1807V0xd3dV0x640	0
0x1809S0xd3dS0x640	0x1809V0xd3dV0x640	0
0x180dS0xd3dS0x640	0x180dV0xd3dV0x640	0
0x17e7S0xd3dS0x640	0x17e7V0xd3dV0x640	0
0x17ebS0xd3dS0x640	0x17ebV0xd3dV0x640	0
0x17f0S0xd3dS0x640	0x17f0V0xd3dV0x640	0
0x17f3S0xd3dS0x640	0x17f3V0xd3dV0x640	0
0x17b1S0xd3dS0x640	0x17b1V0xd3dV0x640	0
0x17d2S0xd3dS0x640	0x17d2V0xd3dV0x640	0
0x17d4S0xd3dS0x640	0x17d4V0xd3dV0x640	0
0x17d9S0xd3dS0x640	0x17d9V0xd3dV0x640	0
0x17daS0xd3dS0x640	0x17daV0xd3dV0x640	0
0x17ddS0xd3dS0x640	0x17ddV0xd3dV0x640	0
0x17e0S0xd3dS0x640	0x17e0V0xd3dV0x640	0
0x136bS0x17d8S0xd3dS0x640	0x136bV0x17d8V0xd3dV0x640	0
0x136fS0x17d8S0xd3dS0x640	0x136fV0x17d8V0xd3dV0x640	0
0x1372S0x17d8S0xd3dS0x640	0x1372V0x17d8V0xd3dV0x640	0
0x163cS0xbecS0x640	0x163cV0xbecV0x640	0
0x163dS0xbecS0x640	0x163dV0xbecV0x640	0
0x1640S0xbecS0x640	0x1640V0xbecV0x640	0
0x1643S0xbecS0x640	0x1643V0xbecV0x640	0
0x1646S0xbecS0x640	0x1646V0xbecV0x640	0
0x1648S0xbecS0x640	0x1648V0xbecV0x640	0
0x164aS0xbecS0x640	0x164aV0xbecV0x640	0
0x162dS0x163bS0xbecS0x640	0x162dV0x163bV0xbecV0x640	0
0x1631S0x163bS0xbecS0x640	0x1631V0x163bV0xbecV0x640	0
0x118bS0x162cS0x163bS0xbecS0x640	0x118bV0x162cV0x163bV0xbecV0x640	0
0x118cS0x162cS0x163bS0xbecS0x640	0x118cV0x162cV0x163bV0xbecV0x640	0
0x11a2S0x162cS0x163bS0xbecS0x640	0x11a2V0x162cV0x163bV0xbecV0x640	0
0x11aaS0x162cS0x163bS0xbecS0x640	0x11aaV0x162cV0x163bV0xbecV0x640	0
0x11abS0x162cS0x163bS0xbecS0x640	0x11abV0x162cV0x163bV0xbecV0x640	0
0x11afS0x162cS0x163bS0xbecS0x640	0x11afV0x162cV0x163bV0xbecV0x640	0
0x172aS0xca9S0x640	0x172aV0xca9V0x640	0
0x172bS0xca9S0x640	0x172bV0xca9V0x640	0
0x172eS0xca9S0x640	0x172eV0xca9V0x640	0
0x1731S0xca9S0x640	0x1731V0xca9V0x640	0
0x1734S0xca9S0x640	0x1734V0xca9V0x640	0
0x1736S0xca9S0x640	0x1736V0xca9V0x640	0
0x1738S0xca9S0x640	0x1738V0xca9V0x640	0
0x173dS0xca9S0x640	0x173dV0xca9V0x640	0
0x1740S0xca9S0x640	0x1740V0xca9V0x640	0
0x1743S0xca9S0x640	0x1743V0xca9V0x640	0
0x1745S0xca9S0x640	0x1745V0xca9V0x640	0
0x171bS0xca9S0x640	0x171bV0xca9V0x640	0
0x171fS0xca9S0x640	0x171fV0xca9V0x640	0
0x1655S0x171aS0xca9S0x640	0x1655V0x171aV0xca9V0x640	0
0x162dS0x1729S0xca9S0x640	0x162dV0x1729V0xca9V0x640	0
0x1631S0x1729S0xca9S0x640	0x1631V0x1729V0xca9V0x640	0
0x118bS0x162cS0x1729S0xca9S0x640	0x118bV0x162cV0x1729V0xca9V0x640	0
0x118cS0x162cS0x1729S0xca9S0x640	0x118cV0x162cV0x1729V0xca9V0x640	0
0x11a2S0x162cS0x1729S0xca9S0x640	0x11a2V0x162cV0x1729V0xca9V0x640	0
0x11aaS0x162cS0x1729S0xca9S0x640	0x11aaV0x162cV0x1729V0xca9V0x640	0
0x11abS0x162cS0x1729S0xca9S0x640	0x11abV0x162cV0x1729V0xca9V0x640	0
0x11afS0x162cS0x1729S0xca9S0x640	0x11afV0x162cV0x1729V0xca9V0x640	0
0x1792S0xd14S0x640	0x1792V0xd14V0x640	0
0x1795S0xd14S0x640	0x1795V0xd14V0x640	0
0x1786S0xd14S0x640	0x1786V0xd14V0x640	0
0x1787S0xd14S0x640	0x1787V0xd14V0x640	0
0x178bS0xd14S0x640	0x178bV0xd14V0x640	0
0x178cS0xd14S0x640	0x178cV0xd14V0x640	0
0x178dS0xd14S0x640	0x178dV0xd14V0x640	0
0x178eS0xd14S0x640	0x178eV0xd14V0x640	0
0x179bS0xd14S0x640	0x179bV0xd14V0x640	0
0x179cS0xd14S0x640	0x179cV0xd14V0x640	0
0x17a2S0xd14S0x640	0x17a2V0xd14V0x640	0
0x17a3S0xd14S0x640	0x17a3V0xd14V0x640	0
0x356fS0xd14S0x640	0x356fV0xd14V0x640	0
0x3570S0xd14S0x640	0x3570V0xd14V0x640	0
0x1772S0x179aS0xd14S0x640	0x1772V0x179aV0xd14V0x640	0
0x1774S0x179aS0xd14S0x640	0x1774V0x179aV0xd14V0x640	0
0x1777S0x179aS0xd14S0x640	0x1777V0x179aV0xd14V0x640	0
0x177bS0x179aS0xd14S0x640	0x177bV0x179aV0xd14V0x640	0
0x176bS0x1771S0x179aS0xd14S0x640	0x176bV0x1771V0x179aV0xd14V0x640	0
0x176cS0x1771S0x179aS0xd14S0x640	0x176cV0x1771V0x179aV0xd14V0x640	0
0x1766S0x1771S0x179aS0xd14S0x640	0x1766V0x1771V0x179aV0xd14V0x640	0
0x1767S0x1771S0x179aS0xd14S0x640	0x1767V0x1771V0x179aV0xd14V0x640	0
0x1751S0x1771S0x179aS0xd14S0x640	0x1751V0x1771V0x179aV0xd14V0x640	0
0x1753S0x1771S0x179aS0xd14S0x640	0x1753V0x1771V0x179aV0xd14V0x640	0
0x1754S0x1771S0x179aS0xd14S0x640	0x1754V0x1771V0x179aV0xd14V0x640	0
0x175cS0x1771S0x179aS0xd14S0x640	0x175cV0x1771V0x179aV0xd14V0x640	0
0x1760S0x1771S0x179aS0xd14S0x640	0x1760V0x1771V0x179aV0xd14V0x640	0
0x1694S0xc41S0x640	0x1694V0xc41V0x640	0
0x1697S0xc41S0x640	0x1697V0xc41V0x640	0
0x1688S0xc41S0x640	0x1688V0xc41V0x640	0
0x1689S0xc41S0x640	0x1689V0xc41V0x640	0
0x168dS0xc41S0x640	0x168dV0xc41V0x640	0
0x168eS0xc41S0x640	0x168eV0xc41V0x640	0
0x168fS0xc41S0x640	0x168fV0xc41V0x640	0
0x1690S0xc41S0x640	0x1690V0xc41V0x640	0
0x169dS0xc41S0x640	0x169dV0xc41V0x640	0
0x169eS0xc41S0x640	0x169eV0xc41V0x640	0
0x16a4S0xc41S0x640	0x16a4V0xc41V0x640	0
0x16a5S0xc41S0x640	0x16a5V0xc41V0x640	0
0x354cS0xc41S0x640	0x354cV0xc41V0x640	0
0x354dS0xc41S0x640	0x354dV0xc41V0x640	0
0x1674S0x169cS0xc41S0x640	0x1674V0x169cV0xc41V0x640	0
0x1676S0x169cS0xc41S0x640	0x1676V0x169cV0xc41V0x640	0
0x1679S0x169cS0xc41S0x640	0x1679V0x169cV0xc41V0x640	0
0x167dS0x169cS0xc41S0x640	0x167dV0x169cV0xc41V0x640	0
0x166dS0x1673S0x169cS0xc41S0x640	0x166dV0x1673V0x169cV0xc41V0x640	0
0x166eS0x1673S0x169cS0xc41S0x640	0x166eV0x1673V0x169cV0xc41V0x640	0
0x1668S0x1673S0x169cS0xc41S0x640	0x1668V0x1673V0x169cV0xc41V0x640	0
0x1669S0x1673S0x169cS0xc41S0x640	0x1669V0x1673V0x169cV0xc41V0x640	0
0x165eS0x1673S0x169cS0xc41S0x640	0x165eV0x1673V0x169cV0xc41V0x640	0
0x1662S0x1673S0x169cS0xc41S0x640	0x1662V0x1673V0x169cV0xc41V0x640	0
0x1655S0x165dS0x1673S0x169cS0xc41S0x640	0x1655V0x165dV0x1673V0x169cV0xc41V0x640	0
