[0x00000000, nil]
[0xdbecc616, nil]
[0x1aca6376, nil]
[0xe00af4a7, nil]
[0x66d003ac, nil]
[0xdbecc616, [0x154, nil]]
[0xf7448a31, nil]
[0x1aca6376, [0x9c, nil]]
[0x6effec50, nil]
[0xe00af4a7, [0x17c, nil]]
[0xfaa0f4d8, nil]
[0x66d003ac, [0xc4, nil]]
[0x8da5cb5b, nil]
[0xf7448a31, [0x1a4, nil]]
[0xdbecc616, [0xe8e, [0x154, nil]]]
[0x6effec50, [0xee, nil]]
[0x1aca6376, [0xc97, [0x9c, nil]]]
[0xfaa0f4d8, [0x1cc, nil]]
[0xe00af4a7, [0xf1f, [0x17c, nil]]]
[0x8da5cb5b, [0x12a, nil]]
[0x66d003ac, [0xcd, nil]]
[0xf7448a31, [0xf4b, [0x1a4, nil]]]
[0x6effec50, [0xd71, [0xee, nil]]]
[0xdbecc616, [0xc39, [0xe8e, [0x154, nil]]]]
[0xfaa0f4d8, [0xf8b, [0x1cc, nil]]]
[0x1aca6376, [0xc39, [0xc97, [0x9c, nil]]]]
[0xe00af4a7, [0xc39, [0xf1f, [0x17c, nil]]]]
[0x8da5cb5b, [0x133, nil]]
[0x66d003ac, [0xcdf, [0xcd, nil]]]
[0xf7448a31, [0xc39, [0xf4b, [0x1a4, nil]]]]
[0xdbecc616, [0xc23, [0xc39, [0xe8e, [0x154, nil]]]]]
[0x6effec50, [0xc39, [0xd71, [0xee, nil]]]]
[0x1aca6376, [0xc23, [0xc39, [0xc97, [0x9c, nil]]]]]
[0xfaa0f4d8, [0xc39, [0xf8b, [0x1cc, nil]]]]
[0xe00af4a7, [0xc23, [0xc39, [0xf1f, [0x17c, nil]]]]]
[0x8da5cb5b, [0xcdf, [0x133, nil]]]
[0x66d003ac, [0xcd0, [0xcdf, [0xcd, nil]]]]
[0xf7448a31, [0xc23, [0xc39, [0xf4b, [0x1a4, nil]]]]]
[0xdbecc616, [0xc12, [0xc23, [0xc39, [0xe8e, [0x154, nil]]]]]]
[0x6effec50, [0xc23, [0xc39, [0xd71, [0xee, nil]]]]]
[0x1aca6376, [0xc12, [0xc23, [0xc39, [0xc97, [0x9c, nil]]]]]]
[0xfaa0f4d8, [0xc23, [0xc39, [0xf8b, [0x1cc, nil]]]]]
[0xe00af4a7, [0xc12, [0xc23, [0xc39, [0xf1f, [0x17c, nil]]]]]]
[0x8da5cb5b, [0xcd0, [0xcdf, [0x133, nil]]]]
[0x66d003ac, [0xc12, [0xcd0, [0xcdf, [0xcd, nil]]]]]
[0xf7448a31, [0xc12, [0xc23, [0xc39, [0xf4b, [0x1a4, nil]]]]]]
[0x6effec50, [0xc12, [0xc23, [0xc39, [0xd71, [0xee, nil]]]]]]
[0xfaa0f4d8, [0xc12, [0xc23, [0xc39, [0xf8b, [0x1cc, nil]]]]]]
[0x8da5cb5b, [0xc12, [0xcd0, [0xcdf, [0x133, nil]]]]]
[0xdbecc616, [0xe9b, [0x154, nil]]]
[0x1aca6376, [0xca4, [0x9c, nil]]]
[0xf7448a31, [0xf58, [0x1a4, nil]]]
[0x6effec50, [0xd7e, [0xee, nil]]]
[0xdbecc616, [0xc39, [0xe9b, [0x154, nil]]]]
[0xe00af4a7, [0xf2c, [0x17c, nil]]]
[0x1aca6376, [0xc39, [0xca4, [0x9c, nil]]]]
[0xfaa0f4d8, [0xfb9, [0x1cc, nil]]]
[0xf7448a31, [0xc6c, [0xf58, [0x1a4, nil]]]]
[0xdbecc616, [0xc23, [0xc39, [0xe9b, [0x154, nil]]]]]
[0x6effec50, [0xc6c, [0xd7e, [0xee, nil]]]]
[0x1aca6376, [0xc23, [0xc39, [0xca4, [0x9c, nil]]]]]
[0xe00af4a7, [0x67b, [0xf2c, [0x17c, nil]]]]
[0xe00af4a7, [0x6b5, [0xf2c, [0x17c, nil]]]]
[0xf7448a31, [0xc56, [0xc6c, [0xf58, [0x1a4, nil]]]]]
[0xdbecc616, [0xc12, [0xc23, [0xc39, [0xe9b, [0x154, nil]]]]]]
[0x6effec50, [0xc56, [0xc6c, [0xd7e, [0xee, nil]]]]]
[0x1aca6376, [0xc12, [0xc23, [0xc39, [0xca4, [0x9c, nil]]]]]]
[0xe00af4a7, [0x10e7, [0x67b, [0xf2c, [0x17c, nil]]]]]
[0xe00af4a7, [0xcdf, [0x6b5, [0xf2c, [0x17c, nil]]]]]
[0xe00af4a7, [0x10c5, [0x10e7, [0x67b, [0xf2c, [0x17c, nil]]]]]]
[0xe00af4a7, [0xcd0, [0xcdf, [0x6b5, [0xf2c, [0x17c, nil]]]]]]
[0xfaa0f4d8, [0xfc5, [0x1cc, nil]]]
[0xe00af4a7, [0x10d1, [0x10e7, [0x67b, [0xf2c, [0x17c, nil]]]]]]
[0xe00af4a7, [0xc12, [0xcd0, [0xcdf, [0x6b5, [0xf2c, [0x17c, nil]]]]]]]
[0xfaa0f4d8, [0xc39, [0xfc5, [0x1cc, nil]]]]
[0xdbecc616, [0xeac, [0x154, nil]]]
[0xf7448a31, [0xf69, [0x1a4, nil]]]
[0x6effec50, [0xdb0, [0xee, nil]]]
[0x1aca6376, [0xcb5, [0x9c, nil]]]
[0xfaa0f4d8, [0xc23, [0xc39, [0xfc5, [0x1cc, nil]]]]]
[0xdbecc616, [0xc6c, [0xeac, [0x154, nil]]]]
[0xf7448a31, [0x858, [0xf69, [0x1a4, nil]]]]
[0xfaa0f4d8, [0xc12, [0xc23, [0xc39, [0xfc5, [0x1cc, nil]]]]]]
[0x1aca6376, [0xc6c, [0xcb5, [0x9c, nil]]]]
[0xf7448a31, [0x892, [0xf69, [0x1a4, nil]]]]
[0xdbecc616, [0xc56, [0xc6c, [0xeac, [0x154, nil]]]]]
[0x1aca6376, [0xc56, [0xc6c, [0xcb5, [0x9c, nil]]]]]
[0xf7448a31, [0x10e7, [0x858, [0xf69, [0x1a4, nil]]]]]
[0xe00af4a7, [0x70a, [0xf2c, [0x17c, nil]]]]
[0xf7448a31, [0x12c0, [0x892, [0xf69, [0x1a4, nil]]]]]
[0xf7448a31, [0x10c5, [0x10e7, [0x858, [0xf69, [0x1a4, nil]]]]]]
[0xf7448a31, [0xcd0, [0x12c0, [0x892, [0xf69, [0x1a4, nil]]]]]]
[0xe00af4a7, [0x12aa, [0x70a, [0xf2c, [0x17c, nil]]]]]
[0x6effec50, [0xdbc, [0xee, nil]]]
[0xf7448a31, [0x10d1, [0x10e7, [0x858, [0xf69, [0x1a4, nil]]]]]]
[0xf7448a31, [0xc12, [0xcd0, [0x12c0, [0x892, [0xf69, [0x1a4, nil]]]]]]]
[0xe00af4a7, [0x1281, [0x12aa, [0x70a, [0xf2c, [0x17c, nil]]]]]]
[0xdbecc616, [0xebd, [0x154, nil]]]
[0x6effec50, [0x418, [0xdbc, [0xee, nil]]]]
[0x6effec50, [0x452, [0xdbc, [0xee, nil]]]]
[0xfaa0f4d8, [0xfd8, [0x1cc, nil]]]
[0xe00af4a7, [0xc56, [0x1281, [0x12aa, [0x70a, [0xf2c, [0x17c, nil]]]]]]]
[0x1aca6376, [0xcc6, [0x9c, nil]]]
[0xdbecc616, [0xc6c, [0xebd, [0x154, nil]]]]
[0x6effec50, [0x10e7, [0x418, [0xdbc, [0xee, nil]]]]]
[0x6effec50, [0x117b, [0x452, [0xdbc, [0xee, nil]]]]]
[0xf7448a31, [0x12d3, [0x892, [0xf69, [0x1a4, nil]]]]]
[0xfaa0f4d8, [0x9b1, [0xfd8, [0x1cc, nil]]]]
[0xfaa0f4d8, [0x9eb, [0xfd8, [0x1cc, nil]]]]
[0xdbecc616, [0xc56, [0xc6c, [0xebd, [0x154, nil]]]]]
[0x6effec50, [0x10c5, [0x10e7, [0x418, [0xdbc, [0xee, nil]]]]]]
[0x1aca6376, [0x2f9, [0xcc6, [0x9c, nil]]]]
[0x6effec50, [0x1157, [0x117b, [0x452, [0xdbc, [0xee, nil]]]]]]
[0x1aca6376, [0x333, [0xcc6, [0x9c, nil]]]]
[0xf7448a31, [0x1105, [0x12d3, [0x892, [0xf69, [0x1a4, nil]]]]]]
[0xfaa0f4d8, [0x10e7, [0x9b1, [0xfd8, [0x1cc, nil]]]]]
[0x6effec50, [0x10d1, [0x10e7, [0x418, [0xdbc, [0xee, nil]]]]]]
[0xfaa0f4d8, [0x117b, [0x9eb, [0xfd8, [0x1cc, nil]]]]]
[0x6effec50, [0x1162, [0x117b, [0x452, [0xdbc, [0xee, nil]]]]]]
[0x1aca6376, [0x10e7, [0x2f9, [0xcc6, [0x9c, nil]]]]]
[0x1aca6376, [0x1114, [0x333, [0xcc6, [0x9c, nil]]]]]
[0xfaa0f4d8, [0x10c5, [0x10e7, [0x9b1, [0xfd8, [0x1cc, nil]]]]]]
[0xfaa0f4d8, [0x1157, [0x117b, [0x9eb, [0xfd8, [0x1cc, nil]]]]]]
[0x1aca6376, [0x10c5, [0x10e7, [0x2f9, [0xcc6, [0x9c, nil]]]]]]
[0x1aca6376, [0xcd0, [0x1114, [0x333, [0xcc6, [0x9c, nil]]]]]]
[0xe00af4a7, [0x739, [0xf2c, [0x17c, nil]]]]
[0xfaa0f4d8, [0x10d1, [0x10e7, [0x9b1, [0xfd8, [0x1cc, nil]]]]]]
[0xfaa0f4d8, [0x1162, [0x117b, [0x9eb, [0xfd8, [0x1cc, nil]]]]]]
[0x1aca6376, [0x10d1, [0x10e7, [0x2f9, [0xcc6, [0x9c, nil]]]]]]
[0x1aca6376, [0xc12, [0xcd0, [0x1114, [0x333, [0xcc6, [0x9c, nil]]]]]]]
[0xdbecc616, [0xeef, [0x154, nil]]]
[0xf7448a31, [0x8fe, [0xf69, [0x1a4, nil]]]]
[0xe00af4a7, [0x12c0, [0x739, [0xf2c, [0x17c, nil]]]]]
[0xe00af4a7, [0xcd0, [0x12c0, [0x739, [0xf2c, [0x17c, nil]]]]]]
[0xf7448a31, [0x1331, [0x8fe, [0xf69, [0x1a4, nil]]]]]
[0x6effec50, [0x4c6, [0xdbc, [0xee, nil]]]]
[0x1aca6376, [0x1127, [0x333, [0xcc6, [0x9c, nil]]]]]
[0xe00af4a7, [0xc12, [0xcd0, [0x12c0, [0x739, [0xf2c, [0x17c, nil]]]]]]]
[0x6effec50, [0x109, nil]]
[0xf7448a31, [0x1308, [0x1331, [0x8fe, [0xf69, [0x1a4, nil]]]]]]
[0x6effec50, [0x11dd, [0x4c6, [0xdbc, [0xee, nil]]]]]
[0x1aca6376, [0xcd0, [0x1127, [0x333, [0xcc6, [0x9c, nil]]]]]]
[0xfaa0f4d8, [0xa5b, [0xfd8, [0x1cc, nil]]]]
[0xf7448a31, [0x12f2, [0x1308, [0x1331, [0x8fe, [0xf69, [0x1a4, nil]]]]]]]
[0xfaa0f4d8, [0xa95, [0xfd8, [0x1cc, nil]]]]
[0x6effec50, [0xe54, [0x109, nil]]]
[0x6effec50, [0x11bb, [0x11dd, [0x4c6, [0xdbc, [0xee, nil]]]]]]
[0xdbecc616, [0xefb, [0x154, nil]]]
[0x1aca6376, [0xc12, [0xcd0, [0x1127, [0x333, [0xcc6, [0x9c, nil]]]]]]]
[0xe00af4a7, [0x12d3, [0x739, [0xf2c, [0x17c, nil]]]]]
[0xfaa0f4d8, [0x1461, [0xa5b, [0xfd8, [0x1cc, nil]]]]]
[0x6effec50, [0xe1c, [0xe54, [0x109, nil]]]]
[0x6effec50, [0x11c7, [0x11dd, [0x4c6, [0xdbc, [0xee, nil]]]]]]
[0xfaa0f4d8, [0xcdf, [0xa95, [0xfd8, [0x1cc, nil]]]]]
[0xdbecc616, [0x56d, [0xefb, [0x154, nil]]]]
[0xdbecc616, [0x5a7, [0xefb, [0x154, nil]]]]
[0xfaa0f4d8, [0x143f, [0x1461, [0xa5b, [0xfd8, [0x1cc, nil]]]]]]
[0x6effec50, [0xe26, [0xe54, [0x109, nil]]]]
[0xe00af4a7, [0x1105, [0x12d3, [0x739, [0xf2c, [0x17c, nil]]]]]]
[0xfaa0f4d8, [0xcd0, [0xcdf, [0xa95, [0xfd8, [0x1cc, nil]]]]]]
[0xdbecc616, [0x10e7, [0x56d, [0xefb, [0x154, nil]]]]]
[0xdbecc616, [0x1227, [0x5a7, [0xefb, [0x154, nil]]]]]
[0xfaa0f4d8, [0x144b, [0x1461, [0xa5b, [0xfd8, [0x1cc, nil]]]]]]
[0x1aca6376, [0x1134, [0x333, [0xcc6, [0x9c, nil]]]]]
[0xfaa0f4d8, [0xc12, [0xcd0, [0xcdf, [0xa95, [0xfd8, [0x1cc, nil]]]]]]]
[0x6effec50, [0xe30, [0xe54, [0x109, nil]]]]
[0xdbecc616, [0x10c5, [0x10e7, [0x56d, [0xefb, [0x154, nil]]]]]]
[0xdbecc616, [0xcd0, [0x1227, [0x5a7, [0xefb, [0x154, nil]]]]]]
[0xf7448a31, [0x92a, [0xf69, [0x1a4, nil]]]]
[0x1aca6376, [0x1105, [0x1134, [0x333, [0xcc6, [0x9c, nil]]]]]]
[0xdbecc616, [0x10d1, [0x10e7, [0x56d, [0xefb, [0x154, nil]]]]]]
[0xdbecc616, [0xc12, [0xcd0, [0x1227, [0x5a7, [0xefb, [0x154, nil]]]]]]]
[0xe00af4a7, [0x7a4, [0xf2c, [0x17c, nil]]]]
[0xf7448a31, [0x13f9, [0x92a, [0xf69, [0x1a4, nil]]]]]
[0x6effec50, [0xe40, [0xe54, [0x109, nil]]]]
[0xf7448a31, [0x13d7, [0x13f9, [0x92a, [0xf69, [0x1a4, nil]]]]]]
[0xe00af4a7, [0x1331, [0x7a4, [0xf2c, [0x17c, nil]]]]]
[0xfaa0f4d8, [0xaea, [0xfd8, [0x1cc, nil]]]]
[0xdbecc616, [0x123a, [0x5a7, [0xefb, [0x154, nil]]]]]
[0xf7448a31, [0x13e3, [0x13f9, [0x92a, [0xf69, [0x1a4, nil]]]]]]
[0xe00af4a7, [0x1308, [0x1331, [0x7a4, [0xf2c, [0x17c, nil]]]]]]
[0xfaa0f4d8, [0x12aa, [0xaea, [0xfd8, [0x1cc, nil]]]]]
[0xdbecc616, [0xcd0, [0x123a, [0x5a7, [0xefb, [0x154, nil]]]]]]
[0xe00af4a7, [0x12f2, [0x1308, [0x1331, [0x7a4, [0xf2c, [0x17c, nil]]]]]]]
[0xfaa0f4d8, [0x1281, [0x12aa, [0xaea, [0xfd8, [0x1cc, nil]]]]]]
[0xdbecc616, [0xc12, [0xcd0, [0x123a, [0x5a7, [0xefb, [0x154, nil]]]]]]]
[0xfaa0f4d8, [0xc56, [0x1281, [0x12aa, [0xaea, [0xfd8, [0x1cc, nil]]]]]]]
[0xdbecc616, [0x1247, [0x5a7, [0xefb, [0x154, nil]]]]]
[0xe00af4a7, [0x7d0, [0xf2c, [0x17c, nil]]]]
[0xdbecc616, [0x1105, [0x1247, [0x5a7, [0xefb, [0x154, nil]]]]]]
[0xe00af4a7, [0x1391, [0x7d0, [0xf2c, [0x17c, nil]]]]]
[0xfaa0f4d8, [0xb0e, [0xfd8, [0x1cc, nil]]]]
[0xdbecc616, [0x1254, [0x5a7, [0xefb, [0x154, nil]]]]]
[0xe00af4a7, [0x136f, [0x1391, [0x7d0, [0xf2c, [0x17c, nil]]]]]]
[0xfaa0f4d8, [0x12c0, [0xb0e, [0xfd8, [0x1cc, nil]]]]]
[0xe00af4a7, [0x137b, [0x1391, [0x7d0, [0xf2c, [0x17c, nil]]]]]]
[0xdbecc616, [0x1105, [0x1254, [0x5a7, [0xefb, [0x154, nil]]]]]]
[0xfaa0f4d8, [0xcd0, [0x12c0, [0xb0e, [0xfd8, [0x1cc, nil]]]]]]
[0xfaa0f4d8, [0xc12, [0xcd0, [0x12c0, [0xb0e, [0xfd8, [0x1cc, nil]]]]]]]
[0xdbecc616, [0x1261, [0x5a7, [0xefb, [0x154, nil]]]]]
[0xdbecc616, [0x11fb, [0x1261, [0x5a7, [0xefb, [0x154, nil]]]]]]
[0xfaa0f4d8, [0x12d3, [0xb0e, [0xfd8, [0x1cc, nil]]]]]
[0xdbecc616, [0x1206, [0x1261, [0x5a7, [0xefb, [0x154, nil]]]]]]
[0xfaa0f4d8, [0x1105, [0x12d3, [0xb0e, [0xfd8, [0x1cc, nil]]]]]]
[0xdbecc616, [0x1213, [0x1261, [0x5a7, [0xefb, [0x154, nil]]]]]]
[0xfaa0f4d8, [0xb7c, [0xfd8, [0x1cc, nil]]]]
[0xfaa0f4d8, [0x1331, [0xb7c, [0xfd8, [0x1cc, nil]]]]]
[0xfaa0f4d8, [0x1308, [0x1331, [0xb7c, [0xfd8, [0x1cc, nil]]]]]]
[0xfaa0f4d8, [0x12f2, [0x1308, [0x1331, [0xb7c, [0xfd8, [0x1cc, nil]]]]]]]
[0xfaa0f4d8, [0xba8, [0xfd8, [0x1cc, nil]]]]
[0xfaa0f4d8, [0x14c9, [0xba8, [0xfd8, [0x1cc, nil]]]]]
[0xfaa0f4d8, [0x14a7, [0x14c9, [0xba8, [0xfd8, [0x1cc, nil]]]]]]
[0xfaa0f4d8, [0x14b3, [0x14c9, [0xba8, [0xfd8, [0x1cc, nil]]]]]]
[0xeeeeeeee, nil]
[0xeeeeeeee, [0x2c03, nil]]
[0xeeeeeeee, [0x1f2, [0x2c03, nil]]]
[0xeeeeeeee, [0x1011, [0x1f2, [0x2c03, nil]]]]
[0xeeeeeeee, [0xff1, [0x1011, [0x1f2, [0x2c03, nil]]]]]
[0xeeeeeeee, [0xffc, [0x1011, [0x1f2, [0x2c03, nil]]]]]
[0xeeeeeeee, [0x273, [0x2c03, nil]]]
[0xeeeeeeee, [0x107f, [0x273, [0x2c03, nil]]]]
[0xeeeeeeee, [0x105d, [0x107f, [0x273, [0x2c03, nil]]]]]
[0xeeeeeeee, [0x1069, [0x107f, [0x273, [0x2c03, nil]]]]]
