0x0	0x80
0xf	0xe0
0x3f	0xbca8c7b5
0x2	0x40
0x5	0x4
0x9	0x92
0xd	0x0
0x13	0x8da137f5
0x19	0x57
0x1e	0x8da137f5
0x29	0x9ac475cd
0x34	0xab7e4c70
0x4a	0xddd0fd06
0x54	0x0
0x55	0x0
0x59	0x92a5cce
0x64	0xc89a0df
0x6f	0x29cd3d04
0x7a	0x2c7bddf4
0x85	0x74503517
0x8f	0x0
0x90	0x0
0x94	0x10b
0x98	0x40
0x9c	0xa0
0xa7	0x20
0xb6	0x60
0xbd	0x0
0xbe	0x80
0xc8	0x1
0xca	0x1
0xcc	0xa0
0xce	0x10000000000000000000000000000000000000000
0xcf	0xffffffffffffffffffffffffffffffffffffffff
0xd0	0xffffffffffffffffffffffff0000000000000000000000000000000000000000
0xda	0x1
0xe5	0x2
0xf2	0x3
0xf5	0x4
0xf9	0xffffffff
0xfe	0xffffffffffffffffffffffffffffffffffffffffffffffffffffffff00000000
0x102	0x59b8
0x105	0x24e
0x10c	0x0
0x10d	0x0
0x113	0x11a
0x117	0x0
0x118	0x0
0x11c	0x59d9
0x11f	0x322
0x124	0x59fa
0x127	0x131
0x12b	0x4
0x12d	0x12a0
0x132	0x43c
0x137	0x5a1b
0x13a	0x4c0
0x142	0x149
0x146	0x0
0x147	0x0
0x14b	0x5a3c
0x14e	0x542
0x156	0x15d
0x15a	0x0
0x15b	0x0
0x15f	0x5a5d
0x162	0x16c
0x166	0x4
0x168	0x1308
0x16d	0x65a
0x175	0x17c
0x179	0x0
0x17a	0x0
0x17e	0x5a7e
0x181	0x18b
0x185	0x4
0x187	0x12a0
0x18c	0x965
0x194	0x19b
0x198	0x0
0x199	0x0
0x19d	0x0
0x19f	0x1
0x1a2	0x2
0x1a5	0x3
0x1a8	0x4
0x1ab	0x1c6
0x1af	0x1
0x1b1	0x1
0x1b3	0xa0
0x1b5	0x10000000000000000000000000000000000000000
0x1b6	0xffffffffffffffffffffffffffffffffffffffff
0x1c1	0xe0
0x1c7	0x40
0x1cb	0x1
0x1cd	0x1
0x1cf	0xa0
0x1d1	0x10000000000000000000000000000000000000000
0x1d2	0xffffffffffffffffffffffffffffffffffffffff
0x1db	0x20
0x1e8	0x60
0x1ed	0x1
0x1ef	0x1
0x1f1	0xe0
0x1f3	0x100000000000000000000000000000000000000000000000000000000
0x1f4	0xffffffffffffffffffffffffffffffffffffffffffffffffffffffff
0x1f5	0xffffffff00000000000000000000000000000000000000000000000000000000
0x1f9	0x80
0x203	0x0
0x204	0xa0
0x206	0xa0
0x20a	0x5a9f
0x20d	0x217
0x211	0x4
0x213	0x1357
0x218	0xaf8
0x21d	0x5ac0
0x220	0x22a
0x224	0x4
0x226	0x13c3
0x22b	0xd06
0x233	0x23a
0x237	0x0
0x238	0x0
0x23c	0x5ae1
0x23f	0x249
0x243	0x4
0x245	0x1441
0x24a	0xd96
0x323	0x40
0x327	0xa0
0x332	0x20
0x341	0x60
0x348	0x4952e67
0x34d	0xe1
0x34f	0x92a5cce00000000000000000000000000000000000000000000000000000000
0x350	0x80
0x359	0x0
0x35c	0x1
0x35e	0x1
0x360	0xa0
0x362	0x10000000000000000000000000000000000000000
0x363	0xffffffffffffffffffffffffffffffffffffffff
0x364	0xffffffffffffffffffffffff0000000000000000000000000000000000000000
0x36d	0x1
0x379	0x2
0x386	0x3
0x389	0x4
0x38d	0xffffffff
0x392	0xffffffffffffffffffffffffffffffffffffffffffffffffffffffff00000000
0x394	0x92a5cce
0x39c	0x835001cec7823dfc41270ff0c6551c3f9422222
0x3bd	0x1
0x3bf	0x1
0x3c1	0xa0
0x3c3	0x10000000000000000000000000000000000000000
0x3c4	0xffffffffffffffffffffffffffffffffffffffff
0x3c5	0x835001cec7823dfc41270ff0c6551c3f9422222
0x3c7	0x410
0x3cb	0x40
0x3ce	0x461bcd
0x3d2	0xe5
0x3d4	0x8c379a000000000000000000000000000000000000000000000000000000000
0x3d7	0x20
0x3d9	0x4
0x3de	0x16
0x3e0	0x24
0x3e5	0x4f6e6c79206f776e65722063616e2064657374726f79
0x3fc	0x50
0x3fe	0x4f6e6c79206f776e65722063616e2064657374726f7900000000000000000000
0x3ff	0x44
0x404	0x64
0x411	0x835001cec7823dfc41270ff0c6551c3f9422222
0x432	0x1
0x434	0x1
0x436	0xa0
0x438	0x10000000000000000000000000000000000000000
0x439	0xffffffffffffffffffffffffffffffffffffffff
0x43a	0x835001cec7823dfc41270ff0c6551c3f9422222
0x43d	0x40
0x441	0xa0
0x44c	0x20
0x45b	0x60
0x462	0xc89a0df
0x467	0xe0
0x469	0xc89a0df00000000000000000000000000000000000000000000000000000000
0x46a	0x80
0x473	0x0
0x476	0x1
0x478	0x1
0x47a	0xa0
0x47c	0x10000000000000000000000000000000000000000
0x47d	0xffffffffffffffffffffffffffffffffffffffff
0x47e	0xffffffffffffffffffffffff0000000000000000000000000000000000000000
0x487	0x1
0x492	0x2
0x49f	0x3
0x4a2	0x4
0x4a6	0xffffffff
0x4ab	0xffffffffffffffffffffffffffffffffffffffffffffffffffffffff00000000
0x4ad	0xc89a0df
0x4b5	0x4bd
0x4b9	0x1070
0x543	0x40
0x547	0xa0
0x552	0x20
0x561	0x60
0x568	0xb1ef77d
0x56d	0xe2
0x56f	0x2c7bddf400000000000000000000000000000000000000000000000000000000
0x570	0x80
0x579	0x0
0x57c	0x1
0x57e	0x1
0x580	0xa0
0x582	0x10000000000000000000000000000000000000000
0x583	0xffffffffffffffffffffffffffffffffffffffff
0x584	0xffffffffffffffffffffffff0000000000000000000000000000000000000000
0x58d	0x1
0x598	0x2
0x5a5	0x3
0x5a8	0x4
0x5ac	0xffffffff
0x5b1	0xffffffffffffffffffffffffffffffffffffffffffffffffffffffff00000000
0x5b3	0x2c7bddf4
0x5be	0x60d
0x5c2	0x40
0x5c5	0x0
0x5c7	0x0
0x5c9	0x20
0x5cb	0x1592
0x5ce	0x0
0x5d0	0x0
0x5d3	0x0
0x5e6	0x0
0x5e9	0x2a6
0x5ed	0x40
0x5f2	0x1f
0x5f4	0xffffffffffffffffffffffffffffffffffffffffffffffffffffffffffffffe0
0x5f5	0x3f
0x5fc	0x40
0x603	0x0
0x604	0x20
0x609	0x2ab
0x60e	0x0
0x610	0x20
0x612	0x1592
0x615	0x0
0x617	0x0
0x61a	0x0
0x61c	0x40
0x61f	0x20
0x622	0x62b
0x627	0x1472
0x62c	0x40
0x630	0x1f
0x632	0xffffffffffffffffffffffffffffffffffffffffffffffffffffffffffffffe0
0x635	0x3a
0x636	0x1a
0x63e	0x1a
0x63f	0x20
0x646	0x0
0x648	0x20
0x64a	0x1572
0x64d	0x0
0x64f	0x0
0x652	0x0
0x655	0x0
0x966	0x40
0x96a	0xa0
0x975	0x20
0x984	0x60
0x98b	0x8da137f5
0x990	0xe0
0x992	0x8da137f500000000000000000000000000000000000000000000000000000000
0x993	0x80
0x99c	0x0
0x99f	0x1
0x9a1	0x1
0x9a3	0xa0
0x9a5	0x10000000000000000000000000000000000000000
0x9a6	0xffffffffffffffffffffffffffffffffffffffff
0x9a7	0xffffffffffffffffffffffff0000000000000000000000000000000000000000
0x9b0	0x1
0x9bb	0x2
0x9c8	0x3
0x9cb	0x4
0x9cf	0xffffffff
0x9d4	0xffffffffffffffffffffffffffffffffffffffffffffffffffffffff00000000
0x9d6	0x8da137f5
0x9e1	0xaaa
0x9e5	0x0
0x9e7	0x1
0x9e9	0x1
0x9eb	0xa0
0x9ed	0x10000000000000000000000000000000000000000
0x9ee	0xffffffffffffffffffffffffffffffffffffffff
0x9f1	0x40
0x9f4	0x0
0x9f5	0x40
0x9fa	0x0
0xa06	0x0
0xa09	0xa2d
0xa0d	0x40
0xa12	0x1f
0xa14	0xffffffffffffffffffffffffffffffffffffffffffffffffffffffffffffffe0
0xa15	0x3f
0xa1c	0x40
0xa23	0x0
0xa24	0x20
0xa29	0xa32
0xa2e	0x60
0xa37	0x0
0xa39	0x20
0xa3b	0x1592
0xa3e	0x0
0xa40	0x0
0xa43	0x0
0xa45	0x40
0xa48	0x20
0xa4b	0xa54
0xa50	0x1472
0xa55	0x40
0xa59	0x1f
0xa5b	0xffffffffffffffffffffffffffffffffffffffffffffffffffffffffffffffe0
0xa5e	0x3a
0xa5f	0x1a
0xa66	0x1a
0xa67	0x20
0xa71	0x0
0xa72	0x1
0xa7b	0xd02bca2f0d8224b8292e9a25c9f723703ca8395a11fda4f0589d8599fbd5d131
0xa9e	0x40
0xd97	0x40
0xd9b	0xa0
0xda6	0x20
0xdb5	0x60
0xdbc	0x6ee87e83
0xdc1	0xe1
0xdc3	0xddd0fd0600000000000000000000000000000000000000000000000000000000
0xdc4	0x80
0xdcd	0x0
0xdd0	0x1
0xdd2	0x1
0xdd4	0xa0
0xdd6	0x10000000000000000000000000000000000000000
0xdd7	0xffffffffffffffffffffffffffffffffffffffff
0xdd8	0xffffffffffffffffffffffff0000000000000000000000000000000000000000
0xde1	0x1
0xdeb	0x2
0xdf8	0x3
0xdfe	0x4
0xe02	0xffffffff
0xe07	0xffffffffffffffffffffffffffffffffffffffffffffffffffffffff00000000
0xe09	0xddd0fd06
0xe13	0x6eb1769f
0xe18	0xe1
0xe1a	0xdd62ed3e00000000000000000000000000000000000000000000000000000000
0xe1f	0x1
0xe21	0x1
0xe23	0xa0
0xe25	0x10000000000000000000000000000000000000000
0xe26	0xffffffffffffffffffffffffffffffffffffffff
0xe2a	0xdd62ed3e
0xe30	0xe51
0xe38	0x1
0xe3a	0x1
0xe3c	0xa0
0xe3e	0x10000000000000000000000000000000000000000
0xe3f	0xffffffffffffffffffffffffffffffffffffffff
0xe47	0x20
0xe4c	0x40
0xe52	0x20
0xe54	0x40
0xe59	0x44
0xe61	0xe6c
0xe66	0x0
0xe67	0x0
0xe6a	0x0
0xe71	0x40
0xe75	0x1f
0xe77	0xffffffffffffffffffffffffffffffffffffffffffffffffffffffffffffffe0
0xe78	0x1f
0xe80	0x40
0xe87	0xe90
0xe8c	0x14b2
0xe91	0x40
0xe94	0x70a08231
0xe99	0xe0
0xe9b	0x70a0823100000000000000000000000000000000000000000000000000000000
0xe9e	0x1
0xea0	0x1
0xea2	0xa0
0xea4	0x10000000000000000000000000000000000000000
0xea5	0xffffffffffffffffffffffffffffffffffffffff
0xea9	0x4
0xeb1	0x0
0xeb6	0x70a08231
0xebc	0x24
0xebf	0x20
0xec1	0x40
0xec6	0x24
0xece	0xed9
0xed3	0x0
0xed4	0x0
0xed7	0x0
0xede	0x40
0xee2	0x1f
0xee4	0xffffffffffffffffffffffffffffffffffffffffffffffffffffffffffffffe0
0xee5	0x1f
0xeed	0x40
0xef4	0xefd
0xef9	0x14b2
0xf00	0x0
0xf04	0xf0d
0xf09	0xf0f
0xf14	0x101e
0xf18	0x40
0xf1b	0x23b872dd
0xf20	0xe0
0xf22	0x23b872dd00000000000000000000000000000000000000000000000000000000
0xf25	0x1
0xf27	0x1
0xf29	0xa0
0xf2b	0x10000000000000000000000000000000000000000
0xf2c	0xffffffffffffffffffffffffffffffffffffffff
0xf30	0x4
0xf35	0x0
0xf37	0x20
0xf39	0x1592
0xf3c	0x0
0xf3e	0x0
0xf41	0x0
0xf43	0x24
0xf48	0x44
0xf4f	0x0
0xf55	0x23b872dd
0xf5b	0x64
0xf5e	0x20
0xf60	0x40
0xf67	0x0
0xf6e	0xf79
0xf73	0x0
0xf74	0x0
0xf77	0x0
0xf7e	0x40
0xf82	0x1f
0xf84	0xffffffffffffffffffffffffffffffffffffffffffffffffffffffffffffffe0
0xf85	0x1f
0xf8d	0x40
0xf94	0xf9d
0xf99	0x14c9
0xfa1	0x1
0xfa3	0x1
0xfa5	0xa0
0xfa7	0x10000000000000000000000000000000000000000
0xfa8	0xffffffffffffffffffffffffffffffffffffffff
0xfaa	0x0
0xfac	0x20
0xfae	0x1592
0xfb1	0x0
0xfb3	0x0
0xfb6	0x0
0xfb8	0x40
0xfbb	0x20
0xfbe	0xfc7
0xfc3	0x1472
0xfc8	0x40
0xfcc	0x1f
0xfce	0xffffffffffffffffffffffffffffffffffffffffffffffffffffffffffffffe0
0xfd1	0x3a
0xfd2	0x1a
0xfd9	0x1a
0xfda	0x20
0xfee	0xa51c57e5a4769fdce1d38fbc9f9e2c0003c4bf6b656b73d9921e54aa35f8975f
0x1011	0x40
0x101a	0x1069
0x101f	0x0
0x1021	0x20
0x1023	0x1592
0x1026	0x0
0x1028	0x0
0x102b	0x0
0x102d	0x40
0x1030	0x20
0x1033	0x103c
0x1038	0x1472
0x103d	0x40
0x1041	0x1f
0x1043	0xffffffffffffffffffffffffffffffffffffffffffffffffffffffffffffffe0
0x1046	0x3a
0x1047	0x1a
0x104f	0x1a
0x1050	0x20
0x1057	0x0
0x1059	0x20
0x105b	0x1572
0x105e	0x0
0x1060	0x0
0x1063	0x0
0x1066	0x0
0x1071	0x40
0x1074	0x70a08231
0x1079	0xe0
0x107b	0x70a0823100000000000000000000000000000000000000000000000000000000
0x107f	0x4
0x1084	0x0
0x1086	0x1
0x1088	0x1
0x108a	0xa0
0x108c	0x10000000000000000000000000000000000000000
0x108d	0xffffffffffffffffffffffffffffffffffffffff
0x1091	0x70a08231
0x1097	0x24
0x109a	0x20
0x109c	0x40
0x10a1	0x24
0x10a9	0x10b4
0x10ae	0x0
0x10af	0x0
0x10b2	0x0
0x10b9	0x40
0x10bd	0x1f
0x10bf	0xffffffffffffffffffffffffffffffffffffffffffffffffffffffffffffffe0
0x10c0	0x1f
0x10c8	0x40
0x10cf	0x10d8
0x10d4	0x14b2
0x10dd	0xaaa
0x10e1	0x40
0x10e4	0xa9059cbb
0x10e9	0xe0
0x10eb	0xa9059cbb00000000000000000000000000000000000000000000000000000000
0x10ee	0x0
0x10f0	0x20
0x10f2	0x1592
0x10f5	0x0
0x10f7	0x0
0x10fa	0x0
0x10fc	0x4
0x10ff	0x90d8a3915124d1b7d3343670a06c4d3c0ceff4f5
0x1101	0x24
0x1104	0x90d8a3915124d1b7d3343670a06c4d3c0ceff515
0x1108	0x0
0x110a	0x1
0x110c	0x1
0x110e	0xa0
0x1110	0x10000000000000000000000000000000000000000
0x1111	0xffffffffffffffffffffffffffffffffffffffff
0x1115	0xa9059cbb
0x111b	0x44
0x111d	0x90d8a3915124d1b7d3343670a06c4d3c0ceff535
0x111e	0x20
0x1120	0x40
0x1127	0x0
0x112e	0x1139
0x1133	0x0
0x1134	0x0
0x1137	0x0
0x113e	0x40
0x1142	0x1f
0x1144	0xffffffffffffffffffffffffffffffffffffffffffffffffffffffffffffffe0
0x1145	0x1f
0x114d	0x40
0x1154	0x115d
0x1159	0x14c9
0x1161	0x1
0x1163	0x1
0x1165	0xa0
0x1167	0x10000000000000000000000000000000000000000
0x1168	0xffffffffffffffffffffffffffffffffffffffff
0x116a	0x0
0x116c	0x20
0x116e	0x1592
0x1171	0x0
0x1173	0x0
0x1176	0x0
0x1178	0x40
0x117b	0x20
0x117e	0x1187
0x1183	0x1472
0x1188	0x40
0x118c	0x1f
0x118e	0xffffffffffffffffffffffffffffffffffffffffffffffffffffffffffffffe0
0x1191	0x3a
0x1192	0x1a
0x1199	0x1a
0x119a	0x20
0x11ae	0xa51c57e5a4769fdce1d38fbc9f9e2c0003c4bf6b656b73d9921e54aa35f8975f
0x11d1	0x40
0x13c4	0x0
0x13c5	0x0
0x13c6	0x0
0x13c7	0x40
0x13ce	0x13d5
0x13d2	0x0
0x13d3	0x0
0x13d6	0x13de
0x13da	0x1285
0x13e1	0x20
0x13e4	0x24
0x13e6	0xffffffffffffffff
0x13f2	0x13f9
0x13f6	0x0
0x13f7	0x0
0x13fc	0x1f
0x1402	0x1409
0x1406	0x0
0x1407	0x0
0x140c	0xffffffffffffffff
0x1418	0x141f
0x141c	0x0
0x141d	0x0
0x1421	0x20
0x1429	0x1430
0x142d	0x0
0x142e	0x0
0x1433	0x20
0x2ccc	0x1c6
0x5bc5	0x5beb
0x5bc7	0x5bee
0x5bc9	0x5bf1
0x5bcb	0x5bf4
0x5bcd	0x5bf7
0x5bcf	0x5bdc
0x5bd1	0x5bdf
0x5bd3	0x5be2
0x5bd5	0x5be5
0x5bd7	0x5be8
0x5bd9	0x5bdb
0x5bdd	0x10f
0x5be0	0x123
0x5be3	0x136
0x5be6	0x13e
0x5be9	0x152
0x5bec	0x171
0x5bef	0x190
0x5bf2	0x209
0x5bf5	0x21c
0x5bf8	0x22f
0x5c07	0x00000000000000000000000090d8a3915124d1b7d3343670a06c4d3c0ceff4f1
0x5c0c	0x00000000000000000000000090d8a3915124d1b7d3343670a06c4d3c0ceff4f1
0x5c11	0x58624fcb8234dc3f422d68d9f3ea421a045bf33ec627d027f6d2b2eca473105f
0x5c2a	0x00000000000000000000000090d8a3915124d1b7d3343670a06c4d3c0ceff4f1
0x5c39	0x00000000000000000000000090d8a3915124d1b7d3343670a06c4d3c0ceff4f1
0x5c3e	0x00000000000000000000000090d8a3915124d1b7d3343670a06c4d3c0ceff4f1
0x5c43	0x00000000000000000000000090d8a3915124d1b7d3343670a06c4d3c0ceff4f1
0x5c48	0x58624fcb8234dc3f422d68d9f3ea421a045bf33ec627d027f6d2b2eca473105f
0x5c4d	0x00000000000000000000000090d8a3915124d1b7d3343670a06c4d3c0ceff4f1
0x5c52	0x00000000000000000000000090d8a3915124d1b7d3343670a06c4d3c0ceff4f1
0x1230xabf	0xac8
0x1710xabf	0xac8
0x13e0x2c4	0x2cd
0x1230x5c34	0x58624fcb8234dc3f422d68d9f3ea421a045bf33ec627d027f6d2b2eca473105f
0x1710x5c34	0x58624fcb8234dc3f422d68d9f3ea421a045bf33ec627d027f6d2b2eca473105f
0x1230x5c2f	0x00000000000000000000000090d8a3915124d1b7d3343670a06c4d3c0ceff4f1
0x1710x5c2f	0x00000000000000000000000090d8a3915124d1b7d3343670a06c4d3c0ceff4f1
0x13e0x5c02	0x00000000000000000000000090d8a3915124d1b7d3343670a06c4d3c0ceff4f1
0x1230xaf2	0x0
0x1710xaf2	0x0
0x1230xaef	0x0
0x1710xaef	0x0
0x1230xaec	0x0
0x1710xaec	0x0
0x1230xaea	0x0
0x1710xaea	0x0
0x1230xae7	0x1572
0x1710xae7	0x1572
0x1230xae5	0x20
0x1710xae5	0x20
0x1230xae3	0x0
0x1710xae3	0x0
0x1230xadc	0x20
0x1710xadc	0x20
0x1230xadb	0x1a
0x1710xadb	0x1a
0x1230xad3	0x1a
0x1710xad3	0x1a
0x1230xad2	0x3a
0x1710xad2	0x3a
0x1230xacf	0xffffffffffffffffffffffffffffffffffffffffffffffffffffffffffffffe0
0x1710xacf	0xffffffffffffffffffffffffffffffffffffffffffffffffffffffffffffffe0
0x1230xacd	0x1f
0x1710xacd	0x1f
0x1230xac9	0x40
0x1710xac9	0x40
0x1230xac4	0x1472
0x1710xac4	0x1472
0x1230xabc	0x20
0x1710xabc	0x20
0x1230xab9	0x40
0x1710xab9	0x40
0x1230xab7	0x0
0x1710xab7	0x0
0x1230xab4	0x0
0x1710xab4	0x0
0x1230xab2	0x0
0x1710xab2	0x0
0x1230xaaf	0x1592
0x1710xaaf	0x1592
0x1230xaad	0x20
0x1710xaad	0x20
0x1230xaab	0x0
0x1710xaab	0x0
0x10f0x40d	0x64
0x10f0x408	0x40
0x13e0x317	0x40
0x13e0x2f4	0xd02bca2f0d8224b8292e9a25c9f723703ca8395a11fda4f0589d8599fbd5d131
0x13e0x2eb	0x1
0x13e0x2ea	0x0
0x13e0x2e0	0x20
0x13e0x2df	0x1a
0x13e0x2d8	0x1a
0x13e0x2d7	0x3a
0x13e0x2d4	0xffffffffffffffffffffffffffffffffffffffffffffffffffffffffffffffe0
0x13e0x2d2	0x1f
0x13e0x2ce	0x40
0x13e0x2c9	0x1472
0x13e0x2c1	0x20
0x13e0x2be	0x40
0x13e0x2bc	0x0
0x13e0x2b9	0x0
0x13e0x2b7	0x0
0x13e0x2b4	0x1592
0x13e0x2b2	0x20
0x13e0x2b0	0x0
0x13e0x2a7	0x60
0x1473V0x60d	0x15105491d155
0x147aV0x60d	0xd2
0x147cV0x60d	0x5441524745540000000000000000000000000000000000000000000000000000
0x147fV0x60d	0x60
0x1485V0x60d	0xffffffffffffffffffffffff
0x1492V0x60d	0xffffffffffffffffffffffffffffffffffffffff000000000000000000000000
0x1494V0x60d	0x6
0x1499V0x60d	0x1a
0x1473V0xa32	0x15105491d155
0x147aV0xa32	0xd2
0x147cV0xa32	0x5441524745540000000000000000000000000000000000000000000000000000
0x147fV0xa32	0x60
0x1485V0xa32	0xffffffffffffffffffffffff
0x1492V0xa32	0xffffffffffffffffffffffffffffffffffffffff000000000000000000000000
0x1494V0xa32	0x6
0x1499V0xa32	0x1a
0x14bfV0xe6c	0x0
0x14c0V0xe6c	0x0
0x14b3V0xe6c	0x0
0x14b4V0xe6c	0x20
0x14bbV0xe6c	0x14c2
0x14bfV0xed9	0x0
0x14c0V0xed9	0x0
0x14b3V0xed9	0x0
0x14b4V0xed9	0x20
0x14bbV0xed9	0x14c2
0x1473V0x101e	0x15105491d155
0x147aV0x101e	0xd2
0x147cV0x101e	0x5441524745540000000000000000000000000000000000000000000000000000
0x147fV0x101e	0x60
0x1485V0x101e	0xffffffffffffffffffffffff
0x1492V0x101e	0xffffffffffffffffffffffffffffffffffffffff000000000000000000000000
0x1494V0x101e	0x6
0x1499V0x101e	0x1a
0x14d6V0xf79	0x0
0x14d7V0xf79	0x0
0x14e5V0xf79	0x0
0x14e6V0xf79	0x0
0x14caV0xf79	0x0
0x14cbV0xf79	0x20
0x14d2V0xf79	0x14d9
0x14e1V0xf79	0x5b98
0x1473V0xf9d	0x15105491d155
0x147aV0xf9d	0xd2
0x147cV0xf9d	0x5441524745540000000000000000000000000000000000000000000000000000
0x147fV0xf9d	0x60
0x1485V0xf9d	0xffffffffffffffffffffffff
0x1492V0xf9d	0xffffffffffffffffffffffffffffffffffffffff000000000000000000000000
0x1494V0xf9d	0x6
0x1499V0xf9d	0x1a
0x14bfV0x10b4	0x0
0x14c0V0x10b4	0x0
0x14b3V0x10b4	0x0
0x14b4V0x10b4	0x20
0x14bbV0x10b4	0x14c2
0x14d6V0x1139	0x0
0x14d7V0x1139	0x0
0x14e5V0x1139	0x0
0x14e6V0x1139	0x0
0x14caV0x1139	0x0
0x14cbV0x1139	0x20
0x14d2V0x1139	0x14d9
0x14e1V0x1139	0x5b98
0x1473V0x115d	0x15105491d155
0x147aV0x115d	0xd2
0x147cV0x115d	0x5441524745540000000000000000000000000000000000000000000000000000
0x147fV0x115d	0x60
0x1485V0x115d	0xffffffffffffffffffffffff
0x1492V0x115d	0xffffffffffffffffffffffffffffffffffffffff000000000000000000000000
0x1494V0x115d	0x6
0x1499V0x115d	0x1a
0x1298V0x13d5	0x0
0x1299V0x13d5	0x0
0x1288V0x13d5	0x1
0x128aV0x13d5	0x1
0x128cV0x13d5	0xa0
0x128eV0x13d5	0x10000000000000000000000000000000000000000
0x128fV0x13d5	0xffffffffffffffffffffffffffffffffffffffff
0x1294V0x13d5	0x129b
0x1473V0x2ab0x13e	0x15105491d155
0x147aV0x2ab0x13e	0xd2
0x147cV0x2ab0x13e	0x5441524745540000000000000000000000000000000000000000000000000000
0x147fV0x2ab0x13e	0x60
0x1485V0x2ab0x13e	0xffffffffffffffffffffffff
0x1492V0x2ab0x13e	0xffffffffffffffffffffffffffffffffffffffff000000000000000000000000
0x1494V0x2ab0x13e	0x6
0x1499V0x2ab0x13e	0x1a
0x1473V0xaaa0x123	0x15105491d155
0x147aV0xaaa0x123	0xd2
0x147cV0xaaa0x123	0x5441524745540000000000000000000000000000000000000000000000000000
0x147fV0xaaa0x123	0x60
0x1485V0xaaa0x123	0xffffffffffffffffffffffff
0x1492V0xaaa0x123	0xffffffffffffffffffffffffffffffffffffffff000000000000000000000000
0x1494V0xaaa0x123	0x6
0x1499V0xaaa0x123	0x1a
0x1473V0xaaa0x171	0x15105491d155
0x147aV0xaaa0x171	0xd2
0x147cV0xaaa0x171	0x5441524745540000000000000000000000000000000000000000000000000000
0x147fV0xaaa0x171	0x60
0x1485V0xaaa0x171	0xffffffffffffffffffffffff
0x1492V0xaaa0x171	0xffffffffffffffffffffffffffffffffffffffff000000000000000000000000
0x1494V0xaaa0x171	0x6
0x1499V0xaaa0x171	0x1a
0x1317V0x15d	0x0
0x1318V0x15d	0x0
0x133bV0x15d	0x0
0x133cV0x15d	0x0
0x1309V0x15d	0x0
0x130aV0x15d	0x0
0x130bV0x15d	0x0
0x130cV0x15d	0x40
0x1313V0x15d	0x131a
0x131bV0x15d	0x1323
0x131fV0x15d	0x1285
0x1326V0x15d	0x20
0x1329V0x15d	0x24
0x132bV0x15d	0xffffffffffffffff
0x1337V0x15d	0x133e
0x133fV0x15d	0x134a
0x1346V0x15d	0x12c0
0x1298V0x131aV0x15d	0x0
0x1299V0x131aV0x15d	0x0
0x1288V0x131aV0x15d	0x1
0x128aV0x131aV0x15d	0x1
0x128cV0x131aV0x15d	0xa0
0x128eV0x131aV0x15d	0x10000000000000000000000000000000000000000
0x128fV0x131aV0x15d	0xffffffffffffffffffffffffffffffffffffffff
0x1294V0x131aV0x15d	0x129b
0x12cdV0x133eV0x15d	0x0
0x12ceV0x133eV0x15d	0x0
0x12e4V0x133eV0x15d	0x0
0x12e5V0x133eV0x15d	0x0
0x12feV0x133eV0x15d	0x0
0x12ffV0x133eV0x15d	0x0
0x12d4V0x133eV0x15d	0xffffffffffffffff
0x12e0V0x133eV0x15d	0x12e7
0x12e8V0x133eV0x15d	0x20
0x12efV0x133eV0x15d	0x20
0x12f2V0x133eV0x15d	0x5
0x12faV0x133eV0x15d	0x5b72
0x12c1V0x133eV0x15d	0x0
0x12c2V0x133eV0x15d	0x0
0x12c4V0x133eV0x15d	0x1f
0x12c9V0x133eV0x15d	0x12d0
0x12adV0x17c	0x0
0x12aeV0x17c	0x0
0x12a1V0x17c	0x0
0x12a2V0x17c	0x20
0x12a9V0x17c	0x12b0
0x12b1V0x17c	0x5b4c
0x12b5V0x17c	0x1285
0x1298V0x12b0V0x17c	0x0
0x1299V0x12b0V0x17c	0x0
0x1288V0x12b0V0x17c	0x1
0x128aV0x12b0V0x17c	0x1
0x128cV0x12b0V0x17c	0xa0
0x128eV0x12b0V0x17c	0x10000000000000000000000000000000000000000
0x128fV0x12b0V0x17c	0xffffffffffffffffffffffffffffffffffffffff
0x1294V0x12b0V0x17c	0x129b
0x144fV0x23a	0x0
0x1450V0x23a	0x0
0x1442V0x23a	0x0
0x1443V0x23a	0x0
0x1444V0x23a	0x40
0x144bV0x23a	0x1452
0x1453V0x23a	0x145b
0x1457V0x23a	0x1285
0x145eV0x23a	0x1469
0x1461V0x23a	0x20
0x1464V0x23a	0x24
0x1465V0x23a	0x1285
0x1298V0x1452V0x23a	0x0
0x1299V0x1452V0x23a	0x0
0x1288V0x1452V0x23a	0x1
0x128aV0x1452V0x23a	0x1
0x128cV0x1452V0x23a	0xa0
0x128eV0x1452V0x23a	0x10000000000000000000000000000000000000000
0x128fV0x1452V0x23a	0xffffffffffffffffffffffffffffffffffffffff
0x1294V0x1452V0x23a	0x129b
0x1298V0x145bV0x23a	0x0
0x1299V0x145bV0x23a	0x0
0x1288V0x145bV0x23a	0x1
0x128aV0x145bV0x23a	0x1
0x128cV0x145bV0x23a	0xa0
0x128eV0x145bV0x23a	0x10000000000000000000000000000000000000000
0x128fV0x145bV0x23a	0xffffffffffffffffffffffffffffffffffffffff
0x1294V0x145bV0x23a	0x129b
0x286V0x5bdb	0x40
0x28bV0x5bdb	0x1f
0x28dV0x5bdb	0xffffffffffffffffffffffffffffffffffffffffffffffffffffffffffffffe0
0x28eV0x5bdb	0x3f
0x295V0x5bdb	0x40
0x29cV0x5bdb	0x0
0x29dV0x5bdb	0x20
0x2a2V0x5bdb	0x2ab
0x250V0x5bdb	0x0
0x254V0x5bdb	0x25a
0x25bV0x5bdb	0x40
0x25eV0x5bdb	0x0
0x260V0x5bdb	0x0
0x262V0x5bdb	0x20
0x264V0x5bdb	0x1592
0x267V0x5bdb	0x0
0x269V0x5bdb	0x0
0x26cV0x5bdb	0x0
0x27fV0x5bdb	0x0
0x282V0x5bdb	0x2a6
0x5bfdV0x5bdb	0x00000000000000000000000090d8a3915124d1b7d3343670a06c4d3c0ceff4f1
0x24e0x2c4V0x5bdb	0x2cd
0x24e0x5c02V0x5bdb	0x00000000000000000000000090d8a3915124d1b7d3343670a06c4d3c0ceff4f1
0x24e0x2c9V0x5bdb	0x1472
0x24e0x2c1V0x5bdb	0x20
0x24e0x2beV0x5bdb	0x40
0x24e0x2bcV0x5bdb	0x0
0x24e0x2b9V0x5bdb	0x0
0x24e0x2b7V0x5bdb	0x0
0x24e0x2b4V0x5bdb	0x1592
0x24e0x2b2V0x5bdb	0x20
0x24e0x2b0V0x5bdb	0x0
0x24e0x317V0x5bdb	0x40
0x24e0x2f4V0x5bdb	0xd02bca2f0d8224b8292e9a25c9f723703ca8395a11fda4f0589d8599fbd5d131
0x24e0x2ebV0x5bdb	0x1
0x24e0x2eaV0x5bdb	0x0
0x24e0x2e0V0x5bdb	0x20
0x24e0x2dfV0x5bdb	0x1a
0x24e0x2d8V0x5bdb	0x1a
0x24e0x2d7V0x5bdb	0x3a
0x24e0x2d4V0x5bdb	0xffffffffffffffffffffffffffffffffffffffffffffffffffffffffffffffe0
0x24e0x2d2V0x5bdb	0x1f
0x24e0x2ceV0x5bdb	0x40
0x24e0x2a7V0x5bdb	0x60
0x1473V0x2ab0x24eV0x5bdb	0x15105491d155
0x147aV0x2ab0x24eV0x5bdb	0xd2
0x147cV0x2ab0x24eV0x5bdb	0x5441524745540000000000000000000000000000000000000000000000000000
0x147fV0x2ab0x24eV0x5bdb	0x60
0x1485V0x2ab0x24eV0x5bdb	0xffffffffffffffffffffffff
0x1492V0x2ab0x24eV0x5bdb	0xffffffffffffffffffffffffffffffffffffffff000000000000000000000000
0x1494V0x2ab0x24eV0x5bdb	0x6
0x1499V0x2ab0x24eV0x5bdb	0x1a
0x12adV0x123	0x0
0x12aeV0x123	0x0
0x12a1V0x123	0x0
0x12a2V0x123	0x20
0x12a9V0x123	0x12b0
0x12b1V0x123	0x5b4c
0x12b5V0x123	0x1285
0x1298V0x12b0V0x123	0x0
0x1299V0x12b0V0x123	0x0
0x1288V0x12b0V0x123	0x1
0x128aV0x12b0V0x123	0x1
0x128cV0x12b0V0x123	0xa0
0x128eV0x12b0V0x123	0x10000000000000000000000000000000000000000
0x128fV0x12b0V0x123	0xffffffffffffffffffffffffffffffffffffffff
0x1294V0x12b0V0x123	0x129b
0x1367V0x209	0x0
0x1368V0x209	0x0
0x137dV0x209	0x0
0x137eV0x209	0x0
0x13a8V0x209	0x0
0x13a9V0x209	0x0
0x1358V0x209	0x0
0x1359V0x209	0x0
0x135aV0x209	0x0
0x135bV0x209	0x0
0x135cV0x209	0x40
0x1363V0x209	0x136a
0x136dV0x209	0xffffffffffffffff
0x1379V0x209	0x1380
0x1381V0x209	0x138c
0x1388V0x209	0x12c0
0x1393V0x209	0x20
0x1396V0x209	0x24
0x1398V0x209	0xffffffffffffffff
0x13a4V0x209	0x13ab
0x13acV0x209	0x13b7
0x13b3V0x209	0x12c0
0x12cdV0x1380V0x209	0x0
0x12ceV0x1380V0x209	0x0
0x12e4V0x1380V0x209	0x0
0x12e5V0x1380V0x209	0x0
0x12feV0x1380V0x209	0x0
0x12ffV0x1380V0x209	0x0
0x12d4V0x1380V0x209	0xffffffffffffffff
0x12e0V0x1380V0x209	0x12e7
0x12e8V0x1380V0x209	0x20
0x12efV0x1380V0x209	0x20
0x12f2V0x1380V0x209	0x5
0x12faV0x1380V0x209	0x5b72
0x12c1V0x1380V0x209	0x0
0x12c2V0x1380V0x209	0x0
0x12c4V0x1380V0x209	0x1f
0x12c9V0x1380V0x209	0x12d0
0x12cdV0x13abV0x209	0x0
0x12ceV0x13abV0x209	0x0
0x12e4V0x13abV0x209	0x0
0x12e5V0x13abV0x209	0x0
0x12feV0x13abV0x209	0x0
0x12ffV0x13abV0x209	0x0
0x12d4V0x13abV0x209	0xffffffffffffffff
0x12e0V0x13abV0x209	0x12e7
0x12e8V0x13abV0x209	0x20
0x12efV0x13abV0x209	0x20
0x12f2V0x13abV0x209	0x5
0x12faV0x13abV0x209	0x5b72
0x12c1V0x13abV0x209	0x0
0x12c2V0x13abV0x209	0x0
0x12c4V0x13abV0x209	0x1f
0x12c9V0x13abV0x209	0x12d0
0x6dcV0x16c	0x0
0x6e3V0x16c	0x6ee
0x6e7V0x16c	0x6ee
0x6eaV0x16c	0x2bec
0x74cV0x16c	0x0
0x74dV0x16c	0x0
0x750V0x16c	0x0
0x7b9V0x16c	0x0
0x7baV0x16c	0x0
0x7bdV0x16c	0x0
0x7feV0x16c	0x40
0x801V0x16c	0x23b872dd
0x806V0x16c	0xe0
0x808V0x16c	0x23b872dd00000000000000000000000000000000000000000000000000000000
0x80bV0x16c	0x1
0x80dV0x16c	0x1
0x80fV0x16c	0xa0
0x811V0x16c	0x10000000000000000000000000000000000000000
0x812V0x16c	0xffffffffffffffffffffffffffffffffffffffff
0x816V0x16c	0x4
0x81bV0x16c	0x0
0x81dV0x16c	0x20
0x81fV0x16c	0x1592
0x822V0x16c	0x0
0x824V0x16c	0x0
0x827V0x16c	0x0
0x829V0x16c	0x24
0x82eV0x16c	0x44
0x835V0x16c	0x0
0x83bV0x16c	0x23b872dd
0x841V0x16c	0x64
0x844V0x16c	0x20
0x846V0x16c	0x40
0x84dV0x16c	0x0
0x854V0x16c	0x85f
0x5c16V0x16c	0x00000000000000000000000090d8a3915124d1b7d3343670a06c4d3c0ceff4f1
0x859V0x16c	0x0
0x85aV0x16c	0x0
0x85dV0x16c	0x0
0x65bV0x16c	0x40
0x65fV0x16c	0xa0
0x66aV0x16c	0x20
0x679V0x16c	0x60
0x680V0x16c	0x74503517
0x685V0x16c	0xe0
0x687V0x16c	0x7450351700000000000000000000000000000000000000000000000000000000
0x688V0x16c	0x80
0x691V0x16c	0x0
0x694V0x16c	0x1
0x696V0x16c	0x1
0x698V0x16c	0xa0
0x69aV0x16c	0x10000000000000000000000000000000000000000
0x69bV0x16c	0xffffffffffffffffffffffffffffffffffffffff
0x69cV0x16c	0xffffffffffffffffffffffff0000000000000000000000000000000000000000
0x6a5V0x16c	0x1
0x6b1V0x16c	0x2
0x6bdV0x16c	0x3
0x6c0V0x16c	0x4
0x6c4V0x16c	0xffffffff
0x6c9V0x16c	0xffffffffffffffffffffffffffffffffffffffffffffffffffffffff00000000
0x6cbV0x16c	0x74503517
0x6f1V0x16c	0x20
0x6f5V0x16c	0x20
0x6faV0x16c	0x703
0x6ffV0x16c	0x12a0
0x2bedV0x16c	0x4e487b71
0x2bf2V0x16c	0xe0
0x2bf4V0x16c	0x4e487b7100000000000000000000000000000000000000000000000000000000
0x2bf5V0x16c	0x0
0x2bf7V0x16c	0x32
0x2bf9V0x16c	0x4
0x2bfcV0x16c	0x24
0x2bfeV0x16c	0x0
0x704V0x16c	0x40
0x707V0x16c	0x6eb1769f
0x70cV0x16c	0xe1
0x70eV0x16c	0xdd62ed3e00000000000000000000000000000000000000000000000000000000
0x711V0x16c	0x1
0x713V0x16c	0x1
0x715V0x16c	0xa0
0x717V0x16c	0x10000000000000000000000000000000000000000
0x718V0x16c	0xffffffffffffffffffffffffffffffffffffffff
0x71cV0x16c	0x4
0x722V0x16c	0x24
0x72aV0x16c	0x0
0x72fV0x16c	0xdd62ed3e
0x735V0x16c	0x44
0x738V0x16c	0x20
0x73aV0x16c	0x40
0x73fV0x16c	0x44
0x747V0x16c	0x752
0x757V0x16c	0x40
0x75bV0x16c	0x1f
0x75dV0x16c	0xffffffffffffffffffffffffffffffffffffffffffffffffffffffffffffffe0
0x75eV0x16c	0x1f
0x766V0x16c	0x40
0x76dV0x16c	0x776
0x772V0x16c	0x14b2
0x777V0x16c	0x40
0x77aV0x16c	0x70a08231
0x77fV0x16c	0xe0
0x781V0x16c	0x70a0823100000000000000000000000000000000000000000000000000000000
0x784V0x16c	0x1
0x786V0x16c	0x1
0x788V0x16c	0xa0
0x78aV0x16c	0x10000000000000000000000000000000000000000
0x78bV0x16c	0xffffffffffffffffffffffffffffffffffffffff
0x78fV0x16c	0x4
0x797V0x16c	0x0
0x79cV0x16c	0x70a08231
0x7a2V0x16c	0x24
0x7a5V0x16c	0x20
0x7a7V0x16c	0x40
0x7acV0x16c	0x24
0x7b4V0x16c	0x7bf
0x7c4V0x16c	0x40
0x7c8V0x16c	0x1f
0x7caV0x16c	0xffffffffffffffffffffffffffffffffffffffffffffffffffffffffffffffe0
0x7cbV0x16c	0x1f
0x7d3V0x16c	0x40
0x7daV0x16c	0x7e3
0x7dfV0x16c	0x14b2
0x7e6V0x16c	0x0
0x7eaV0x16c	0x7f3
0x7faV0x16c	0x904
0x905V0x16c	0x0
0x907V0x16c	0x20
0x909V0x16c	0x1592
0x90cV0x16c	0x0
0x90eV0x16c	0x0
0x911V0x16c	0x0
0x913V0x16c	0x40
0x916V0x16c	0x20
0x919V0x16c	0x922
0x91eV0x16c	0x1472
0x5c20V0x16c	0x00000000000000000000000090d8a3915124d1b7d3343670a06c4d3c0ceff4f1
0x864V0x16c	0x40
0x868V0x16c	0x1f
0x86aV0x16c	0xffffffffffffffffffffffffffffffffffffffffffffffffffffffffffffffe0
0x86bV0x16c	0x1f
0x873V0x16c	0x40
0x87aV0x16c	0x883
0x87fV0x16c	0x14c9
0x887V0x16c	0x1
0x889V0x16c	0x1
0x88bV0x16c	0xa0
0x88dV0x16c	0x10000000000000000000000000000000000000000
0x88eV0x16c	0xffffffffffffffffffffffffffffffffffffffff
0x890V0x16c	0x0
0x892V0x16c	0x20
0x894V0x16c	0x1592
0x897V0x16c	0x0
0x899V0x16c	0x0
0x89cV0x16c	0x0
0x89eV0x16c	0x40
0x8a1V0x16c	0x20
0x8a4V0x16c	0x8ad
0x8a9V0x16c	0x1472
0x5c1bV0x16c	0x00000000000000000000000090d8a3915124d1b7d3343670a06c4d3c0ceff4f1
0x8aeV0x16c	0x40
0x8b2V0x16c	0x1f
0x8b4V0x16c	0xffffffffffffffffffffffffffffffffffffffffffffffffffffffffffffffe0
0x8c0V0x16c	0x20
0x8d4V0x16c	0xa51c57e5a4769fdce1d38fbc9f9e2c0003c4bf6b656b73d9921e54aa35f8975f
0x8f7V0x16c	0x40
0x900V0x16c	0x94f
0x952V0x16c	0x1
0x959V0x16c	0x6d3
0x923V0x16c	0x40
0x927V0x16c	0x1f
0x929V0x16c	0xffffffffffffffffffffffffffffffffffffffffffffffffffffffffffffffe0
0x936V0x16c	0x20
0x93dV0x16c	0x0
0x93fV0x16c	0x20
0x941V0x16c	0x1572
0x944V0x16c	0x0
0x946V0x16c	0x0
0x949V0x16c	0x0
0x94cV0x16c	0x0
0x5c25V0x16c	0x58624fcb8234dc3f422d68d9f3ea421a045bf33ec627d027f6d2b2eca473105f
0x6d8V0x16c	0x5b02
0x7efV0x16c	0x7f5
0x14bfV0x752V0x16c	0x0
0x14c0V0x752V0x16c	0x0
0x14b3V0x752V0x16c	0x0
0x14b4V0x752V0x16c	0x20
0x14bbV0x752V0x16c	0x14c2
0x14bfV0x7bfV0x16c	0x0
0x14c0V0x7bfV0x16c	0x0
0x14b3V0x7bfV0x16c	0x0
0x14b4V0x7bfV0x16c	0x20
0x14bbV0x7bfV0x16c	0x14c2
0x1473V0x904V0x16c	0x15105491d155
0x147aV0x904V0x16c	0xd2
0x147cV0x904V0x16c	0x5441524745540000000000000000000000000000000000000000000000000000
0x147fV0x904V0x16c	0x60
0x1485V0x904V0x16c	0xffffffffffffffffffffffff
0x1492V0x904V0x16c	0xffffffffffffffffffffffffffffffffffffffff000000000000000000000000
0x1494V0x904V0x16c	0x6
0x1499V0x904V0x16c	0x1a
0x14d6V0x85fV0x16c	0x0
0x14d7V0x85fV0x16c	0x0
0x14e5V0x85fV0x16c	0x0
0x14e6V0x85fV0x16c	0x0
0x14caV0x85fV0x16c	0x0
0x14cbV0x85fV0x16c	0x20
0x14d2V0x85fV0x16c	0x14d9
0x14e1V0x85fV0x16c	0x5b98
0x1473V0x883V0x16c	0x15105491d155
0x147aV0x883V0x16c	0xd2
0x147cV0x883V0x16c	0x5441524745540000000000000000000000000000000000000000000000000000
0x147fV0x883V0x16c	0x60
0x1485V0x883V0x16c	0xffffffffffffffffffffffff
0x1492V0x883V0x16c	0xffffffffffffffffffffffffffffffffffffffff000000000000000000000000
0x1494V0x883V0x16c	0x6
0x1499V0x883V0x16c	0x1a
0x12adV0x6eeV0x16c	0x0
0x12aeV0x6eeV0x16c	0x0
0x12a1V0x6eeV0x16c	0x0
0x12a2V0x6eeV0x16c	0x20
0x12a9V0x6eeV0x16c	0x12b0
0x12b1V0x6eeV0x16c	0x5b4c
0x12b5V0x6eeV0x16c	0x1285
0x1298V0x12b0V0x6eeV0x16c	0x0
0x1299V0x12b0V0x6eeV0x16c	0x0
0x1288V0x12b0V0x6eeV0x16c	0x1
0x128aV0x12b0V0x6eeV0x16c	0x1
0x128cV0x12b0V0x6eeV0x16c	0xa0
0x128eV0x12b0V0x6eeV0x16c	0x10000000000000000000000000000000000000000
0x128fV0x12b0V0x6eeV0x16c	0xffffffffffffffffffffffffffffffffffffffff
0x1294V0x12b0V0x6eeV0x16c	0x129b
0xb78V0x217	0x40
0xb7bV0x217	0x461bcd
0xb7fV0x217	0xe5
0xb81V0x217	0x8c379a000000000000000000000000000000000000000000000000000000000
0xb84V0x217	0x20
0xb86V0x217	0x4
0xb8bV0x217	0x16
0xb8dV0x217	0x24
0xb92V0x217	0x82e4e4c2f2e640d8cadccee8d040dad2e6dac2e8c6d
0xba9V0x217	0x53
0xbabV0x217	0x417272617973206c656e677468206d69736d6174636800000000000000000000
0xbacV0x217	0x44
0xbb1V0x217	0x64
0xbb4V0x217	0x407
0xbc3V0x217	0x0
0xbcaV0x217	0xbd5
0xbceV0x217	0xbd5
0xbd1V0x217	0x2c1f
0xbfeV0x217	0xc05
0xc01V0x217	0x2c52
0xc3eV0x217	0x40
0xc43V0x217	0x1f
0xc45V0x217	0xffffffffffffffffffffffffffffffffffffffffffffffffffffffffffffffe0
0xc46V0x217	0x3f
0xc4dV0x217	0x40
0xc54V0x217	0x0
0xc55V0x217	0x20
0xc5aV0x217	0xc63
0xc72V0x217	0xc79
0xc75V0x217	0x2c85
0xcc3V0x217	0xcca
0xcc6V0x217	0x2cb8
0xaf9V0x217	0x40
0xafdV0x217	0xa0
0xb08V0x217	0x20
0xb17V0x217	0x60
0xb1eV0x217	0xab7e4c7
0xb23V0x217	0xe4
0xb25V0x217	0xab7e4c7000000000000000000000000000000000000000000000000000000000
0xb26V0x217	0x80
0xb2fV0x217	0x0
0xb32V0x217	0x1
0xb34V0x217	0x1
0xb36V0x217	0xa0
0xb38V0x217	0x10000000000000000000000000000000000000000
0xb39V0x217	0xffffffffffffffffffffffffffffffffffffffff
0xb3aV0x217	0xffffffffffffffffffffffff0000000000000000000000000000000000000000
0xb43V0x217	0x1
0xb4eV0x217	0x2
0xb5bV0x217	0x3
0xb5eV0x217	0x4
0xb62V0x217	0xffffffff
0xb67V0x217	0xffffffffffffffffffffffffffffffffffffffffffffffffffffffff00000000
0xb69V0x217	0xab7e4c70
0xb74V0x217	0xbb8
0xbb9V0x217	0x0
0xcffV0x217	0x5b27
0xd02V0x217	0x24e
0xbd8V0x217	0x20
0xbdcV0x217	0x20
0xbe1V0x217	0xbea
0xbe6V0x217	0x12a0
0x2c20V0x217	0x4e487b71
0x2c25V0x217	0xe0
0x2c27V0x217	0x4e487b7100000000000000000000000000000000000000000000000000000000
0x2c28V0x217	0x0
0x2c2aV0x217	0x32
0x2c2cV0x217	0x4
0x2c2fV0x217	0x24
0x2c31V0x217	0x0
0xbebV0x217	0x1
0xbedV0x217	0x1
0xbefV0x217	0xa0
0xbf1V0x217	0x10000000000000000000000000000000000000000
0xbf2V0x217	0xffffffffffffffffffffffffffffffffffffffff
0xbfaV0x217	0xc05
0xc08V0x217	0x20
0xc0eV0x217	0xc17
0xc13V0x217	0x14e8
0x2c53V0x217	0x4e487b71
0x2c58V0x217	0xe0
0x2c5aV0x217	0x4e487b7100000000000000000000000000000000000000000000000000000000
0x2c5bV0x217	0x0
0x2c5dV0x217	0x32
0x2c5fV0x217	0x4
0x2c62V0x217	0x24
0x2c64V0x217	0x0
0xc18V0x217	0x40
0xc1bV0x217	0xc25
0xc21V0x217	0x152b
0xc26V0x217	0x0
0xc27V0x217	0x40
0xc2eV0x217	0x0
0xc37V0x217	0x0
0xc3aV0x217	0xc5e
0xc5fV0x217	0x60
0xc6eV0x217	0xc79
0xc7cV0x217	0x20
0xc80V0x217	0x20
0xc85V0x217	0xc8e
0xc8aV0x217	0x12a0
0x2c86V0x217	0x4e487b71
0x2c8bV0x217	0xe0
0x2c8dV0x217	0x4e487b7100000000000000000000000000000000000000000000000000000000
0x2c8eV0x217	0x0
0x2c90V0x217	0x32
0x2c92V0x217	0x4
0x2c95V0x217	0x24
0x2c97V0x217	0x0
0xc8fV0x217	0x1
0xc91V0x217	0x1
0xc93V0x217	0xa0
0xc95V0x217	0x10000000000000000000000000000000000000000
0xc96V0x217	0xffffffffffffffffffffffffffffffffffffffff
0xc98V0x217	0x6eb7af0fe8761c066484ab6b41c49a1eecb9025e21f258e3e7f0ef3631d67b4a
0xcbfV0x217	0xcca
0xccdV0x217	0x20
0xcd3V0x217	0xcdc
0xcd8V0x217	0x14e8
0x2cb9V0x217	0x4e487b71
0x2cbeV0x217	0xe0
0x2cc0V0x217	0x4e487b7100000000000000000000000000000000000000000000000000000000
0x2cc1V0x217	0x0
0x2cc3V0x217	0x32
0x2cc5V0x217	0x4
0x2cc8V0x217	0x24
0x2ccaV0x217	0x0
0xcdeV0x217	0x40
0xce1V0x217	0xcec
0xce8V0x217	0x153a
0xcedV0x217	0x40
0xcf6V0x217	0x1
0xcf9V0x217	0xbba
0xbbfV0x217	0xcfd
0xaf80x40dV0x217	0x64
0xaf80x408V0x217	0x40
0x14faV0xc05V0x217	0x0
0x14fbV0xc05V0x217	0x0
0x1514V0xc05V0x217	0x0
0x1515V0xc05V0x217	0x0
0x1528V0xc05V0x217	0x0
0x1529V0xc05V0x217	0x0
0x14e9V0xc05V0x217	0x0
0x14eaV0xc05V0x217	0x0
0x14edV0xc05V0x217	0x1e
0x14efV0xc05V0x217	0xffffffffffffffffffffffffffffffffffffffffffffffffffffffffffffffe1
0x14f6V0xc05V0x217	0x14fd
0x1504V0xc05V0x217	0xffffffffffffffff
0x1510V0xc05V0x217	0x1517
0x1518V0xc05V0x217	0x20
0x1524V0xc05V0x217	0x5bbe
0x1530V0xc17V0x217	0x0
0x14faV0xccaV0x217	0x0
0x14fbV0xccaV0x217	0x0
0x1514V0xccaV0x217	0x0
0x1515V0xccaV0x217	0x0
0x1528V0xccaV0x217	0x0
0x1529V0xccaV0x217	0x0
0x14e9V0xccaV0x217	0x0
0x14eaV0xccaV0x217	0x0
0x14edV0xccaV0x217	0x1e
0x14efV0xccaV0x217	0xffffffffffffffffffffffffffffffffffffffffffffffffffffffffffffffe1
0x14f6V0xccaV0x217	0x14fd
0x1504V0xccaV0x217	0xffffffffffffffff
0x1510V0xccaV0x217	0x1517
0x1518V0xccaV0x217	0x20
0x1524V0xccaV0x217	0x5bbe
0x153bV0xcdcV0x217	0x40
0x1540V0xcdcV0x217	0x40
0x1547V0xcdcV0x217	0x60
0x154cV0xcdcV0x217	0x0
0x154dV0xcdcV0x217	0x60
0x155bV0xcdcV0x217	0x20
0x1560V0xcdcV0x217	0x1f
0x1565V0xcdcV0x217	0x1f
0x1567V0xcdcV0x217	0xffffffffffffffffffffffffffffffffffffffffffffffffffffffffffffffe0
0x286V0xcfdV0x217	0x40
0x28bV0xcfdV0x217	0x1f
0x28dV0xcfdV0x217	0xffffffffffffffffffffffffffffffffffffffffffffffffffffffffffffffe0
0x28eV0xcfdV0x217	0x3f
0x295V0xcfdV0x217	0x40
0x29cV0xcfdV0x217	0x0
0x29dV0xcfdV0x217	0x20
0x2a2V0xcfdV0x217	0x2ab
0x250V0xcfdV0x217	0x0
0x254V0xcfdV0x217	0x25a
0x25bV0xcfdV0x217	0x40
0x25eV0xcfdV0x217	0x0
0x260V0xcfdV0x217	0x0
0x262V0xcfdV0x217	0x20
0x264V0xcfdV0x217	0x1592
0x267V0xcfdV0x217	0x0
0x269V0xcfdV0x217	0x0
0x26cV0xcfdV0x217	0x0
0x27fV0xcfdV0x217	0x0
0x282V0xcfdV0x217	0x2a6
0x5bfdV0xcfdV0x217	0x00000000000000000000000090d8a3915124d1b7d3343670a06c4d3c0ceff4f1
0x24e0x2c4V0xcfdV0x217	0x2cd
0x24e0x5c02V0xcfdV0x217	0x00000000000000000000000090d8a3915124d1b7d3343670a06c4d3c0ceff4f1
0x24e0x2c9V0xcfdV0x217	0x1472
0x24e0x2c1V0xcfdV0x217	0x20
0x24e0x2beV0xcfdV0x217	0x40
0x24e0x2bcV0xcfdV0x217	0x0
0x24e0x2b9V0xcfdV0x217	0x0
0x24e0x2b7V0xcfdV0x217	0x0
0x24e0x2b4V0xcfdV0x217	0x1592
0x24e0x2b2V0xcfdV0x217	0x20
0x24e0x2b0V0xcfdV0x217	0x0
0x24e0x317V0xcfdV0x217	0x40
0x24e0x2f4V0xcfdV0x217	0xd02bca2f0d8224b8292e9a25c9f723703ca8395a11fda4f0589d8599fbd5d131
0x24e0x2ebV0xcfdV0x217	0x1
0x24e0x2eaV0xcfdV0x217	0x0
0x24e0x2e0V0xcfdV0x217	0x20
0x24e0x2dfV0xcfdV0x217	0x1a
0x24e0x2d8V0xcfdV0x217	0x1a
0x24e0x2d7V0xcfdV0x217	0x3a
0x24e0x2d4V0xcfdV0x217	0xffffffffffffffffffffffffffffffffffffffffffffffffffffffffffffffe0
0x24e0x2d2V0xcfdV0x217	0x1f
0x24e0x2ceV0xcfdV0x217	0x40
0x24e0x2a7V0xcfdV0x217	0x60
0x1473V0x2ab0x24eV0xcfdV0x217	0x15105491d155
0x147aV0x2ab0x24eV0xcfdV0x217	0xd2
0x147cV0x2ab0x24eV0xcfdV0x217	0x5441524745540000000000000000000000000000000000000000000000000000
0x147fV0x2ab0x24eV0xcfdV0x217	0x60
0x1485V0x2ab0x24eV0xcfdV0x217	0xffffffffffffffffffffffff
0x1492V0x2ab0x24eV0xcfdV0x217	0xffffffffffffffffffffffffffffffffffffffff000000000000000000000000
0x1494V0x2ab0x24eV0xcfdV0x217	0x6
0x1499V0x2ab0x24eV0xcfdV0x217	0x1a
0x12adV0xbd5V0x217	0x0
0x12aeV0xbd5V0x217	0x0
0x12a1V0xbd5V0x217	0x0
0x12a2V0xbd5V0x217	0x20
0x12a9V0xbd5V0x217	0x12b0
0x12b1V0xbd5V0x217	0x5b4c
0x12b5V0xbd5V0x217	0x1285
0x1298V0x12b0V0xbd5V0x217	0x0
0x1299V0x12b0V0xbd5V0x217	0x0
0x1288V0x12b0V0xbd5V0x217	0x1
0x128aV0x12b0V0xbd5V0x217	0x1
0x128cV0x12b0V0xbd5V0x217	0xa0
0x128eV0x12b0V0xbd5V0x217	0x10000000000000000000000000000000000000000
0x128fV0x12b0V0xbd5V0x217	0xffffffffffffffffffffffffffffffffffffffff
0x1294V0x12b0V0xbd5V0x217	0x129b
0x12adV0xc79V0x217	0x0
0x12aeV0xc79V0x217	0x0
0x12a1V0xc79V0x217	0x0
0x12a2V0xc79V0x217	0x20
0x12a9V0xc79V0x217	0x12b0
0x12b1V0xc79V0x217	0x5b4c
0x12b5V0xc79V0x217	0x1285
0x1298V0x12b0V0xc79V0x217	0x0
0x1299V0x12b0V0xc79V0x217	0x0
0x1288V0x12b0V0xc79V0x217	0x1
0x128aV0x12b0V0xc79V0x217	0x1
0x128cV0x12b0V0xc79V0x217	0xa0
0x128eV0x12b0V0xc79V0x217	0x10000000000000000000000000000000000000000
0x128fV0x12b0V0xc79V0x217	0xffffffffffffffffffffffffffffffffffffffff
0x1294V0x12b0V0xc79V0x217	0x129b
0x1211V0x22a	0x40
0x1216V0x22a	0x1f
0x1218V0x22a	0xffffffffffffffffffffffffffffffffffffffffffffffffffffffffffffffe0
0x1219V0x22a	0x3f
0x1220V0x22a	0x40
0x1227V0x22a	0x0
0x1228V0x22a	0x20
0x122dV0x22a	0x1236
0xd07V0x22a	0x40
0xd0bV0x22a	0xa0
0xd16V0x22a	0x20
0xd25V0x22a	0x60
0xd2cV0x22a	0xbca8c7b5
0xd31V0x22a	0xe0
0xd33V0x22a	0xbca8c7b500000000000000000000000000000000000000000000000000000000
0xd34V0x22a	0x80
0xd3dV0x22a	0x0
0xd40V0x22a	0x1
0xd42V0x22a	0x1
0xd44V0x22a	0xa0
0xd46V0x22a	0x10000000000000000000000000000000000000000
0xd47V0x22a	0xffffffffffffffffffffffffffffffffffffffff
0xd48V0x22a	0xffffffffffffffffffffffff0000000000000000000000000000000000000000
0xd51V0x22a	0x1
0xd5cV0x22a	0x2
0xd69V0x22a	0x3
0xd6cV0x22a	0x4
0xd70V0x22a	0xffffffff
0xd75V0x22a	0xffffffffffffffffffffffffffffffffffffffffffffffffffffffff00000000
0xd77V0x22a	0xbca8c7b5
0xd7fV0x22a	0xd89
0xd85V0x22a	0x11dd
0xd8aV0x22a	0xd91
0xd8dV0x22a	0x24e
0x11deV0x22a	0x0
0x11e0V0x22a	0x1
0x11e2V0x22a	0x1
0x11e4V0x22a	0xa0
0x11e6V0x22a	0x10000000000000000000000000000000000000000
0x11e7V0x22a	0xffffffffffffffffffffffffffffffffffffffff
0x11ebV0x22a	0x40
0x11eeV0x22a	0x11f8
0x11f4V0x22a	0x152b
0x11f9V0x22a	0x0
0x11faV0x22a	0x40
0x1201V0x22a	0x0
0x120aV0x22a	0x0
0x120dV0x22a	0x1231
0x1232V0x22a	0x60
0x123cV0x22a	0x1
0x123eV0x22a	0x1
0x1240V0x22a	0xa0
0x1242V0x22a	0x10000000000000000000000000000000000000000
0x1243V0x22a	0xffffffffffffffffffffffffffffffffffffffff
0x1245V0x22a	0x6eb7af0fe8761c066484ab6b41c49a1eecb9025e21f258e3e7f0ef3631d67b4a
0x1269V0x22a	0x40
0x126cV0x22a	0x1277
0x1273V0x22a	0x153a
0x1278V0x22a	0x40
0x1530V0x11ddV0x22a	0x0
0x153bV0x1236V0x22a	0x40
0x1540V0x1236V0x22a	0x40
0x1547V0x1236V0x22a	0x60
0x154cV0x1236V0x22a	0x0
0x154dV0x1236V0x22a	0x60
0x155bV0x1236V0x22a	0x20
0x1560V0x1236V0x22a	0x1f
0x1565V0x1236V0x22a	0x1f
0x1567V0x1236V0x22a	0xffffffffffffffffffffffffffffffffffffffffffffffffffffffffffffffe0
0x286V0xd89V0x22a	0x40
0x28bV0xd89V0x22a	0x1f
0x28dV0xd89V0x22a	0xffffffffffffffffffffffffffffffffffffffffffffffffffffffffffffffe0
0x28eV0xd89V0x22a	0x3f
0x295V0xd89V0x22a	0x40
0x29cV0xd89V0x22a	0x0
0x29dV0xd89V0x22a	0x20
0x2a2V0xd89V0x22a	0x2ab
0x250V0xd89V0x22a	0x0
0x254V0xd89V0x22a	0x25a
0x25bV0xd89V0x22a	0x40
0x25eV0xd89V0x22a	0x0
0x260V0xd89V0x22a	0x0
0x262V0xd89V0x22a	0x20
0x264V0xd89V0x22a	0x1592
0x267V0xd89V0x22a	0x0
0x269V0xd89V0x22a	0x0
0x26cV0xd89V0x22a	0x0
0x27fV0xd89V0x22a	0x0
0x282V0xd89V0x22a	0x2a6
0x5bfdV0xd89V0x22a	0x00000000000000000000000090d8a3915124d1b7d3343670a06c4d3c0ceff4f1
0x24e0x2c4V0xd89V0x22a	0x2cd
0x24e0x5c02V0xd89V0x22a	0x00000000000000000000000090d8a3915124d1b7d3343670a06c4d3c0ceff4f1
0x24e0x2c9V0xd89V0x22a	0x1472
0x24e0x2c1V0xd89V0x22a	0x20
0x24e0x2beV0xd89V0x22a	0x40
0x24e0x2bcV0xd89V0x22a	0x0
0x24e0x2b9V0xd89V0x22a	0x0
0x24e0x2b7V0xd89V0x22a	0x0
0x24e0x2b4V0xd89V0x22a	0x1592
0x24e0x2b2V0xd89V0x22a	0x20
0x24e0x2b0V0xd89V0x22a	0x0
0x24e0x317V0xd89V0x22a	0x40
0x24e0x2f4V0xd89V0x22a	0xd02bca2f0d8224b8292e9a25c9f723703ca8395a11fda4f0589d8599fbd5d131
0x24e0x2ebV0xd89V0x22a	0x1
0x24e0x2eaV0xd89V0x22a	0x0
0x24e0x2e0V0xd89V0x22a	0x20
0x24e0x2dfV0xd89V0x22a	0x1a
0x24e0x2d8V0xd89V0x22a	0x1a
0x24e0x2d7V0xd89V0x22a	0x3a
0x24e0x2d4V0xd89V0x22a	0xffffffffffffffffffffffffffffffffffffffffffffffffffffffffffffffe0
0x24e0x2d2V0xd89V0x22a	0x1f
0x24e0x2ceV0xd89V0x22a	0x40
0x24e0x2a7V0xd89V0x22a	0x60
0x1473V0x2ab0x24eV0xd89V0x22a	0x15105491d155
0x147aV0x2ab0x24eV0xd89V0x22a	0xd2
0x147cV0x2ab0x24eV0xd89V0x22a	0x5441524745540000000000000000000000000000000000000000000000000000
0x147fV0x2ab0x24eV0xd89V0x22a	0x60
0x1485V0x2ab0x24eV0xd89V0x22a	0xffffffffffffffffffffffff
0x1492V0x2ab0x24eV0xd89V0x22a	0xffffffffffffffffffffffffffffffffffffffff000000000000000000000000
0x1494V0x2ab0x24eV0xd89V0x22a	0x6
0x1499V0x2ab0x24eV0xd89V0x22a	0x1a
0x4c1V0x136	0x40
0x4c5V0x136	0xa0
0x4d0V0x136	0x20
0x4dfV0x136	0x60
0x4e6V0x136	0xa734f41
0x4ebV0x136	0xe2
0x4edV0x136	0x29cd3d0400000000000000000000000000000000000000000000000000000000
0x4eeV0x136	0x80
0x4f7V0x136	0x0
0x4faV0x136	0x1
0x4fcV0x136	0x1
0x4feV0x136	0xa0
0x500V0x136	0x10000000000000000000000000000000000000000
0x501V0x136	0xffffffffffffffffffffffffffffffffffffffff
0x502V0x136	0xffffffffffffffffffffffff0000000000000000000000000000000000000000
0x50bV0x136	0x1
0x516V0x136	0x2
0x523V0x136	0x3
0x526V0x136	0x4
0x52aV0x136	0xffffffff
0x52fV0x136	0xffffffffffffffffffffffffffffffffffffffffffffffffffffffff00000000
0x531V0x136	0x29cd3d04
0x539V0x136	0x540
0x53cV0x136	0x24e
0x286V0x4c0V0x136	0x40
0x28bV0x4c0V0x136	0x1f
0x28dV0x4c0V0x136	0xffffffffffffffffffffffffffffffffffffffffffffffffffffffffffffffe0
0x28eV0x4c0V0x136	0x3f
0x295V0x4c0V0x136	0x40
0x29cV0x4c0V0x136	0x0
0x29dV0x4c0V0x136	0x20
0x2a2V0x4c0V0x136	0x2ab
0x250V0x4c0V0x136	0x0
0x254V0x4c0V0x136	0x25a
0x25bV0x4c0V0x136	0x40
0x25eV0x4c0V0x136	0x0
0x260V0x4c0V0x136	0x0
0x262V0x4c0V0x136	0x20
0x264V0x4c0V0x136	0x1592
0x267V0x4c0V0x136	0x0
0x269V0x4c0V0x136	0x0
0x26cV0x4c0V0x136	0x0
0x27fV0x4c0V0x136	0x0
0x282V0x4c0V0x136	0x2a6
0x5bfdV0x4c0V0x136	0x00000000000000000000000090d8a3915124d1b7d3343670a06c4d3c0ceff4f1
0x24e0x2c4V0x4c0V0x136	0x2cd
0x24e0x5c02V0x4c0V0x136	0x00000000000000000000000090d8a3915124d1b7d3343670a06c4d3c0ceff4f1
0x24e0x2c9V0x4c0V0x136	0x1472
0x24e0x2c1V0x4c0V0x136	0x20
0x24e0x2beV0x4c0V0x136	0x40
0x24e0x2bcV0x4c0V0x136	0x0
0x24e0x2b9V0x4c0V0x136	0x0
0x24e0x2b7V0x4c0V0x136	0x0
0x24e0x2b4V0x4c0V0x136	0x1592
0x24e0x2b2V0x4c0V0x136	0x20
0x24e0x2b0V0x4c0V0x136	0x0
0x24e0x317V0x4c0V0x136	0x40
0x24e0x2f4V0x4c0V0x136	0xd02bca2f0d8224b8292e9a25c9f723703ca8395a11fda4f0589d8599fbd5d131
0x24e0x2ebV0x4c0V0x136	0x1
0x24e0x2eaV0x4c0V0x136	0x0
0x24e0x2e0V0x4c0V0x136	0x20
0x24e0x2dfV0x4c0V0x136	0x1a
0x24e0x2d8V0x4c0V0x136	0x1a
0x24e0x2d7V0x4c0V0x136	0x3a
0x24e0x2d4V0x4c0V0x136	0xffffffffffffffffffffffffffffffffffffffffffffffffffffffffffffffe0
0x24e0x2d2V0x4c0V0x136	0x1f
0x24e0x2ceV0x4c0V0x136	0x40
0x24e0x2a7V0x4c0V0x136	0x60
0x1473V0x2ab0x24eV0x4c0V0x136	0x15105491d155
0x147aV0x2ab0x24eV0x4c0V0x136	0xd2
0x147cV0x2ab0x24eV0x4c0V0x136	0x5441524745540000000000000000000000000000000000000000000000000000
0x147fV0x2ab0x24eV0x4c0V0x136	0x60
0x1485V0x2ab0x24eV0x4c0V0x136	0xffffffffffffffffffffffff
0x1492V0x2ab0x24eV0x4c0V0x136	0xffffffffffffffffffffffffffffffffffffffff000000000000000000000000
0x1494V0x2ab0x24eV0x4c0V0x136	0x6
0x1499V0x2ab0x24eV0x4c0V0x136	0x1a
