0x9	0x61
0x1a	0x43
0x46	0x6d
0x63	0x68
0x6e	0x3dce
0x71	0x7b
0x97	0x3dfa
0x9a	0xa4
0xad	0xb5
0xb7	0x3e26
0xba	0xc4
0xcf	0xd7
0xd9	0x3e47
0xdc	0xe6
0xef	0xf7
0x139	0x8d0xeb
0x141	0x149
0x14b	0x3e68
0x14e	0x158
0x159	0x88e
0x8aa	0x90f
0x90b	0x1ece
0xc42	0xc74
0x1ed7	0x118
0x3dd2	0x8d0x0
0x3dfe	0x8d0x96
0x3f4a	0x3f5d
0x3f4c	0x3f60
0x3f4e	0x3f63
0x3f50	0x3f57
0x3f52	0x3f5a
0xac1V0x3dce	0xaa9B0x3dce
0xb11V0x3dce	0xa70B0x3dce
0xaaeV0x3dce	0xac5B0x3dce
0xa75V0x3dce	0xb15B0x3dce
0xac1V0x3dfa	0xaa9B0x3dfa
0xb11V0x3dfa	0xa70B0x3dfa
0xaaeV0x3dfa	0xac5B0x3dfa
0xa75V0x3dfa	0xb15B0x3dfa
0x9b3V0x6d	0x9bbB0x6d
0x9caV0x6d	0x9d2B0x6d
0x9d3V0x6d	0x9deB0x6d
0x9f6V0x6d	0x9feB0x6d
0x9ffV0x6d	0xa0aB0x6d
0xa22V0x6d	0xa2aB0x6d
0xa2bV0x6d	0xa36B0x6d
0x978V0x9d2V0x6d	0x980B0x9d2B0x6d
0x993V0x9d2V0x6d	0x3ed1B0x9d2B0x6d
0x960V0x9d2V0x6d	0x968B0x9d2B0x6d
0x978V0x9feV0x6d	0x980B0x9feB0x6d
0x993V0x9feV0x6d	0x3ed1B0x9feB0x6d
0x960V0x9feV0x6d	0x968B0x9feB0x6d
0x978V0xa2aV0x6d	0x980B0xa2aB0x6d
0x993V0xa2aV0x6d	0x3ed1B0xa2aB0x6d
0x960V0xa2aV0x6d	0x968B0xa2aB0x6d
0xb51V0xb5	0xb59B0xb5
0xb63V0xb5	0xb6bB0xb5
0xb3bV0xb59V0xb5	0xb43B0xb59B0xb5
0xb83V0xd7	0xb8bB0xd7
0xb8eV0xd7	0xb96B0xd7
0xba5V0xd7	0xbadB0xd7
0xb3bV0xb8bV0xd7	0xb43B0xb8bB0xd7
0xb3bV0xb96V0xd7	0xb43B0xb96B0xd7
0xbc2V0x149	0xbcaB0x149
0xbcdV0x149	0x3ef7B0x149
0xb3bV0xbcaV0x149	0xb43B0xbcaB0x149
0x9b3V0x96	0x9bbB0x96
0x9caV0x96	0x9d2B0x96
0x9d3V0x96	0x9deB0x96
0x9f6V0x96	0x9feB0x96
0x9ffV0x96	0xa0aB0x96
0xa22V0x96	0xa2aB0x96
0xa2bV0x96	0xa36B0x96
0x978V0x9d2V0x96	0x980B0x9d2B0x96
0x993V0x9d2V0x96	0x3ed1B0x9d2B0x96
0x960V0x9d2V0x96	0x968B0x9d2B0x96
0x978V0x9feV0x96	0x980B0x9feB0x96
0x993V0x9feV0x96	0x3ed1B0x9feB0x96
0x960V0x9feV0x96	0x968B0x9feB0x96
0x978V0xa2aV0x96	0x980B0xa2aB0x96
0x993V0xa2aV0x96	0x3ed1B0xa2aB0x96
0x960V0xa2aV0x96	0x968B0xa2aB0x96
0x1eeV0x7b	0x1aacB0x7b
0x23cV0x7b	0x247B0x7b
0x243V0x7b	0x1afaB0x7b
0x280V0x7b	0x289B0x7b
0x2b0V0x7b	0x1b48B0x7b
0x2eeV0x7b	0x1b96B0x7b
0x34bV0x7b	0x354B0x7b
0x375V0x7b	0x1be4B0x7b
0x166V0x7b	0x16eB0x7b
0x16fV0x7b	0x1d9B0x7b
0x1e7V0x7b	0x1f2B0x7b
0x208V0x7b	0x225B0x7b
0x21fV0x7b	0x210B0x7b
0x274V0x7b	0x29fB0x7b
0x2a9V0x7b	0x2b4B0x7b
0x28dV0x7b	0x296B0x7b
0x2c0V0x7b	0x2c9B0x7b
0x2e7V0x7b	0x2f2B0x7b
0x2fbV0x7b	0x304B0x7b
0x308V0x7b	0x312B0x7b
0x32aV0x7b	0x34fB0x7b
0x35bV0x7b	0x366B0x7b
0x36eV0x7b	0x379B0x7b
0x38eV0x7b	0x22bB0x7b
0x230V0x7b	0x392B0x7b
0xca7V0x2f2V0x7b	0xcafB0x2f2B0x7b
0xcc2V0x2f2V0x7b	0xccaB0x2f2B0x7b
0xcd7V0x2f2V0x7b	0x3f1dB0x2f2B0x7b
0xbc2V0x2b4V0x7b	0xbcaB0x2b4B0x7b
0xbcdV0x2b4V0x7b	0x3ef7B0x2b4B0x7b
0xb3bV0xbcaV0x2b4V0x7b	0xb43B0xbcaB0x2b4B0x7b
0x411V0xa4	0x1c32B0xa4
0x42bV0xa4	0x1c5aB0xa4
0x49aV0xa4	0x4a5B0xa4
0x4a1V0xa4	0x1ca8B0xa4
0x4bfV0xa4	0x1cf6B0xa4
0x4ecV0xa4	0x1d44B0xa4
0x52aV0xa4	0x1d92B0xa4
0x587V0xa4	0x590B0xa4
0x5b1V0xa4	0x1de0B0xa4
0x3a7V0xa4	0x3afB0xa4
0x3b0V0xa4	0x415B0xa4
0x424V0xa4	0x42fB0xa4
0x445V0xa4	0x462B0xa4
0x45cV0xa4	0x44dB0xa4
0x4aeV0xa4	0x4cfB0xa4
0x4d0V0xa4	0x4d9B0xa4
0x4cbV0xa4	0x4d9B0xa4
0x4e5V0xa4	0x4f0B0xa4
0x4fcV0xa4	0x505B0xa4
0x523V0xa4	0x52eB0xa4
0x537V0xa4	0x540B0xa4
0x544V0xa4	0x54eB0xa4
0x566V0xa4	0x58bB0xa4
0x597V0xa4	0x5a2B0xa4
0x5aaV0xa4	0x5b5B0xa4
0x5caV0xa4	0x468B0xa4
0x46dV0xa4	0x5ceB0xa4
0x4b8V0xa4	0x4c3B0xa4
0xca7V0x52eV0xa4	0xcafB0x52eB0xa4
0xcc2V0x52eV0xa4	0xccaB0x52eB0xa4
0xcd7V0x52eV0xa4	0x3f1dB0x52eB0xa4
0xbc2V0x4f0V0xa4	0xbcaB0x4f0B0xa4
0xbcdV0x4f0V0xa4	0x3ef7B0x4f0B0xa4
0xb3bV0xbcaV0x4f0V0xa4	0xb43B0xbcaB0x4f0B0xa4
0x658V0xc4	0x1e2eB0xc4
0x6c2V0xc4	0x1e56B0xc4
0x5f7V0xc4	0x65cB0xc4
0x661V0xc4	0x6c6B0xc4
0x6fcV0xc4	0x3e89B0xc4
0x78bV0xe6	0x1e7eB0xe6
0x88aV0xe6	0x1ea6B0xe6
0x72aV0xe6	0x78fB0xe6
0x7f7V0xe6	0x804B0xe6
0x81fV0xe6	0x828B0xe6
0x829V0xe6	0x3eadB0xe6
0xcf9V0x804V0xe6	0xd01B0x804B0xe6
0xd09V0x804V0xe6	0x3f43B0x804B0xe6
