0x0	[0x0, nil]
0xf	[0xf, nil]
0x4	[0x4, nil]
0x8	[0x8, nil]
0x60	[0x60, nil]
0x3f	[0x3f, nil]
0x1f	[0x1f, nil]
0x2	[0x2, nil]
0xe0	[0xe0, nil]
0x5	[0x5, nil]
0x7	[0x7, nil]
0x9	[0x9, nil]
0xd	[0xd, nil]
0x10	[0x10, nil]
0x12	[0x12, nil]
0x14	[0x14, nil]
0x19	[0x19, nil]
0x1a	[0x1a, nil]
0x24	[0x24, nil]
0x2a	[0x2a, nil]
0x2f	[0x2f, nil]
0x35	[0x35, nil]
0x3a	[0x3a, nil]
0x45	[0x45, nil]
0x46	[0x46, nil]
0x4b	[0x4b, nil]
0x4d	[0x4d, nil]
0x53	[0x53, nil]
0x58	[0x58, nil]
0x5d	[0x5d, nil]
0x62	[0x62, nil]
0x63	[0x63, nil]
0x69	[0x69, nil]
0x6e	[0x6e, nil]
0x71	[0x71, nil]
0x74	[0x74, nil]
0x75	[0x75, nil]
0x77	[0x77, nil]
0x7c	[0x7c, nil]
0x97	[0x97, nil]
0x9a	[0x9a, nil]
0x9d	[0x9d, nil]
0x9e	[0x9e, nil]
0xa0	[0xa0, nil]
0xa5	[0xa5, nil]
0xaa	[0xaa, nil]
0xac	[0xac, nil]
0xad	[0xad, nil]
0xb1	[0xb1, nil]
0xb7	[0xb7, nil]
0xba	[0xba, nil]
0xbd	[0xbd, nil]
0xbe	[0xbe, nil]
0xc0	[0xc0, nil]
0xc5	[0xc5, nil]
0xcc	[0xcc, nil]
0xce	[0xce, nil]
0xcf	[0xcf, nil]
0xd3	[0xd3, nil]
0xd9	[0xd9, nil]
0xdc	[0xdc, nil]
0xdf	[0xdf, nil]
0xe2	[0xe2, nil]
0xe7	[0xe7, nil]
0xec	[0xec, nil]
0xee	[0xee, nil]
0xef	[0xef, nil]
0xf3	[0xf3, nil]
0xf9	[0xf9, nil]
0xfb	[0xfb, nil]
0xfc	[0xfc, nil]
0x100	[0x100, nil]
0x115	[0x115, nil]
0x119	[0x119, nil]
0x11b	[0x11b, nil]
0x11c	[0x11c, nil]
0x133	[0x133, nil]
0x136	[0x136, nil]
0x138	[0x138, nil]
0x139	[0x139, nil]
0x13e	[0x13e, nil]
0x140	[0x140, nil]
0x141	[0x141, nil]
0x145	[0x145, nil]
0x14b	[0x14b, nil]
0x14e	[0x14e, nil]
0x151	[0x151, nil]
0x152	[0x152, nil]
0x154	[0x154, nil]
0x159	[0x159, nil]
0x88f	[0x88f, nil]
0x891	[0x891, nil]
0x892	[0x892, nil]
0x8a7	[0x8a7, nil]
0x8a8	[0x8a8, nil]
0x8a9	[0x8a9, nil]
0x8aa	[0x8aa, nil]
0x8ae	[0x8ae, nil]
0x8b0	[0x8b0, nil]
0x8b1	[0x8b1, nil]
0x8d4	[0x8d4, nil]
0x8d6	[0x8d6, nil]
0x8d9	[0x8d9, nil]
0x8db	[0x8db, nil]
0x8dd	[0x8dd, nil]
0x8e0	[0x8e0, nil]
0x8e2	[0x8e2, nil]
0x903	[0x903, nil]
0x906	[0x906, nil]
0x908	[0x908, nil]
0x90a	[0x90a, nil]
0x90b	[0x90b, nil]
0x910	[0x910, nil]
0x913	[0x913, nil]
0x914	[0x914, nil]
0x935	[0x935, nil]
0x936	[0x936, nil]
0x94e	[0x94e, nil]
0x952	[0x952, nil]
0xc3d	[0xc3d, nil]
0xc40	[0xc40, nil]
0xc41	[0xc41, nil]
0xc42	[0xc42, nil]
0xc46	[0xc46, nil]
0xc67	[0xc67, nil]
0xc6a	[0xc6a, nil]
0xc6c	[0xc6c, nil]
0xc6f	[0xc6f, nil]
0xc71	[0xc71, nil]
0x1ecf	[0x1d1, nil]
0x1ed1	[0x1d3, nil]
0x1ed4	[0x1d6, nil]
0x3dcf	[0x81, nil]
0x3dd1	[0x83, nil]
0x3dd2	[0x84, nil]
0x3dd7	[0x89, nil]
0x3dfb	[0x81, nil]
0x3dfd	[0x83, nil]
0x3dfe	[0x84, nil]
0x3e03	[0x89, nil]
0x3f4a	[0x25, nil]
0x3f4c	[0x30, nil]
0x3f4e	[0x3b, nil]
0x3f50	[0x4e, nil]
0x3f52	[0x59, nil]
0x3f54	[0x67, nil]
0x3f58	[0x96, nil]
0x3f5b	[0xa9, nil]
0x3f5e	[0xcb, nil]
0x3f61	[0xeb, nil]
0x3f64	[0x13d, nil]
0x930x0	[0x93, nil]
0x930x96	[0x93, nil]
0x930xeb	[0x93, nil]
0x900x0	[0x90, nil]
0x900x96	[0x90, nil]
0x900xeb	[0x90, nil]
0x8e0x0	[0x8e, nil]
0x8e0x96	[0x8e, nil]
0x8e0xeb	[0x8e, nil]
0xa79S0x3dce	[0x8c, [0xa79, nil]]
0xa9cS0x3dce	[0x8c, [0xa9c, nil]]
0xa9dS0x3dce	[0x8c, [0xa9d, nil]]
0xaa1S0x3dce	[0x8c, [0xaa1, nil]]
0xaa3S0x3dce	[0x8c, [0xaa3, nil]]
0xaa7S0x3dce	[0x8c, [0xaa7, nil]]
0xab2S0x3dce	[0x8c, [0xab2, nil]]
0xab6S0x3dce	[0x8c, [0xab6, nil]]
0xab8S0x3dce	[0x8c, [0xab8, nil]]
0xab9S0x3dce	[0x8c, [0xab9, nil]]
0xabcS0x3dce	[0x8c, [0xabc, nil]]
0xabeS0x3dce	[0x8c, [0xabe, nil]]
0xac0S0x3dce	[0x8c, [0xac0, nil]]
0xac1S0x3dce	[0x8c, [0xac1, nil]]
0xac7S0x3dce	[0x8c, [0xac7, nil]]
0xac9S0x3dce	[0x8c, [0xac9, nil]]
0xacdS0x3dce	[0x8c, [0xacd, nil]]
0xaceS0x3dce	[0x8c, [0xace, nil]]
0xad0S0x3dce	[0x8c, [0xad0, nil]]
0xad2S0x3dce	[0x8c, [0xad2, nil]]
0xaf3S0x3dce	[0x8c, [0xaf3, nil]]
0xaf6S0x3dce	[0x8c, [0xaf6, nil]]
0xaf7S0x3dce	[0x8c, [0xaf7, nil]]
0xaf9S0x3dce	[0x8c, [0xaf9, nil]]
0xafaS0x3dce	[0x8c, [0xafa, nil]]
0xaffS0x3dce	[0x8c, [0xaff, nil]]
0xb02S0x3dce	[0x8c, [0xb02, nil]]
0xb05S0x3dce	[0x8c, [0xb05, nil]]
0xb08S0x3dce	[0x8c, [0xb08, nil]]
0xb0bS0x3dce	[0x8c, [0xb0b, nil]]
0xb0eS0x3dce	[0x8c, [0xb0e, nil]]
0xb11S0x3dce	[0x8c, [0xb11, nil]]
0xaacS0x3dce	[0x8c, [0xaac, nil]]
0xaadS0x3dce	[0x8c, [0xaad, nil]]
0xaaeS0x3dce	[0x8c, [0xaae, nil]]
0xa73S0x3dce	[0x8c, [0xa73, nil]]
0xa74S0x3dce	[0x8c, [0xa74, nil]]
0xa75S0x3dce	[0x8c, [0xa75, nil]]
0xa49S0x3dce	[0x8c, [0xa49, nil]]
0xa4bS0x3dce	[0x8c, [0xa4b, nil]]
0xa4eS0x3dce	[0x8c, [0xa4e, nil]]
0xa4fS0x3dce	[0x8c, [0xa4f, nil]]
0xa55S0x3dce	[0x8c, [0xa55, nil]]
0xa59S0x3dce	[0x8c, [0xa59, nil]]
0xa5cS0x3dce	[0x8c, [0xa5c, nil]]
0xa5fS0x3dce	[0x8c, [0xa5f, nil]]
0xa62S0x3dce	[0x8c, [0xa62, nil]]
0xa64S0x3dce	[0x8c, [0xa64, nil]]
0xa66S0x3dce	[0x8c, [0xa66, nil]]
0xa67S0x3dce	[0x8c, [0xa67, nil]]
0xa6aS0x3dce	[0x8c, [0xa6a, nil]]
0xa6dS0x3dce	[0x8c, [0xa6d, nil]]
0xa6eS0x3dce	[0x8c, [0xa6e, nil]]
0xa79S0x3dfa	[0x8c, [0xa79, nil]]
0xa9cS0x3dfa	[0x8c, [0xa9c, nil]]
0xa9dS0x3dfa	[0x8c, [0xa9d, nil]]
0xaa1S0x3dfa	[0x8c, [0xaa1, nil]]
0xaa3S0x3dfa	[0x8c, [0xaa3, nil]]
0xaa7S0x3dfa	[0x8c, [0xaa7, nil]]
0xab2S0x3dfa	[0x8c, [0xab2, nil]]
0xab6S0x3dfa	[0x8c, [0xab6, nil]]
0xab8S0x3dfa	[0x8c, [0xab8, nil]]
0xab9S0x3dfa	[0x8c, [0xab9, nil]]
0xabcS0x3dfa	[0x8c, [0xabc, nil]]
0xabeS0x3dfa	[0x8c, [0xabe, nil]]
0xac0S0x3dfa	[0x8c, [0xac0, nil]]
0xac1S0x3dfa	[0x8c, [0xac1, nil]]
0xac7S0x3dfa	[0x8c, [0xac7, nil]]
0xac9S0x3dfa	[0x8c, [0xac9, nil]]
0xacdS0x3dfa	[0x8c, [0xacd, nil]]
0xaceS0x3dfa	[0x8c, [0xace, nil]]
0xad0S0x3dfa	[0x8c, [0xad0, nil]]
0xad2S0x3dfa	[0x8c, [0xad2, nil]]
0xaf3S0x3dfa	[0x8c, [0xaf3, nil]]
0xaf6S0x3dfa	[0x8c, [0xaf6, nil]]
0xaf7S0x3dfa	[0x8c, [0xaf7, nil]]
0xaf9S0x3dfa	[0x8c, [0xaf9, nil]]
0xafaS0x3dfa	[0x8c, [0xafa, nil]]
0xaffS0x3dfa	[0x8c, [0xaff, nil]]
0xb02S0x3dfa	[0x8c, [0xb02, nil]]
0xb05S0x3dfa	[0x8c, [0xb05, nil]]
0xb08S0x3dfa	[0x8c, [0xb08, nil]]
0xb0bS0x3dfa	[0x8c, [0xb0b, nil]]
0xb0eS0x3dfa	[0x8c, [0xb0e, nil]]
0xb11S0x3dfa	[0x8c, [0xb11, nil]]
0xaacS0x3dfa	[0x8c, [0xaac, nil]]
0xaadS0x3dfa	[0x8c, [0xaad, nil]]
0xaaeS0x3dfa	[0x8c, [0xaae, nil]]
0xa73S0x3dfa	[0x8c, [0xa73, nil]]
0xa74S0x3dfa	[0x8c, [0xa74, nil]]
0xa75S0x3dfa	[0x8c, [0xa75, nil]]
0xa49S0x3dfa	[0x8c, [0xa49, nil]]
0xa4bS0x3dfa	[0x8c, [0xa4b, nil]]
0xa4eS0x3dfa	[0x8c, [0xa4e, nil]]
0xa4fS0x3dfa	[0x8c, [0xa4f, nil]]
0xa55S0x3dfa	[0x8c, [0xa55, nil]]
0xa59S0x3dfa	[0x8c, [0xa59, nil]]
0xa5cS0x3dfa	[0x8c, [0xa5c, nil]]
0xa5fS0x3dfa	[0x8c, [0xa5f, nil]]
0xa62S0x3dfa	[0x8c, [0xa62, nil]]
0xa64S0x3dfa	[0x8c, [0xa64, nil]]
0xa66S0x3dfa	[0x8c, [0xa66, nil]]
0xa67S0x3dfa	[0x8c, [0xa67, nil]]
0xa6aS0x3dfa	[0x8c, [0xa6a, nil]]
0xa6dS0x3dfa	[0x8c, [0xa6d, nil]]
0xa6eS0x3dfa	[0x8c, [0xa6e, nil]]
0x9b7S0x6d	[0x7a, [0x9b7, nil]]
0x9ceS0x6d	[0x7a, [0x9ce, nil]]
0x9faS0x6d	[0x7a, [0x9fa, nil]]
0xa26S0x6d	[0x7a, [0xa26, nil]]
0x9a3S0x6d	[0x7a, [0x9a3, nil]]
0x9a6S0x6d	[0x7a, [0x9a6, nil]]
0x9a9S0x6d	[0x7a, [0x9a9, nil]]
0x9acS0x6d	[0x7a, [0x9ac, nil]]
0x9b0S0x6d	[0x7a, [0x9b0, nil]]
0x9b1S0x6d	[0x7a, [0x9b1, nil]]
0x9b2S0x6d	[0x7a, [0x9b2, nil]]
0x9b3S0x6d	[0x7a, [0x9b3, nil]]
0x9bdS0x6d	[0x7a, [0x9bd, nil]]
0x9beS0x6d	[0x7a, [0x9be, nil]]
0x9c8S0x6d	[0x7a, [0x9c8, nil]]
0x9c9S0x6d	[0x7a, [0x9c9, nil]]
0x9caS0x6d	[0x7a, [0x9ca, nil]]
0x9d3S0x6d	[0x7a, [0x9d3, nil]]
0x9d9S0x6d	[0x7a, [0x9d9, nil]]
0x9daS0x6d	[0x7a, [0x9da, nil]]
0x9e5S0x6d	[0x7a, [0x9e5, nil]]
0x9e8S0x6d	[0x7a, [0x9e8, nil]]
0x9e9S0x6d	[0x7a, [0x9e9, nil]]
0x9eaS0x6d	[0x7a, [0x9ea, nil]]
0x9f4S0x6d	[0x7a, [0x9f4, nil]]
0x9f5S0x6d	[0x7a, [0x9f5, nil]]
0x9f6S0x6d	[0x7a, [0x9f6, nil]]
0x9ffS0x6d	[0x7a, [0x9ff, nil]]
0xa05S0x6d	[0x7a, [0xa05, nil]]
0xa06S0x6d	[0x7a, [0xa06, nil]]
0xa11S0x6d	[0x7a, [0xa11, nil]]
0xa14S0x6d	[0x7a, [0xa14, nil]]
0xa15S0x6d	[0x7a, [0xa15, nil]]
0xa16S0x6d	[0x7a, [0xa16, nil]]
0xa20S0x6d	[0x7a, [0xa20, nil]]
0xa21S0x6d	[0x7a, [0xa21, nil]]
0xa22S0x6d	[0x7a, [0xa22, nil]]
0xa2bS0x6d	[0x7a, [0xa2b, nil]]
0xa31S0x6d	[0x7a, [0xa31, nil]]
0xa32S0x6d	[0x7a, [0xa32, nil]]
0x964S0x9d2S0x6d	[0x7a, [0x9dd, [0x964, nil]]]
0x97cS0x9d2S0x6d	[0x7a, [0x9dd, [0x97c, nil]]]
0x997S0x9d2S0x6d	[0x7a, [0x9dd, [0x997, nil]]]
0x96bS0x9d2S0x6d	[0x7a, [0x9dd, [0x96b, nil]]]
0x96cS0x9d2S0x6d	[0x7a, [0x9dd, [0x96c, nil]]]
0x976S0x9d2S0x6d	[0x7a, [0x9dd, [0x976, nil]]]
0x977S0x9d2S0x6d	[0x7a, [0x9dd, [0x977, nil]]]
0x978S0x9d2S0x6d	[0x7a, [0x9dd, [0x978, nil]]]
0x981S0x9d2S0x6d	[0x7a, [0x9dd, [0x981, nil]]]
0x984S0x9d2S0x6d	[0x7a, [0x9dd, [0x984, nil]]]
0x988S0x9d2S0x6d	[0x7a, [0x9dd, [0x988, nil]]]
0x98bS0x9d2S0x6d	[0x7a, [0x9dd, [0x98b, nil]]]
0x98dS0x9d2S0x6d	[0x7a, [0x9dd, [0x98d, nil]]]
0x98fS0x9d2S0x6d	[0x7a, [0x9dd, [0x98f, nil]]]
0x990S0x9d2S0x6d	[0x7a, [0x9dd, [0x990, nil]]]
0x991S0x9d2S0x6d	[0x7a, [0x9dd, [0x991, nil]]]
0x992S0x9d2S0x6d	[0x7a, [0x9dd, [0x992, nil]]]
0x993S0x9d2S0x6d	[0x7a, [0x9dd, [0x993, nil]]]
0x957S0x9d2S0x6d	[0x7a, [0x9dd, [0x957, nil]]]
0x95bS0x9d2S0x6d	[0x7a, [0x9dd, [0x95b, nil]]]
0x95eS0x9d2S0x6d	[0x7a, [0x9dd, [0x95e, nil]]]
0x95fS0x9d2S0x6d	[0x7a, [0x9dd, [0x95f, nil]]]
0x960S0x9d2S0x6d	[0x7a, [0x9dd, [0x960, nil]]]
0x964S0x9feS0x6d	[0x7a, [0xa09, [0x964, nil]]]
0x97cS0x9feS0x6d	[0x7a, [0xa09, [0x97c, nil]]]
0x997S0x9feS0x6d	[0x7a, [0xa09, [0x997, nil]]]
0x96bS0x9feS0x6d	[0x7a, [0xa09, [0x96b, nil]]]
0x96cS0x9feS0x6d	[0x7a, [0xa09, [0x96c, nil]]]
0x976S0x9feS0x6d	[0x7a, [0xa09, [0x976, nil]]]
0x977S0x9feS0x6d	[0x7a, [0xa09, [0x977, nil]]]
0x978S0x9feS0x6d	[0x7a, [0xa09, [0x978, nil]]]
0x981S0x9feS0x6d	[0x7a, [0xa09, [0x981, nil]]]
0x984S0x9feS0x6d	[0x7a, [0xa09, [0x984, nil]]]
0x988S0x9feS0x6d	[0x7a, [0xa09, [0x988, nil]]]
0x98bS0x9feS0x6d	[0x7a, [0xa09, [0x98b, nil]]]
0x98dS0x9feS0x6d	[0x7a, [0xa09, [0x98d, nil]]]
0x98fS0x9feS0x6d	[0x7a, [0xa09, [0x98f, nil]]]
0x990S0x9feS0x6d	[0x7a, [0xa09, [0x990, nil]]]
0x991S0x9feS0x6d	[0x7a, [0xa09, [0x991, nil]]]
0x992S0x9feS0x6d	[0x7a, [0xa09, [0x992, nil]]]
0x993S0x9feS0x6d	[0x7a, [0xa09, [0x993, nil]]]
0x957S0x9feS0x6d	[0x7a, [0xa09, [0x957, nil]]]
0x95bS0x9feS0x6d	[0x7a, [0xa09, [0x95b, nil]]]
0x95eS0x9feS0x6d	[0x7a, [0xa09, [0x95e, nil]]]
0x95fS0x9feS0x6d	[0x7a, [0xa09, [0x95f, nil]]]
0x960S0x9feS0x6d	[0x7a, [0xa09, [0x960, nil]]]
0x964S0xa2aS0x6d	[0x7a, [0xa35, [0x964, nil]]]
0x97cS0xa2aS0x6d	[0x7a, [0xa35, [0x97c, nil]]]
0x997S0xa2aS0x6d	[0x7a, [0xa35, [0x997, nil]]]
0x96bS0xa2aS0x6d	[0x7a, [0xa35, [0x96b, nil]]]
0x96cS0xa2aS0x6d	[0x7a, [0xa35, [0x96c, nil]]]
0x976S0xa2aS0x6d	[0x7a, [0xa35, [0x976, nil]]]
0x977S0xa2aS0x6d	[0x7a, [0xa35, [0x977, nil]]]
0x978S0xa2aS0x6d	[0x7a, [0xa35, [0x978, nil]]]
0x981S0xa2aS0x6d	[0x7a, [0xa35, [0x981, nil]]]
0x984S0xa2aS0x6d	[0x7a, [0xa35, [0x984, nil]]]
0x988S0xa2aS0x6d	[0x7a, [0xa35, [0x988, nil]]]
0x98bS0xa2aS0x6d	[0x7a, [0xa35, [0x98b, nil]]]
0x98dS0xa2aS0x6d	[0x7a, [0xa35, [0x98d, nil]]]
0x98fS0xa2aS0x6d	[0x7a, [0xa35, [0x98f, nil]]]
0x990S0xa2aS0x6d	[0x7a, [0xa35, [0x990, nil]]]
0x991S0xa2aS0x6d	[0x7a, [0xa35, [0x991, nil]]]
0x992S0xa2aS0x6d	[0x7a, [0xa35, [0x992, nil]]]
0x993S0xa2aS0x6d	[0x7a, [0xa35, [0x993, nil]]]
0x957S0xa2aS0x6d	[0x7a, [0xa35, [0x957, nil]]]
0x95bS0xa2aS0x6d	[0x7a, [0xa35, [0x95b, nil]]]
0x95eS0xa2aS0x6d	[0x7a, [0xa35, [0x95e, nil]]]
0x95fS0xa2aS0x6d	[0x7a, [0xa35, [0x95f, nil]]]
0x960S0xa2aS0x6d	[0x7a, [0xa35, [0x960, nil]]]
0xb55S0xb5	[0xc3, [0xb55, nil]]
0xb47S0xb5	[0xc3, [0xb47, nil]]
0xb4aS0xb5	[0xc3, [0xb4a, nil]]
0xb4eS0xb5	[0xc3, [0xb4e, nil]]
0xb4fS0xb5	[0xc3, [0xb4f, nil]]
0xb50S0xb5	[0xc3, [0xb50, nil]]
0xb51S0xb5	[0xc3, [0xb51, nil]]
0xb5bS0xb5	[0xc3, [0xb5b, nil]]
0xb5eS0xb5	[0xc3, [0xb5e, nil]]
0xb61S0xb5	[0xc3, [0xb61, nil]]
0xb62S0xb5	[0xc3, [0xb62, nil]]
0xb63S0xb5	[0xc3, [0xb63, nil]]
0xb67S0xb5	[0xc3, [0xb67, nil]]
0xb3fS0xb59S0xb5	[0xc3, [0xb6a, [0xb3f, nil]]]
0xb22S0xb59S0xb5	[0xc3, [0xb6a, [0xb22, nil]]]
0xb38S0xb59S0xb5	[0xc3, [0xb6a, [0xb38, nil]]]
0xb3aS0xb59S0xb5	[0xc3, [0xb6a, [0xb3a, nil]]]
0xb3bS0xb59S0xb5	[0xc3, [0xb6a, [0xb3b, nil]]]
0xb87S0xd7	[0xe5, [0xb87, nil]]
0xb77S0xd7	[0xe5, [0xb77, nil]]
0xb7aS0xd7	[0xe5, [0xb7a, nil]]
0xb7cS0xd7	[0xe5, [0xb7c, nil]]
0xb80S0xd7	[0xe5, [0xb80, nil]]
0xb81S0xd7	[0xe5, [0xb81, nil]]
0xb82S0xd7	[0xe5, [0xb82, nil]]
0xb83S0xd7	[0xe5, [0xb83, nil]]
0xb8dS0xd7	[0xe5, [0xb8d, nil]]
0xb8eS0xd7	[0xe5, [0xb8e, nil]]
0xb92S0xd7	[0xe5, [0xb92, nil]]
0xb99S0xd7	[0xe5, [0xb99, nil]]
0xb9cS0xd7	[0xe5, [0xb9c, nil]]
0xb9dS0xd7	[0xe5, [0xb9d, nil]]
0xba0S0xd7	[0xe5, [0xba0, nil]]
0xba3S0xd7	[0xe5, [0xba3, nil]]
0xba4S0xd7	[0xe5, [0xba4, nil]]
0xba5S0xd7	[0xe5, [0xba5, nil]]
0xba9S0xd7	[0xe5, [0xba9, nil]]
0xb3fS0xb8bS0xd7	[0xe5, [0xb95, [0xb3f, nil]]]
0xb22S0xb8bS0xd7	[0xe5, [0xb95, [0xb22, nil]]]
0xb38S0xb8bS0xd7	[0xe5, [0xb95, [0xb38, nil]]]
0xb3aS0xb8bS0xd7	[0xe5, [0xb95, [0xb3a, nil]]]
0xb3bS0xb8bS0xd7	[0xe5, [0xb95, [0xb3b, nil]]]
0xb3fS0xb96S0xd7	[0xe5, [0xbac, [0xb3f, nil]]]
0xb22S0xb96S0xd7	[0xe5, [0xbac, [0xb22, nil]]]
0xb38S0xb96S0xd7	[0xe5, [0xbac, [0xb38, nil]]]
0xb3aS0xb96S0xd7	[0xe5, [0xbac, [0xb3a, nil]]]
0xb3bS0xb96S0xd7	[0xe5, [0xbac, [0xb3b, nil]]]
0xbc6S0x149	[0x157, [0xbc6, nil]]
0xbb9S0x149	[0x157, [0xbb9, nil]]
0xbbbS0x149	[0x157, [0xbbb, nil]]
0xbbfS0x149	[0x157, [0xbbf, nil]]
0xbc0S0x149	[0x157, [0xbc0, nil]]
0xbc1S0x149	[0x157, [0xbc1, nil]]
0xbc2S0x149	[0x157, [0xbc2, nil]]
0xbccS0x149	[0x157, [0xbcc, nil]]
0xbcdS0x149	[0x157, [0xbcd, nil]]
0xbd1S0x149	[0x157, [0xbd1, nil]]
0xb3fS0xbcaS0x149	[0x157, [0xbd4, [0xb3f, nil]]]
0xb22S0xbcaS0x149	[0x157, [0xbd4, [0xb22, nil]]]
0xb38S0xbcaS0x149	[0x157, [0xbd4, [0xb38, nil]]]
0xb3aS0xbcaS0x149	[0x157, [0xbd4, [0xb3a, nil]]]
0xb3bS0xbcaS0x149	[0x157, [0xbd4, [0xb3b, nil]]]
0x9b7S0x96	[0xa3, [0x9b7, nil]]
0x9ceS0x96	[0xa3, [0x9ce, nil]]
0x9faS0x96	[0xa3, [0x9fa, nil]]
0xa26S0x96	[0xa3, [0xa26, nil]]
0x9a3S0x96	[0xa3, [0x9a3, nil]]
0x9a6S0x96	[0xa3, [0x9a6, nil]]
0x9a9S0x96	[0xa3, [0x9a9, nil]]
0x9acS0x96	[0xa3, [0x9ac, nil]]
0x9b0S0x96	[0xa3, [0x9b0, nil]]
0x9b1S0x96	[0xa3, [0x9b1, nil]]
0x9b2S0x96	[0xa3, [0x9b2, nil]]
0x9b3S0x96	[0xa3, [0x9b3, nil]]
0x9bdS0x96	[0xa3, [0x9bd, nil]]
0x9beS0x96	[0xa3, [0x9be, nil]]
0x9c8S0x96	[0xa3, [0x9c8, nil]]
0x9c9S0x96	[0xa3, [0x9c9, nil]]
0x9caS0x96	[0xa3, [0x9ca, nil]]
0x9d3S0x96	[0xa3, [0x9d3, nil]]
0x9d9S0x96	[0xa3, [0x9d9, nil]]
0x9daS0x96	[0xa3, [0x9da, nil]]
0x9e5S0x96	[0xa3, [0x9e5, nil]]
0x9e8S0x96	[0xa3, [0x9e8, nil]]
0x9e9S0x96	[0xa3, [0x9e9, nil]]
0x9eaS0x96	[0xa3, [0x9ea, nil]]
0x9f4S0x96	[0xa3, [0x9f4, nil]]
0x9f5S0x96	[0xa3, [0x9f5, nil]]
0x9f6S0x96	[0xa3, [0x9f6, nil]]
0x9ffS0x96	[0xa3, [0x9ff, nil]]
0xa05S0x96	[0xa3, [0xa05, nil]]
0xa06S0x96	[0xa3, [0xa06, nil]]
0xa11S0x96	[0xa3, [0xa11, nil]]
0xa14S0x96	[0xa3, [0xa14, nil]]
0xa15S0x96	[0xa3, [0xa15, nil]]
0xa16S0x96	[0xa3, [0xa16, nil]]
0xa20S0x96	[0xa3, [0xa20, nil]]
0xa21S0x96	[0xa3, [0xa21, nil]]
0xa22S0x96	[0xa3, [0xa22, nil]]
0xa2bS0x96	[0xa3, [0xa2b, nil]]
0xa31S0x96	[0xa3, [0xa31, nil]]
0xa32S0x96	[0xa3, [0xa32, nil]]
0x964S0x9d2S0x96	[0xa3, [0x9dd, [0x964, nil]]]
0x97cS0x9d2S0x96	[0xa3, [0x9dd, [0x97c, nil]]]
0x997S0x9d2S0x96	[0xa3, [0x9dd, [0x997, nil]]]
0x96bS0x9d2S0x96	[0xa3, [0x9dd, [0x96b, nil]]]
0x96cS0x9d2S0x96	[0xa3, [0x9dd, [0x96c, nil]]]
0x976S0x9d2S0x96	[0xa3, [0x9dd, [0x976, nil]]]
0x977S0x9d2S0x96	[0xa3, [0x9dd, [0x977, nil]]]
0x978S0x9d2S0x96	[0xa3, [0x9dd, [0x978, nil]]]
0x981S0x9d2S0x96	[0xa3, [0x9dd, [0x981, nil]]]
0x984S0x9d2S0x96	[0xa3, [0x9dd, [0x984, nil]]]
0x988S0x9d2S0x96	[0xa3, [0x9dd, [0x988, nil]]]
0x98bS0x9d2S0x96	[0xa3, [0x9dd, [0x98b, nil]]]
0x98dS0x9d2S0x96	[0xa3, [0x9dd, [0x98d, nil]]]
0x98fS0x9d2S0x96	[0xa3, [0x9dd, [0x98f, nil]]]
0x990S0x9d2S0x96	[0xa3, [0x9dd, [0x990, nil]]]
0x991S0x9d2S0x96	[0xa3, [0x9dd, [0x991, nil]]]
0x992S0x9d2S0x96	[0xa3, [0x9dd, [0x992, nil]]]
0x993S0x9d2S0x96	[0xa3, [0x9dd, [0x993, nil]]]
0x957S0x9d2S0x96	[0xa3, [0x9dd, [0x957, nil]]]
0x95bS0x9d2S0x96	[0xa3, [0x9dd, [0x95b, nil]]]
0x95eS0x9d2S0x96	[0xa3, [0x9dd, [0x95e, nil]]]
0x95fS0x9d2S0x96	[0xa3, [0x9dd, [0x95f, nil]]]
0x960S0x9d2S0x96	[0xa3, [0x9dd, [0x960, nil]]]
0x964S0x9feS0x96	[0xa3, [0xa09, [0x964, nil]]]
0x97cS0x9feS0x96	[0xa3, [0xa09, [0x97c, nil]]]
0x997S0x9feS0x96	[0xa3, [0xa09, [0x997, nil]]]
0x96bS0x9feS0x96	[0xa3, [0xa09, [0x96b, nil]]]
0x96cS0x9feS0x96	[0xa3, [0xa09, [0x96c, nil]]]
0x976S0x9feS0x96	[0xa3, [0xa09, [0x976, nil]]]
0x977S0x9feS0x96	[0xa3, [0xa09, [0x977, nil]]]
0x978S0x9feS0x96	[0xa3, [0xa09, [0x978, nil]]]
0x981S0x9feS0x96	[0xa3, [0xa09, [0x981, nil]]]
0x984S0x9feS0x96	[0xa3, [0xa09, [0x984, nil]]]
0x988S0x9feS0x96	[0xa3, [0xa09, [0x988, nil]]]
0x98bS0x9feS0x96	[0xa3, [0xa09, [0x98b, nil]]]
0x98dS0x9feS0x96	[0xa3, [0xa09, [0x98d, nil]]]
0x98fS0x9feS0x96	[0xa3, [0xa09, [0x98f, nil]]]
0x990S0x9feS0x96	[0xa3, [0xa09, [0x990, nil]]]
0x991S0x9feS0x96	[0xa3, [0xa09, [0x991, nil]]]
0x992S0x9feS0x96	[0xa3, [0xa09, [0x992, nil]]]
0x993S0x9feS0x96	[0xa3, [0xa09, [0x993, nil]]]
0x957S0x9feS0x96	[0xa3, [0xa09, [0x957, nil]]]
0x95bS0x9feS0x96	[0xa3, [0xa09, [0x95b, nil]]]
0x95eS0x9feS0x96	[0xa3, [0xa09, [0x95e, nil]]]
0x95fS0x9feS0x96	[0xa3, [0xa09, [0x95f, nil]]]
0x960S0x9feS0x96	[0xa3, [0xa09, [0x960, nil]]]
0x964S0xa2aS0x96	[0xa3, [0xa35, [0x964, nil]]]
0x97cS0xa2aS0x96	[0xa3, [0xa35, [0x97c, nil]]]
0x997S0xa2aS0x96	[0xa3, [0xa35, [0x997, nil]]]
0x96bS0xa2aS0x96	[0xa3, [0xa35, [0x96b, nil]]]
0x96cS0xa2aS0x96	[0xa3, [0xa35, [0x96c, nil]]]
0x976S0xa2aS0x96	[0xa3, [0xa35, [0x976, nil]]]
0x977S0xa2aS0x96	[0xa3, [0xa35, [0x977, nil]]]
0x978S0xa2aS0x96	[0xa3, [0xa35, [0x978, nil]]]
0x981S0xa2aS0x96	[0xa3, [0xa35, [0x981, nil]]]
0x984S0xa2aS0x96	[0xa3, [0xa35, [0x984, nil]]]
0x988S0xa2aS0x96	[0xa3, [0xa35, [0x988, nil]]]
0x98bS0xa2aS0x96	[0xa3, [0xa35, [0x98b, nil]]]
0x98dS0xa2aS0x96	[0xa3, [0xa35, [0x98d, nil]]]
0x98fS0xa2aS0x96	[0xa3, [0xa35, [0x98f, nil]]]
0x990S0xa2aS0x96	[0xa3, [0xa35, [0x990, nil]]]
0x991S0xa2aS0x96	[0xa3, [0xa35, [0x991, nil]]]
0x992S0xa2aS0x96	[0xa3, [0xa35, [0x992, nil]]]
0x993S0xa2aS0x96	[0xa3, [0xa35, [0x993, nil]]]
0x957S0xa2aS0x96	[0xa3, [0xa35, [0x957, nil]]]
0x95bS0xa2aS0x96	[0xa3, [0xa35, [0x95b, nil]]]
0x95eS0xa2aS0x96	[0xa3, [0xa35, [0x95e, nil]]]
0x95fS0xa2aS0x96	[0xa3, [0xa35, [0x95f, nil]]]
0x960S0xa2aS0x96	[0xa3, [0xa35, [0x960, nil]]]
0x173S0x7b	[0x7f, [0x173, nil]]
0x175S0x7b	[0x7f, [0x175, nil]]
0x176S0x7b	[0x7f, [0x176, nil]]
0x199S0x7b	[0x7f, [0x199, nil]]
0x19bS0x7b	[0x7f, [0x19b, nil]]
0x19eS0x7b	[0x7f, [0x19e, nil]]
0x1a0S0x7b	[0x7f, [0x1a0, nil]]
0x1a2S0x7b	[0x7f, [0x1a2, nil]]
0x1a5S0x7b	[0x7f, [0x1a5, nil]]
0x1a7S0x7b	[0x7f, [0x1a7, nil]]
0x1c8S0x7b	[0x7f, [0x1c8, nil]]
0x1cbS0x7b	[0x7f, [0x1cb, nil]]
0x1cdS0x7b	[0x7f, [0x1cd, nil]]
0x1cfS0x7b	[0x7f, [0x1cf, nil]]
0x1ebS0x7b	[0x7f, [0x1eb, nil]]
0x1eeS0x7b	[0x7f, [0x1ee, nil]]
0x234S0x7b	[0x7f, [0x234, nil]]
0x23bS0x7b	[0x7f, [0x23b, nil]]
0x23cS0x7b	[0x7f, [0x23c, nil]]
0x240S0x7b	[0x7f, [0x240, nil]]
0x243S0x7b	[0x7f, [0x243, nil]]
0x278S0x7b	[0x7f, [0x278, nil]]
0x27aS0x7b	[0x7f, [0x27a, nil]]
0x27bS0x7b	[0x7f, [0x27b, nil]]
0x27eS0x7b	[0x7f, [0x27e, nil]]
0x27fS0x7b	[0x7f, [0x27f, nil]]
0x280S0x7b	[0x7f, [0x280, nil]]
0x284S0x7b	[0x7f, [0x284, nil]]
0x2adS0x7b	[0x7f, [0x2ad, nil]]
0x2b0S0x7b	[0x7f, [0x2b0, nil]]
0x2ebS0x7b	[0x7f, [0x2eb, nil]]
0x2eeS0x7b	[0x7f, [0x2ee, nil]]
0x32eS0x7b	[0x7f, [0x32e, nil]]
0x330S0x7b	[0x7f, [0x330, nil]]
0x333S0x7b	[0x7f, [0x333, nil]]
0x335S0x7b	[0x7f, [0x335, nil]]
0x336S0x7b	[0x7f, [0x336, nil]]
0x338S0x7b	[0x7f, [0x338, nil]]
0x339S0x7b	[0x7f, [0x339, nil]]
0x33aS0x7b	[0x7f, [0x33a, nil]]
0x33cS0x7b	[0x7f, [0x33c, nil]]
0x33dS0x7b	[0x7f, [0x33d, nil]]
0x340S0x7b	[0x7f, [0x340, nil]]
0x343S0x7b	[0x7f, [0x343, nil]]
0x344S0x7b	[0x7f, [0x344, nil]]
0x346S0x7b	[0x7f, [0x346, nil]]
0x349S0x7b	[0x7f, [0x349, nil]]
0x34bS0x7b	[0x7f, [0x34b, nil]]
0x372S0x7b	[0x7f, [0x372, nil]]
0x375S0x7b	[0x7f, [0x375, nil]]
0x15eS0x7b	[0x7f, [0x15e, nil]]
0x163S0x7b	[0x7f, [0x163, nil]]
0x165S0x7b	[0x7f, [0x165, nil]]
0x166S0x7b	[0x7f, [0x166, nil]]
0x16fS0x7b	[0x7f, [0x16f, nil]]
0x1dbS0x7b	[0x7f, [0x1db, nil]]
0x1e5S0x7b	[0x7f, [0x1e5, nil]]
0x1e6S0x7b	[0x7f, [0x1e6, nil]]
0x1e7S0x7b	[0x7f, [0x1e7, nil]]
0x1f3S0x7b	[0x7f, [0x1f3, nil]]
0x1f5S0x7b	[0x7f, [0x1f5, nil]]
0x1fbS0x7b	[0x7f, [0x1fb, nil]]
0x1fdS0x7b	[0x7f, [0x1fd, nil]]
0x1feS0x7b	[0x7f, [0x1fe, nil]]
0x200S0x7b	[0x7f, [0x200, nil]]
0x202S0x7b	[0x7f, [0x202, nil]]
0x203S0x7b	[0x7f, [0x203, nil]]
0x207S0x7b	[0x7f, [0x207, nil]]
0x208S0x7b	[0x7f, [0x208, nil]]
0x1aadS0x7b	[0x7f, [0xbdd, nil]]
0x1aceS0x7b	[0x7f, [0xbfe, nil]]
0x1ad1S0x7b	[0x7f, [0xc01, nil]]
0x1ad3S0x7b	[0x7f, [0xc03, nil]]
0x1ad6S0x7b	[0x7f, [0xc06, nil]]
0x1ad8S0x7b	[0x7f, [0xc08, nil]]
0x229S0x7b	[0x7f, [0x229, nil]]
0x211S0x7b	[0x7f, [0x211, nil]]
0x215S0x7b	[0x7f, [0x215, nil]]
0x217S0x7b	[0x7f, [0x217, nil]]
0x219S0x7b	[0x7f, [0x219, nil]]
0x21cS0x7b	[0x7f, [0x21c, nil]]
0x21fS0x7b	[0x7f, [0x21f, nil]]
0x24aS0x7b	[0x7f, [0x24a, nil]]
0x24cS0x7b	[0x7f, [0x24c, nil]]
0x24dS0x7b	[0x7f, [0x24d, nil]]
0x24eS0x7b	[0x7f, [0x24e, nil]]
0x251S0x7b	[0x7f, [0x251, nil]]
0x273S0x7b	[0x7f, [0x273, nil]]
0x274S0x7b	[0x7f, [0x274, nil]]
0x1afbS0x7b	[0x7f, [0xc0c, nil]]
0x1b1cS0x7b	[0x7f, [0xc2d, nil]]
0x1b1fS0x7b	[0x7f, [0xc30, nil]]
0x1b21S0x7b	[0x7f, [0xc32, nil]]
0x1b24S0x7b	[0x7f, [0xc35, nil]]
0x1b26S0x7b	[0x7f, [0xc37, nil]]
0x2a0S0x7b	[0x7f, [0x2a0, nil]]
0x2a8S0x7b	[0x7f, [0x2a8, nil]]
0x2a9S0x7b	[0x7f, [0x2a9, nil]]
0x28aS0x7b	[0x7f, [0x28a, nil]]
0x28cS0x7b	[0x7f, [0x28c, nil]]
0x28dS0x7b	[0x7f, [0x28d, nil]]
0x292S0x7b	[0x7f, [0x292, nil]]
0x295S0x7b	[0x7f, [0x295, nil]]
0x297S0x7b	[0x7f, [0x297, nil]]
0x2b7S0x7b	[0x7f, [0x2b7, nil]]
0x2b9S0x7b	[0x7f, [0x2b9, nil]]
0x2baS0x7b	[0x7f, [0x2ba, nil]]
0x2bbS0x7b	[0x7f, [0x2bb, nil]]
0x2beS0x7b	[0x7f, [0x2be, nil]]
0x2c0S0x7b	[0x7f, [0x2c0, nil]]
0x2c5S0x7b	[0x7f, [0x2c5, nil]]
0x1b49S0x7b	[0x7f, [0xc0c, nil]]
0x1b6aS0x7b	[0x7f, [0xc2d, nil]]
0x1b6dS0x7b	[0x7f, [0xc30, nil]]
0x1b6fS0x7b	[0x7f, [0xc32, nil]]
0x1b72S0x7b	[0x7f, [0xc35, nil]]
0x1b74S0x7b	[0x7f, [0xc37, nil]]
0x2caS0x7b	[0x7f, [0x2ca, nil]]
0x2dfS0x7b	[0x7f, [0x2df, nil]]
0x2e6S0x7b	[0x7f, [0x2e6, nil]]
0x2e7S0x7b	[0x7f, [0x2e7, nil]]
0x2f5S0x7b	[0x7f, [0x2f5, nil]]
0x2f7S0x7b	[0x7f, [0x2f7, nil]]
0x2f9S0x7b	[0x7f, [0x2f9, nil]]
0x2fbS0x7b	[0x7f, [0x2fb, nil]]
0x300S0x7b	[0x7f, [0x300, nil]]
0x1b97S0x7b	[0x7f, [0xc0c, nil]]
0x1bb8S0x7b	[0x7f, [0xc2d, nil]]
0x1bbbS0x7b	[0x7f, [0xc30, nil]]
0x1bbdS0x7b	[0x7f, [0xc32, nil]]
0x1bc0S0x7b	[0x7f, [0xc35, nil]]
0x1bc2S0x7b	[0x7f, [0xc37, nil]]
0x305S0x7b	[0x7f, [0x305, nil]]
0x307S0x7b	[0x7f, [0x307, nil]]
0x308S0x7b	[0x7f, [0x308, nil]]
0x30eS0x7b	[0x7f, [0x30e, nil]]
0x313S0x7b	[0x7f, [0x313, nil]]
0x315S0x7b	[0x7f, [0x315, nil]]
0x317S0x7b	[0x7f, [0x317, nil]]
0x31aS0x7b	[0x7f, [0x31a, nil]]
0x31eS0x7b	[0x7f, [0x31e, nil]]
0x31fS0x7b	[0x7f, [0x31f, nil]]
0x324S0x7b	[0x7f, [0x324, nil]]
0x326S0x7b	[0x7f, [0x326, nil]]
0x329S0x7b	[0x7f, [0x329, nil]]
0x32aS0x7b	[0x7f, [0x32a, nil]]
0x350S0x7b	[0x7f, [0x350, nil]]
0x35bS0x7b	[0x7f, [0x35b, nil]]
0x36bS0x7b	[0x7f, [0x36b, nil]]
0x36dS0x7b	[0x7f, [0x36d, nil]]
0x36eS0x7b	[0x7f, [0x36e, nil]]
0x37aS0x7b	[0x7f, [0x37a, nil]]
0x37cS0x7b	[0x7f, [0x37c, nil]]
0x37dS0x7b	[0x7f, [0x37d, nil]]
0x37fS0x7b	[0x7f, [0x37f, nil]]
0x380S0x7b	[0x7f, [0x380, nil]]
0x389S0x7b	[0x7f, [0x389, nil]]
0x38bS0x7b	[0x7f, [0x38b, nil]]
0x38eS0x7b	[0x7f, [0x38e, nil]]
0x1be5S0x7b	[0x7f, [0xc0c, nil]]
0x1c06S0x7b	[0x7f, [0xc2d, nil]]
0x1c09S0x7b	[0x7f, [0xc30, nil]]
0x1c0bS0x7b	[0x7f, [0xc32, nil]]
0x1c0eS0x7b	[0x7f, [0xc35, nil]]
0x1c10S0x7b	[0x7f, [0xc37, nil]]
0x22eS0x7b	[0x7f, [0x22e, nil]]
0x22fS0x7b	[0x7f, [0x22f, nil]]
0x230S0x7b	[0x7f, [0x230, nil]]
0x16dS0x7b	[0x7f, [0x16d, nil]]
0x1d1S0x7b	[0x7f, [0x1d1, nil]]
0x1d3S0x7b	[0x7f, [0x1d3, nil]]
0x1d6S0x7b	[0x7f, [0x1d6, nil]]
0x20dS0x7b	[0x7f, [0x20d, nil]]
0x20fS0x7b	[0x7f, [0x20f, nil]]
0x360S0x7b	[0x7f, [0x360, nil]]
0x361S0x7b	[0x7f, [0x361, nil]]
0x364S0x7b	[0x7f, [0x364, nil]]
0xcabS0x2f2S0x7b	[0x7f, [0x303, [0xcab, nil]]]
0xcc6S0x2f2S0x7b	[0x7f, [0x303, [0xcc6, nil]]]
0xcdbS0x2f2S0x7b	[0x7f, [0x303, [0xcdb, nil]]]
0xc7bS0x2f2S0x7b	[0x7f, [0x303, [0xc7b, nil]]]
0xc7fS0x2f2S0x7b	[0x7f, [0x303, [0xc7f, nil]]]
0xc80S0x2f2S0x7b	[0x7f, [0x303, [0xc80, nil]]]
0xca2S0x2f2S0x7b	[0x7f, [0x303, [0xca2, nil]]]
0xca3S0x2f2S0x7b	[0x7f, [0x303, [0xca3, nil]]]
0xca4S0x2f2S0x7b	[0x7f, [0x303, [0xca4, nil]]]
0xca6S0x2f2S0x7b	[0x7f, [0x303, [0xca6, nil]]]
0xca7S0x2f2S0x7b	[0x7f, [0x303, [0xca7, nil]]]
0xcb1S0x2f2S0x7b	[0x7f, [0x303, [0xcb1, nil]]]
0xcb3S0x2f2S0x7b	[0x7f, [0x303, [0xcb3, nil]]]
0xcb6S0x2f2S0x7b	[0x7f, [0x303, [0xcb6, nil]]]
0xcc0S0x2f2S0x7b	[0x7f, [0x303, [0xcc0, nil]]]
0xcc1S0x2f2S0x7b	[0x7f, [0x303, [0xcc1, nil]]]
0xcc2S0x2f2S0x7b	[0x7f, [0x303, [0xcc2, nil]]]
0xccbS0x2f2S0x7b	[0x7f, [0x303, [0xccb, nil]]]
0xccdS0x2f2S0x7b	[0x7f, [0x303, [0xccd, nil]]]
0xcd0S0x2f2S0x7b	[0x7f, [0x303, [0xcd0, nil]]]
0xcd3S0x2f2S0x7b	[0x7f, [0x303, [0xcd3, nil]]]
0xcd5S0x2f2S0x7b	[0x7f, [0x303, [0xcd5, nil]]]
0xcd6S0x2f2S0x7b	[0x7f, [0x303, [0xcd6, nil]]]
0xcd7S0x2f2S0x7b	[0x7f, [0x303, [0xcd7, nil]]]
0xce4S0x304S0x7b	[0x7f, [0x311, [0xce4, nil]]]
0xce7S0x304S0x7b	[0x7f, [0x311, [0xce7, nil]]]
0xbc6S0x2b4S0x7b	[0x7f, [0x2c8, [0xbc6, nil]]]
0xbb9S0x2b4S0x7b	[0x7f, [0x2c8, [0xbb9, nil]]]
0xbbbS0x2b4S0x7b	[0x7f, [0x2c8, [0xbbb, nil]]]
0xbbfS0x2b4S0x7b	[0x7f, [0x2c8, [0xbbf, nil]]]
0xbc0S0x2b4S0x7b	[0x7f, [0x2c8, [0xbc0, nil]]]
0xbc1S0x2b4S0x7b	[0x7f, [0x2c8, [0xbc1, nil]]]
0xbc2S0x2b4S0x7b	[0x7f, [0x2c8, [0xbc2, nil]]]
0xbccS0x2b4S0x7b	[0x7f, [0x2c8, [0xbcc, nil]]]
0xbcdS0x2b4S0x7b	[0x7f, [0x2c8, [0xbcd, nil]]]
0xbd1S0x2b4S0x7b	[0x7f, [0x2c8, [0xbd1, nil]]]
0xb3fS0xbcaS0x2b4S0x7b	[0x7f, [0x2c8, [0xbd4, [0xb3f, nil]]]]
0xb22S0xbcaS0x2b4S0x7b	[0x7f, [0x2c8, [0xbd4, [0xb22, nil]]]]
0xb38S0xbcaS0x2b4S0x7b	[0x7f, [0x2c8, [0xbd4, [0xb38, nil]]]]
0xb3aS0xbcaS0x2b4S0x7b	[0x7f, [0x2c8, [0xbd4, [0xb3a, nil]]]]
0xb3bS0xbcaS0x2b4S0x7b	[0x7f, [0x2c8, [0xbd4, [0xb3b, nil]]]]
0x3b4S0xa4	[0xa8, [0x3b4, nil]]
0x3b6S0xa4	[0xa8, [0x3b6, nil]]
0x3b7S0xa4	[0xa8, [0x3b7, nil]]
0x3daS0xa4	[0xa8, [0x3da, nil]]
0x3dcS0xa4	[0xa8, [0x3dc, nil]]
0x3dfS0xa4	[0xa8, [0x3df, nil]]
0x3e1S0xa4	[0xa8, [0x3e1, nil]]
0x3e3S0xa4	[0xa8, [0x3e3, nil]]
0x3e6S0xa4	[0xa8, [0x3e6, nil]]
0x3e8S0xa4	[0xa8, [0x3e8, nil]]
0x409S0xa4	[0xa8, [0x409, nil]]
0x40cS0xa4	[0xa8, [0x40c, nil]]
0x40eS0xa4	[0xa8, [0x40e, nil]]
0x410S0xa4	[0xa8, [0x410, nil]]
0x411S0xa4	[0xa8, [0x411, nil]]
0x428S0xa4	[0xa8, [0x428, nil]]
0x42bS0xa4	[0xa8, [0x42b, nil]]
0x471S0xa4	[0xa8, [0x471, nil]]
0x473S0xa4	[0xa8, [0x473, nil]]
0x499S0xa4	[0xa8, [0x499, nil]]
0x49aS0xa4	[0xa8, [0x49a, nil]]
0x49eS0xa4	[0xa8, [0x49e, nil]]
0x4a1S0xa4	[0xa8, [0x4a1, nil]]
0x4bcS0xa4	[0xa8, [0x4bc, nil]]
0x4bfS0xa4	[0xa8, [0x4bf, nil]]
0x4e9S0xa4	[0xa8, [0x4e9, nil]]
0x4ecS0xa4	[0xa8, [0x4ec, nil]]
0x527S0xa4	[0xa8, [0x527, nil]]
0x52aS0xa4	[0xa8, [0x52a, nil]]
0x56aS0xa4	[0xa8, [0x56a, nil]]
0x56cS0xa4	[0xa8, [0x56c, nil]]
0x56fS0xa4	[0xa8, [0x56f, nil]]
0x571S0xa4	[0xa8, [0x571, nil]]
0x572S0xa4	[0xa8, [0x572, nil]]
0x574S0xa4	[0xa8, [0x574, nil]]
0x575S0xa4	[0xa8, [0x575, nil]]
0x576S0xa4	[0xa8, [0x576, nil]]
0x578S0xa4	[0xa8, [0x578, nil]]
0x579S0xa4	[0xa8, [0x579, nil]]
0x57cS0xa4	[0xa8, [0x57c, nil]]
0x57fS0xa4	[0xa8, [0x57f, nil]]
0x580S0xa4	[0xa8, [0x580, nil]]
0x582S0xa4	[0xa8, [0x582, nil]]
0x585S0xa4	[0xa8, [0x585, nil]]
0x587S0xa4	[0xa8, [0x587, nil]]
0x5aeS0xa4	[0xa8, [0x5ae, nil]]
0x5b1S0xa4	[0xa8, [0x5b1, nil]]
0x39fS0xa4	[0xa8, [0x39f, nil]]
0x3a4S0xa4	[0xa8, [0x3a4, nil]]
0x3a6S0xa4	[0xa8, [0x3a6, nil]]
0x3a7S0xa4	[0xa8, [0x3a7, nil]]
0x3b0S0xa4	[0xa8, [0x3b0, nil]]
0x416S0xa4	[0xa8, [0x416, nil]]
0x418S0xa4	[0xa8, [0x418, nil]]
0x422S0xa4	[0xa8, [0x422, nil]]
0x423S0xa4	[0xa8, [0x423, nil]]
0x424S0xa4	[0xa8, [0x424, nil]]
0x1c33S0xa4	[0xa8, [0x1d1, nil]]
0x1c35S0xa4	[0xa8, [0x1d3, nil]]
0x1c38S0xa4	[0xa8, [0x1d6, nil]]
0x430S0xa4	[0xa8, [0x430, nil]]
0x432S0xa4	[0xa8, [0x432, nil]]
0x438S0xa4	[0xa8, [0x438, nil]]
0x43aS0xa4	[0xa8, [0x43a, nil]]
0x43bS0xa4	[0xa8, [0x43b, nil]]
0x43dS0xa4	[0xa8, [0x43d, nil]]
0x43fS0xa4	[0xa8, [0x43f, nil]]
0x440S0xa4	[0xa8, [0x440, nil]]
0x444S0xa4	[0xa8, [0x444, nil]]
0x445S0xa4	[0xa8, [0x445, nil]]
0x1c5bS0xa4	[0xa8, [0xbdd, nil]]
0x1c7cS0xa4	[0xa8, [0xbfe, nil]]
0x1c7fS0xa4	[0xa8, [0xc01, nil]]
0x1c81S0xa4	[0xa8, [0xc03, nil]]
0x1c84S0xa4	[0xa8, [0xc06, nil]]
0x1c86S0xa4	[0xa8, [0xc08, nil]]
0x466S0xa4	[0xa8, [0x466, nil]]
0x44eS0xa4	[0xa8, [0x44e, nil]]
0x452S0xa4	[0xa8, [0x452, nil]]
0x454S0xa4	[0xa8, [0x454, nil]]
0x456S0xa4	[0xa8, [0x456, nil]]
0x459S0xa4	[0xa8, [0x459, nil]]
0x45cS0xa4	[0xa8, [0x45c, nil]]
0x4a8S0xa4	[0xa8, [0x4a8, nil]]
0x4aaS0xa4	[0xa8, [0x4aa, nil]]
0x4abS0xa4	[0xa8, [0x4ab, nil]]
0x4acS0xa4	[0xa8, [0x4ac, nil]]
0x4adS0xa4	[0xa8, [0x4ad, nil]]
0x4aeS0xa4	[0xa8, [0x4ae, nil]]
0x1ca9S0xa4	[0xa8, [0xc0c, nil]]
0x1ccaS0xa4	[0xa8, [0xc2d, nil]]
0x1ccdS0xa4	[0xa8, [0xc30, nil]]
0x1ccfS0xa4	[0xa8, [0xc32, nil]]
0x1cd2S0xa4	[0xa8, [0xc35, nil]]
0x1cd4S0xa4	[0xa8, [0xc37, nil]]
0x4d0S0xa4	[0xa8, [0x4d0, nil]]
0x4d4S0xa4	[0xa8, [0x4d4, nil]]
0x4d5S0xa4	[0xa8, [0x4d5, nil]]
0x4d8S0xa4	[0xa8, [0x4d8, nil]]
0x4c6S0xa4	[0xa8, [0x4c6, nil]]
0x4c8S0xa4	[0xa8, [0x4c8, nil]]
0x4c9S0xa4	[0xa8, [0x4c9, nil]]
0x4caS0xa4	[0xa8, [0x4ca, nil]]
0x4cbS0xa4	[0xa8, [0x4cb, nil]]
0x1cf7S0xa4	[0xa8, [0xc0c, nil]]
0x1d18S0xa4	[0xa8, [0xc2d, nil]]
0x1d1bS0xa4	[0xa8, [0xc30, nil]]
0x1d1dS0xa4	[0xa8, [0xc32, nil]]
0x1d20S0xa4	[0xa8, [0xc35, nil]]
0x1d22S0xa4	[0xa8, [0xc37, nil]]
0x4dcS0xa4	[0xa8, [0x4dc, nil]]
0x4e4S0xa4	[0xa8, [0x4e4, nil]]
0x4e5S0xa4	[0xa8, [0x4e5, nil]]
0x4f3S0xa4	[0xa8, [0x4f3, nil]]
0x4f5S0xa4	[0xa8, [0x4f5, nil]]
0x4f6S0xa4	[0xa8, [0x4f6, nil]]
0x4f7S0xa4	[0xa8, [0x4f7, nil]]
0x4faS0xa4	[0xa8, [0x4fa, nil]]
0x4fcS0xa4	[0xa8, [0x4fc, nil]]
0x501S0xa4	[0xa8, [0x501, nil]]
0x1d45S0xa4	[0xa8, [0xc0c, nil]]
0x1d66S0xa4	[0xa8, [0xc2d, nil]]
0x1d69S0xa4	[0xa8, [0xc30, nil]]
0x1d6bS0xa4	[0xa8, [0xc32, nil]]
0x1d6eS0xa4	[0xa8, [0xc35, nil]]
0x1d70S0xa4	[0xa8, [0xc37, nil]]
0x506S0xa4	[0xa8, [0x506, nil]]
0x51bS0xa4	[0xa8, [0x51b, nil]]
0x522S0xa4	[0xa8, [0x522, nil]]
0x523S0xa4	[0xa8, [0x523, nil]]
0x531S0xa4	[0xa8, [0x531, nil]]
0x533S0xa4	[0xa8, [0x533, nil]]
0x535S0xa4	[0xa8, [0x535, nil]]
0x537S0xa4	[0xa8, [0x537, nil]]
0x53cS0xa4	[0xa8, [0x53c, nil]]
0x1d93S0xa4	[0xa8, [0xc0c, nil]]
0x1db4S0xa4	[0xa8, [0xc2d, nil]]
0x1db7S0xa4	[0xa8, [0xc30, nil]]
0x1db9S0xa4	[0xa8, [0xc32, nil]]
0x1dbcS0xa4	[0xa8, [0xc35, nil]]
0x1dbeS0xa4	[0xa8, [0xc37, nil]]
0x541S0xa4	[0xa8, [0x541, nil]]
0x543S0xa4	[0xa8, [0x543, nil]]
0x544S0xa4	[0xa8, [0x544, nil]]
0x54aS0xa4	[0xa8, [0x54a, nil]]
0x54fS0xa4	[0xa8, [0x54f, nil]]
0x551S0xa4	[0xa8, [0x551, nil]]
0x553S0xa4	[0xa8, [0x553, nil]]
0x556S0xa4	[0xa8, [0x556, nil]]
0x55aS0xa4	[0xa8, [0x55a, nil]]
0x55bS0xa4	[0xa8, [0x55b, nil]]
0x560S0xa4	[0xa8, [0x560, nil]]
0x562S0xa4	[0xa8, [0x562, nil]]
0x565S0xa4	[0xa8, [0x565, nil]]
0x566S0xa4	[0xa8, [0x566, nil]]
0x58cS0xa4	[0xa8, [0x58c, nil]]
0x597S0xa4	[0xa8, [0x597, nil]]
0x5a7S0xa4	[0xa8, [0x5a7, nil]]
0x5a9S0xa4	[0xa8, [0x5a9, nil]]
0x5aaS0xa4	[0xa8, [0x5aa, nil]]
0x5b6S0xa4	[0xa8, [0x5b6, nil]]
0x5b8S0xa4	[0xa8, [0x5b8, nil]]
0x5b9S0xa4	[0xa8, [0x5b9, nil]]
0x5bbS0xa4	[0xa8, [0x5bb, nil]]
0x5bcS0xa4	[0xa8, [0x5bc, nil]]
0x5c5S0xa4	[0xa8, [0x5c5, nil]]
0x5c7S0xa4	[0xa8, [0x5c7, nil]]
0x5caS0xa4	[0xa8, [0x5ca, nil]]
0x1de1S0xa4	[0xa8, [0xc0c, nil]]
0x1e02S0xa4	[0xa8, [0xc2d, nil]]
0x1e05S0xa4	[0xa8, [0xc30, nil]]
0x1e07S0xa4	[0xa8, [0xc32, nil]]
0x1e0aS0xa4	[0xa8, [0xc35, nil]]
0x1e0cS0xa4	[0xa8, [0xc37, nil]]
0x46bS0xa4	[0xa8, [0x46b, nil]]
0x46cS0xa4	[0xa8, [0x46c, nil]]
0x46dS0xa4	[0xa8, [0x46d, nil]]
0x3aeS0xa4	[0xa8, [0x3ae, nil]]
0x44aS0xa4	[0xa8, [0x44a, nil]]
0x44cS0xa4	[0xa8, [0x44c, nil]]
0x4b7S0xa4	[0xa8, [0x4b7, nil]]
0x4b8S0xa4	[0xa8, [0x4b8, nil]]
0x59cS0xa4	[0xa8, [0x59c, nil]]
0x59dS0xa4	[0xa8, [0x59d, nil]]
0x5a0S0xa4	[0xa8, [0x5a0, nil]]
0xcabS0x52eS0xa4	[0xa8, [0x53f, [0xcab, nil]]]
0xcc6S0x52eS0xa4	[0xa8, [0x53f, [0xcc6, nil]]]
0xcdbS0x52eS0xa4	[0xa8, [0x53f, [0xcdb, nil]]]
0xc7bS0x52eS0xa4	[0xa8, [0x53f, [0xc7b, nil]]]
0xc7fS0x52eS0xa4	[0xa8, [0x53f, [0xc7f, nil]]]
0xc80S0x52eS0xa4	[0xa8, [0x53f, [0xc80, nil]]]
0xca2S0x52eS0xa4	[0xa8, [0x53f, [0xca2, nil]]]
0xca3S0x52eS0xa4	[0xa8, [0x53f, [0xca3, nil]]]
0xca4S0x52eS0xa4	[0xa8, [0x53f, [0xca4, nil]]]
0xca6S0x52eS0xa4	[0xa8, [0x53f, [0xca6, nil]]]
0xca7S0x52eS0xa4	[0xa8, [0x53f, [0xca7, nil]]]
0xcb1S0x52eS0xa4	[0xa8, [0x53f, [0xcb1, nil]]]
0xcb3S0x52eS0xa4	[0xa8, [0x53f, [0xcb3, nil]]]
0xcb6S0x52eS0xa4	[0xa8, [0x53f, [0xcb6, nil]]]
0xcc0S0x52eS0xa4	[0xa8, [0x53f, [0xcc0, nil]]]
0xcc1S0x52eS0xa4	[0xa8, [0x53f, [0xcc1, nil]]]
0xcc2S0x52eS0xa4	[0xa8, [0x53f, [0xcc2, nil]]]
0xccbS0x52eS0xa4	[0xa8, [0x53f, [0xccb, nil]]]
0xccdS0x52eS0xa4	[0xa8, [0x53f, [0xccd, nil]]]
0xcd0S0x52eS0xa4	[0xa8, [0x53f, [0xcd0, nil]]]
0xcd3S0x52eS0xa4	[0xa8, [0x53f, [0xcd3, nil]]]
0xcd5S0x52eS0xa4	[0xa8, [0x53f, [0xcd5, nil]]]
0xcd6S0x52eS0xa4	[0xa8, [0x53f, [0xcd6, nil]]]
0xcd7S0x52eS0xa4	[0xa8, [0x53f, [0xcd7, nil]]]
0xce4S0x540S0xa4	[0xa8, [0x54d, [0xce4, nil]]]
0xce7S0x540S0xa4	[0xa8, [0x54d, [0xce7, nil]]]
0xbc6S0x4f0S0xa4	[0xa8, [0x504, [0xbc6, nil]]]
0xbb9S0x4f0S0xa4	[0xa8, [0x504, [0xbb9, nil]]]
0xbbbS0x4f0S0xa4	[0xa8, [0x504, [0xbbb, nil]]]
0xbbfS0x4f0S0xa4	[0xa8, [0x504, [0xbbf, nil]]]
0xbc0S0x4f0S0xa4	[0xa8, [0x504, [0xbc0, nil]]]
0xbc1S0x4f0S0xa4	[0xa8, [0x504, [0xbc1, nil]]]
0xbc2S0x4f0S0xa4	[0xa8, [0x504, [0xbc2, nil]]]
0xbccS0x4f0S0xa4	[0xa8, [0x504, [0xbcc, nil]]]
0xbcdS0x4f0S0xa4	[0xa8, [0x504, [0xbcd, nil]]]
0xbd1S0x4f0S0xa4	[0xa8, [0x504, [0xbd1, nil]]]
0xb3fS0xbcaS0x4f0S0xa4	[0xa8, [0x504, [0xbd4, [0xb3f, nil]]]]
0xb22S0xbcaS0x4f0S0xa4	[0xa8, [0x504, [0xbd4, [0xb22, nil]]]]
0xb38S0xbcaS0x4f0S0xa4	[0xa8, [0x504, [0xbd4, [0xb38, nil]]]]
0xb3aS0xbcaS0x4f0S0xa4	[0xa8, [0x504, [0xbd4, [0xb3a, nil]]]]
0xb3bS0xbcaS0x4f0S0xa4	[0xa8, [0x504, [0xbd4, [0xb3b, nil]]]]
0x5fbS0xc4	[0xc8, [0x5fb, nil]]
0x5fdS0xc4	[0xc8, [0x5fd, nil]]
0x5feS0xc4	[0xc8, [0x5fe, nil]]
0x621S0xc4	[0xc8, [0x621, nil]]
0x623S0xc4	[0xc8, [0x623, nil]]
0x626S0xc4	[0xc8, [0x626, nil]]
0x628S0xc4	[0xc8, [0x628, nil]]
0x62aS0xc4	[0xc8, [0x62a, nil]]
0x62dS0xc4	[0xc8, [0x62d, nil]]
0x62fS0xc4	[0xc8, [0x62f, nil]]
0x650S0xc4	[0xc8, [0x650, nil]]
0x653S0xc4	[0xc8, [0x653, nil]]
0x655S0xc4	[0xc8, [0x655, nil]]
0x657S0xc4	[0xc8, [0x657, nil]]
0x658S0xc4	[0xc8, [0x658, nil]]
0x665S0xc4	[0xc8, [0x665, nil]]
0x667S0xc4	[0xc8, [0x667, nil]]
0x668S0xc4	[0xc8, [0x668, nil]]
0x68bS0xc4	[0xc8, [0x68b, nil]]
0x68dS0xc4	[0xc8, [0x68d, nil]]
0x690S0xc4	[0xc8, [0x690, nil]]
0x692S0xc4	[0xc8, [0x692, nil]]
0x694S0xc4	[0xc8, [0x694, nil]]
0x697S0xc4	[0xc8, [0x697, nil]]
0x699S0xc4	[0xc8, [0x699, nil]]
0x6baS0xc4	[0xc8, [0x6ba, nil]]
0x6bdS0xc4	[0xc8, [0x6bd, nil]]
0x6bfS0xc4	[0xc8, [0x6bf, nil]]
0x6c1S0xc4	[0xc8, [0x6c1, nil]]
0x6c2S0xc4	[0xc8, [0x6c2, nil]]
0x700S0xc4	[0xc8, [0x700, nil]]
0x701S0xc4	[0xc8, [0x701, nil]]
0x705S0xc4	[0xc8, [0x705, nil]]
0x706S0xc4	[0xc8, [0x706, nil]]
0x5dcS0xc4	[0xc8, [0x5dc, nil]]
0x5deS0xc4	[0xc8, [0x5de, nil]]
0x5dfS0xc4	[0xc8, [0x5df, nil]]
0x5f4S0xc4	[0xc8, [0x5f4, nil]]
0x5f5S0xc4	[0xc8, [0x5f5, nil]]
0x5f6S0xc4	[0xc8, [0x5f6, nil]]
0x5f7S0xc4	[0xc8, [0x5f7, nil]]
0x65eS0xc4	[0xc8, [0x65e, nil]]
0x65fS0xc4	[0xc8, [0x65f, nil]]
0x660S0xc4	[0xc8, [0x660, nil]]
0x661S0xc4	[0xc8, [0x661, nil]]
0x1e2fS0xc4	[0xc8, [0x1d1, nil]]
0x1e31S0xc4	[0xc8, [0x1d3, nil]]
0x1e34S0xc4	[0xc8, [0x1d6, nil]]
0x6c7S0xc4	[0xc8, [0x6c7, nil]]
0x6c9S0xc4	[0xc8, [0x6c9, nil]]
0x6caS0xc4	[0xc8, [0x6ca, nil]]
0x6e0S0xc4	[0xc8, [0x6e0, nil]]
0x6e3S0xc4	[0xc8, [0x6e3, nil]]
0x6e4S0xc4	[0xc8, [0x6e4, nil]]
0x6e7S0xc4	[0xc8, [0x6e7, nil]]
0x6ebS0xc4	[0xc8, [0x6eb, nil]]
0x6f3S0xc4	[0xc8, [0x6f3, nil]]
0x6f9S0xc4	[0xc8, [0x6f9, nil]]
0x6fbS0xc4	[0xc8, [0x6fb, nil]]
0x6fcS0xc4	[0xc8, [0x6fc, nil]]
0x1e57S0xc4	[0xc8, [0x1d1, nil]]
0x1e59S0xc4	[0xc8, [0x1d3, nil]]
0x1e5cS0xc4	[0xc8, [0x1d6, nil]]
0x72eS0xe6	[0xea, [0x72e, nil]]
0x730S0xe6	[0xea, [0x730, nil]]
0x731S0xe6	[0xea, [0x731, nil]]
0x754S0xe6	[0xea, [0x754, nil]]
0x756S0xe6	[0xea, [0x756, nil]]
0x759S0xe6	[0xea, [0x759, nil]]
0x75bS0xe6	[0xea, [0x75b, nil]]
0x75dS0xe6	[0xea, [0x75d, nil]]
0x760S0xe6	[0xea, [0x760, nil]]
0x762S0xe6	[0xea, [0x762, nil]]
0x783S0xe6	[0xea, [0x783, nil]]
0x786S0xe6	[0xea, [0x786, nil]]
0x788S0xe6	[0xea, [0x788, nil]]
0x78aS0xe6	[0xea, [0x78a, nil]]
0x78bS0xe6	[0xea, [0x78b, nil]]
0x7fbS0xe6	[0xea, [0x7fb, nil]]
0x7fcS0xe6	[0xea, [0x7fc, nil]]
0x800S0xe6	[0xea, [0x800, nil]]
0x801S0xe6	[0xea, [0x801, nil]]
0x82dS0xe6	[0xea, [0x82d, nil]]
0x82fS0xe6	[0xea, [0x82f, nil]]
0x830S0xe6	[0xea, [0x830, nil]]
0x853S0xe6	[0xea, [0x853, nil]]
0x855S0xe6	[0xea, [0x855, nil]]
0x858S0xe6	[0xea, [0x858, nil]]
0x85aS0xe6	[0xea, [0x85a, nil]]
0x85cS0xe6	[0xea, [0x85c, nil]]
0x85fS0xe6	[0xea, [0x85f, nil]]
0x861S0xe6	[0xea, [0x861, nil]]
0x882S0xe6	[0xea, [0x882, nil]]
0x885S0xe6	[0xea, [0x885, nil]]
0x887S0xe6	[0xea, [0x887, nil]]
0x889S0xe6	[0xea, [0x889, nil]]
0x88aS0xe6	[0xea, [0x88a, nil]]
0x70fS0xe6	[0xea, [0x70f, nil]]
0x711S0xe6	[0xea, [0x711, nil]]
0x712S0xe6	[0xea, [0x712, nil]]
0x727S0xe6	[0xea, [0x727, nil]]
0x728S0xe6	[0xea, [0x728, nil]]
0x729S0xe6	[0xea, [0x729, nil]]
0x72aS0xe6	[0xea, [0x72a, nil]]
0x790S0xe6	[0xea, [0x790, nil]]
0x792S0xe6	[0xea, [0x792, nil]]
0x793S0xe6	[0xea, [0x793, nil]]
0x7b6S0xe6	[0xea, [0x7b6, nil]]
0x7cdS0xe6	[0xea, [0x7cd, nil]]
0x7ceS0xe6	[0xea, [0x7ce, nil]]
0x7d1S0xe6	[0xea, [0x7d1, nil]]
0x7d3S0xe6	[0xea, [0x7d3, nil]]
0x7d6S0xe6	[0xea, [0x7d6, nil]]
0x7dbS0xe6	[0xea, [0x7db, nil]]
0x7ddS0xe6	[0xea, [0x7dd, nil]]
0x7e3S0xe6	[0xea, [0x7e3, nil]]
0x7e5S0xe6	[0xea, [0x7e5, nil]]
0x7e6S0xe6	[0xea, [0x7e6, nil]]
0x7e8S0xe6	[0xea, [0x7e8, nil]]
0x7eaS0xe6	[0xea, [0x7ea, nil]]
0x7edS0xe6	[0xea, [0x7ed, nil]]
0x7efS0xe6	[0xea, [0x7ef, nil]]
0x7f2S0xe6	[0xea, [0x7f2, nil]]
0x7f3S0xe6	[0xea, [0x7f3, nil]]
0x7f4S0xe6	[0xea, [0x7f4, nil]]
0x7f6S0xe6	[0xea, [0x7f6, nil]]
0x7f7S0xe6	[0xea, [0x7f7, nil]]
0x1e7fS0xe6	[0xea, [0x1d1, nil]]
0x1e81S0xe6	[0xea, [0x1d3, nil]]
0x1e84S0xe6	[0xea, [0x1d6, nil]]
0x809S0xe6	[0xea, [0x809, nil]]
0x80bS0xe6	[0xea, [0x80b, nil]]
0x80cS0xe6	[0xea, [0x80c, nil]]
0x80dS0xe6	[0xea, [0x80d, nil]]
0x80fS0xe6	[0xea, [0x80f, nil]]
0x810S0xe6	[0xea, [0x810, nil]]
0x813S0xe6	[0xea, [0x813, nil]]
0x814S0xe6	[0xea, [0x814, nil]]
0x816S0xe6	[0xea, [0x816, nil]]
0x818S0xe6	[0xea, [0x818, nil]]
0x81dS0xe6	[0xea, [0x81d, nil]]
0x81fS0xe6	[0xea, [0x81f, nil]]
0x824S0xe6	[0xea, [0x824, nil]]
0x829S0xe6	[0xea, [0x829, nil]]
0x1ea7S0xe6	[0xea, [0x1d1, nil]]
0x1ea9S0xe6	[0xea, [0x1d3, nil]]
0x1eacS0xe6	[0xea, [0x1d6, nil]]
0xcfdS0x804S0xe6	[0xea, [0x827, [0xcfd, nil]]]
0xd0dS0x804S0xe6	[0xea, [0x827, [0xd0d, nil]]]
0xcf0S0x804S0xe6	[0xea, [0x827, [0xcf0, nil]]]
0xcf2S0x804S0xe6	[0xea, [0x827, [0xcf2, nil]]]
0xcf6S0x804S0xe6	[0xea, [0x827, [0xcf6, nil]]]
0xcf7S0x804S0xe6	[0xea, [0x827, [0xcf7, nil]]]
0xcf8S0x804S0xe6	[0xea, [0x827, [0xcf8, nil]]]
0xcf9S0x804S0xe6	[0xea, [0x827, [0xcf9, nil]]]
0xd03S0x804S0xe6	[0xea, [0x827, [0xd03, nil]]]
0xd05S0x804S0xe6	[0xea, [0x827, [0xd05, nil]]]
0xd06S0x804S0xe6	[0xea, [0x827, [0xd06, nil]]]
0xd08S0x804S0xe6	[0xea, [0x827, [0xd08, nil]]]
0xd09S0x804S0xe6	[0xea, [0x827, [0xd09, nil]]]
0x7f	[0x7f, nil]
0xa8	[0xa8, nil]
0x7a	[0x7a, nil]
0xa3	[0xa3, nil]
0xc3	[0xc3, nil]
0xe5	[0xe5, nil]
0x157	[0x157, nil]
0x3dda	[0x8c, nil]
0x3e06	[0x8c, nil]
0xc8	[0xc8, nil]
0xea	[0xea, nil]
0x3f55	[0x67, nil]
0x3f59	[0x96, nil]
0x3f5c	[0xa9, nil]
0x3f5f	[0xcb, nil]
0x3f62	[0xeb, nil]
0x3f65	[0x13d, nil]
0x117	[0x117, nil]
0x13c	[0x13c, nil]
0x15c	[0x15c, nil]
0x90e	[0x90e, nil]
0x955	[0x955, nil]
0xc	[0xc, nil]
0x1d	[0x1d, nil]
0x49	[0x49, nil]
0x66	[0x66, nil]
0xb0	[0xb0, nil]
0xd2	[0xd2, nil]
0xf2	[0xf2, nil]
0x144	[0x144, nil]
0x8ad	[0x8ad, nil]
0xc45	[0xc45, nil]
0x3f4b	[0x25, nil]
0x3f4d	[0x30, nil]
0x3f4f	[0x3b, nil]
0x3f51	[0x4e, nil]
0x3f53	[0x59, nil]
0xc79	[0xc79, nil]
0x67	[0x67, nil]
0x3e27	[0xca, nil]
0x3e48	[0xca, nil]
0x3e69	[0xca, nil]
0x950x0	[0x95, nil]
0x950x96	[0x95, nil]
0x950xeb	[0x95, nil]
0x42	[0x42, nil]
0x6c	[0x6c, nil]
0xb4	[0xb4, nil]
0xd6	[0xd6, nil]
0xf6	[0xf6, nil]
0x148	[0x148, nil]
0xc73	[0xc73, nil]
0x1ed6	[0x1d8, nil]
0x135	[0x135, nil]
0x8d3	[0x8d3, nil]
0x8da	[0x8da, nil]
0x8e1	[0x8e1, nil]
0x907	[0x907, nil]
0xc69	[0xc69, nil]
0xc6e	[0xc6e, nil]
0x954	[0x954, nil]
0xa9fS0x3dce	[0x8c, [0xa9f, nil]]
0xaa6S0x3dce	[0x8c, [0xaa6, nil]]
0xac4S0x3dce	[0x8c, [0xac4, nil]]
0xabfS0x3dce	[0x8c, [0xabf, nil]]
0xb20S0x3dce	[0x8c, [0xb20, nil]]
0xb14S0x3dce	[0x8c, [0xb14, nil]]
0xacfS0x3dce	[0x8c, [0xacf, nil]]
0xab1S0x3dce	[0x8c, [0xab1, nil]]
0xa78S0x3dce	[0x8c, [0xa78, nil]]
0xa52S0x3dce	[0x8c, [0xa52, nil]]
0xa58S0x3dce	[0x8c, [0xa58, nil]]
0xa9fS0x3dfa	[0x8c, [0xa9f, nil]]
0xaa6S0x3dfa	[0x8c, [0xaa6, nil]]
0xac4S0x3dfa	[0x8c, [0xac4, nil]]
0xabfS0x3dfa	[0x8c, [0xabf, nil]]
0xb20S0x3dfa	[0x8c, [0xb20, nil]]
0xb14S0x3dfa	[0x8c, [0xb14, nil]]
0xacfS0x3dfa	[0x8c, [0xacf, nil]]
0xab1S0x3dfa	[0x8c, [0xab1, nil]]
0xa78S0x3dfa	[0x8c, [0xa78, nil]]
0xa52S0x3dfa	[0x8c, [0xa52, nil]]
0xa58S0x3dfa	[0x8c, [0xa58, nil]]
0x9baS0x6d	[0x7a, [0x9ba, nil]]
0x9d1S0x6d	[0x7a, [0x9d1, nil]]
0x9fdS0x6d	[0x7a, [0x9fd, nil]]
0xa29S0x6d	[0x7a, [0xa29, nil]]
0x9b6S0x6d	[0x7a, [0x9b6, nil]]
0x9cdS0x6d	[0x7a, [0x9cd, nil]]
0x9ddS0x6d	[0x7a, [0x9dd, nil]]
0x9f9S0x6d	[0x7a, [0x9f9, nil]]
0xa09S0x6d	[0x7a, [0xa09, nil]]
0xa25S0x6d	[0x7a, [0xa25, nil]]
0xa35S0x6d	[0x7a, [0xa35, nil]]
0xa47S0x6d	[0x7a, [0xa47, nil]]
0x967S0x9d2S0x6d	[0x7a, [0x9dd, [0x967, nil]]]
0x97fS0x9d2S0x6d	[0x7a, [0x9dd, [0x97f, nil]]]
0x99aS0x9d2S0x6d	[0x7a, [0x9dd, [0x99a, nil]]]
0x97bS0x9d2S0x6d	[0x7a, [0x9dd, [0x97b, nil]]]
0x996S0x9d2S0x6d	[0x7a, [0x9dd, [0x996, nil]]]
0x3ed7S0x9d2S0x6d	[0x7a, [0x9dd, [0x9a1, nil]]]
0x963S0x9d2S0x6d	[0x7a, [0x9dd, [0x963, nil]]]
0x967S0x9feS0x6d	[0x7a, [0xa09, [0x967, nil]]]
0x97fS0x9feS0x6d	[0x7a, [0xa09, [0x97f, nil]]]
0x99aS0x9feS0x6d	[0x7a, [0xa09, [0x99a, nil]]]
0x97bS0x9feS0x6d	[0x7a, [0xa09, [0x97b, nil]]]
0x996S0x9feS0x6d	[0x7a, [0xa09, [0x996, nil]]]
0x3ed7S0x9feS0x6d	[0x7a, [0xa09, [0x9a1, nil]]]
0x963S0x9feS0x6d	[0x7a, [0xa09, [0x963, nil]]]
0x967S0xa2aS0x6d	[0x7a, [0xa35, [0x967, nil]]]
0x97fS0xa2aS0x6d	[0x7a, [0xa35, [0x97f, nil]]]
0x99aS0xa2aS0x6d	[0x7a, [0xa35, [0x99a, nil]]]
0x97bS0xa2aS0x6d	[0x7a, [0xa35, [0x97b, nil]]]
0x996S0xa2aS0x6d	[0x7a, [0xa35, [0x996, nil]]]
0x3ed7S0xa2aS0x6d	[0x7a, [0xa35, [0x9a1, nil]]]
0x963S0xa2aS0x6d	[0x7a, [0xa35, [0x963, nil]]]
0xb58S0xb5	[0xc3, [0xb58, nil]]
0xb54S0xb5	[0xc3, [0xb54, nil]]
0xb6aS0xb5	[0xc3, [0xb6a, nil]]
0xb75S0xb5	[0xc3, [0xb75, nil]]
0xb42S0xb59S0xb5	[0xc3, [0xb6a, [0xb42, nil]]]
0xb45S0xb59S0xb5	[0xc3, [0xb6a, [0xb45, nil]]]
0xb3eS0xb59S0xb5	[0xc3, [0xb6a, [0xb3e, nil]]]
0xb8aS0xd7	[0xe5, [0xb8a, nil]]
0xb86S0xd7	[0xe5, [0xb86, nil]]
0xb95S0xd7	[0xe5, [0xb95, nil]]
0xbacS0xd7	[0xe5, [0xbac, nil]]
0xbb7S0xd7	[0xe5, [0xbb7, nil]]
0xb42S0xb8bS0xd7	[0xe5, [0xb95, [0xb42, nil]]]
0xb45S0xb8bS0xd7	[0xe5, [0xb95, [0xb45, nil]]]
0xb3eS0xb8bS0xd7	[0xe5, [0xb95, [0xb3e, nil]]]
0xb42S0xb96S0xd7	[0xe5, [0xbac, [0xb42, nil]]]
0xb45S0xb96S0xd7	[0xe5, [0xbac, [0xb45, nil]]]
0xb3eS0xb96S0xd7	[0xe5, [0xbac, [0xb3e, nil]]]
0xbc9S0x149	[0x157, [0xbc9, nil]]
0xbc5S0x149	[0x157, [0xbc5, nil]]
0xbd4S0x149	[0x157, [0xbd4, nil]]
0x3efdS0x149	[0x157, [0xbdb, nil]]
0xb42S0xbcaS0x149	[0x157, [0xbd4, [0xb42, nil]]]
0xb45S0xbcaS0x149	[0x157, [0xbd4, [0xb45, nil]]]
0xb3eS0xbcaS0x149	[0x157, [0xbd4, [0xb3e, nil]]]
0x9baS0x96	[0xa3, [0x9ba, nil]]
0x9d1S0x96	[0xa3, [0x9d1, nil]]
0x9fdS0x96	[0xa3, [0x9fd, nil]]
0xa29S0x96	[0xa3, [0xa29, nil]]
0x9b6S0x96	[0xa3, [0x9b6, nil]]
0x9cdS0x96	[0xa3, [0x9cd, nil]]
0x9ddS0x96	[0xa3, [0x9dd, nil]]
0x9f9S0x96	[0xa3, [0x9f9, nil]]
0xa09S0x96	[0xa3, [0xa09, nil]]
0xa25S0x96	[0xa3, [0xa25, nil]]
0xa35S0x96	[0xa3, [0xa35, nil]]
0xa47S0x96	[0xa3, [0xa47, nil]]
0x967S0x9d2S0x96	[0xa3, [0x9dd, [0x967, nil]]]
0x97fS0x9d2S0x96	[0xa3, [0x9dd, [0x97f, nil]]]
0x99aS0x9d2S0x96	[0xa3, [0x9dd, [0x99a, nil]]]
0x97bS0x9d2S0x96	[0xa3, [0x9dd, [0x97b, nil]]]
0x996S0x9d2S0x96	[0xa3, [0x9dd, [0x996, nil]]]
0x3ed7S0x9d2S0x96	[0xa3, [0x9dd, [0x9a1, nil]]]
0x963S0x9d2S0x96	[0xa3, [0x9dd, [0x963, nil]]]
0x967S0x9feS0x96	[0xa3, [0xa09, [0x967, nil]]]
0x97fS0x9feS0x96	[0xa3, [0xa09, [0x97f, nil]]]
0x99aS0x9feS0x96	[0xa3, [0xa09, [0x99a, nil]]]
0x97bS0x9feS0x96	[0xa3, [0xa09, [0x97b, nil]]]
0x996S0x9feS0x96	[0xa3, [0xa09, [0x996, nil]]]
0x3ed7S0x9feS0x96	[0xa3, [0xa09, [0x9a1, nil]]]
0x963S0x9feS0x96	[0xa3, [0xa09, [0x963, nil]]]
0x967S0xa2aS0x96	[0xa3, [0xa35, [0x967, nil]]]
0x97fS0xa2aS0x96	[0xa3, [0xa35, [0x97f, nil]]]
0x99aS0xa2aS0x96	[0xa3, [0xa35, [0x99a, nil]]]
0x97bS0xa2aS0x96	[0xa3, [0xa35, [0x97b, nil]]]
0x996S0xa2aS0x96	[0xa3, [0xa35, [0x996, nil]]]
0x3ed7S0xa2aS0x96	[0xa3, [0xa35, [0x9a1, nil]]]
0x963S0xa2aS0x96	[0xa3, [0xa35, [0x963, nil]]]
0x198S0x7b	[0x7f, [0x198, nil]]
0x19fS0x7b	[0x7f, [0x19f, nil]]
0x1a6S0x7b	[0x7f, [0x1a6, nil]]
0x1ccS0x7b	[0x7f, [0x1cc, nil]]
0x1f1S0x7b	[0x7f, [0x1f1, nil]]
0x23fS0x7b	[0x7f, [0x23f, nil]]
0x246S0x7b	[0x7f, [0x246, nil]]
0x283S0x7b	[0x7f, [0x283, nil]]
0x288S0x7b	[0x7f, [0x288, nil]]
0x2b3S0x7b	[0x7f, [0x2b3, nil]]
0x2f1S0x7b	[0x7f, [0x2f1, nil]]
0x34eS0x7b	[0x7f, [0x34e, nil]]
0x33fS0x7b	[0x7f, [0x33f, nil]]
0x342S0x7b	[0x7f, [0x342, nil]]
0x34aS0x7b	[0x7f, [0x34a, nil]]
0x378S0x7b	[0x7f, [0x378, nil]]
0x169S0x7b	[0x7f, [0x169, nil]]
0x172S0x7b	[0x7f, [0x172, nil]]
0x1eaS0x7b	[0x7f, [0x1ea, nil]]
0x20bS0x7b	[0x7f, [0x20b, nil]]
0x1f9S0x7b	[0x7f, [0x1f9, nil]]
0x205S0x7b	[0x7f, [0x205, nil]]
0x1adaS0x7b	[0x7f, [0xc0a, nil]]
0x1ad0S0x7b	[0x7f, [0xc00, nil]]
0x1ad5S0x7b	[0x7f, [0xc05, nil]]
0x222S0x7b	[0x7f, [0x222, nil]]
0x214S0x7b	[0x7f, [0x214, nil]]
0x39dS0x7b	[0x7f, [0x39d, nil]]
0x277S0x7b	[0x7f, [0x277, nil]]
0x1b28S0x7b	[0x7f, [0xc39, nil]]
0x1b1eS0x7b	[0x7f, [0xc2f, nil]]
0x1b23S0x7b	[0x7f, [0xc34, nil]]
0x2acS0x7b	[0x7f, [0x2ac, nil]]
0x29cS0x7b	[0x7f, [0x29c, nil]]
0x2c8S0x7b	[0x7f, [0x2c8, nil]]
0x1b76S0x7b	[0x7f, [0xc39, nil]]
0x1b6cS0x7b	[0x7f, [0xc2f, nil]]
0x1b71S0x7b	[0x7f, [0xc34, nil]]
0x2eaS0x7b	[0x7f, [0x2ea, nil]]
0x303S0x7b	[0x7f, [0x303, nil]]
0x1bc4S0x7b	[0x7f, [0xc39, nil]]
0x1bbaS0x7b	[0x7f, [0xc2f, nil]]
0x1bbfS0x7b	[0x7f, [0xc34, nil]]
0x311S0x7b	[0x7f, [0x311, nil]]
0x32dS0x7b	[0x7f, [0x32d, nil]]
0x35eS0x7b	[0x7f, [0x35e, nil]]
0x371S0x7b	[0x7f, [0x371, nil]]
0x391S0x7b	[0x7f, [0x391, nil]]
0x383S0x7b	[0x7f, [0x383, nil]]
0x1c12S0x7b	[0x7f, [0xc39, nil]]
0x1c08S0x7b	[0x7f, [0xc2f, nil]]
0x1c0dS0x7b	[0x7f, [0xc34, nil]]
0x233S0x7b	[0x7f, [0x233, nil]]
0x1d8S0x7b	[0x7f, [0x1d8, nil]]
0x365S0x7b	[0x7f, [0x365, nil]]
0xcaeS0x2f2S0x7b	[0x7f, [0x303, [0xcae, nil]]]
0xcc9S0x2f2S0x7b	[0x7f, [0x303, [0xcc9, nil]]]
0xcdeS0x2f2S0x7b	[0x7f, [0x303, [0xcde, nil]]]
0xcaaS0x2f2S0x7b	[0x7f, [0x303, [0xcaa, nil]]]
0xcc5S0x2f2S0x7b	[0x7f, [0x303, [0xcc5, nil]]]
0xcdaS0x2f2S0x7b	[0x7f, [0x303, [0xcda, nil]]]
0xceeS0x304S0x7b	[0x7f, [0x311, [0xcee, nil]]]
0xce3S0x304S0x7b	[0x7f, [0x311, [0xce3, nil]]]
0xceaS0x304S0x7b	[0x7f, [0x311, [0xcea, nil]]]
0x3f23S0x2f2S0x7b	[0x7f, [0x303, [0x9a1, nil]]]
0xbc9S0x2b4S0x7b	[0x7f, [0x2c8, [0xbc9, nil]]]
0xbc5S0x2b4S0x7b	[0x7f, [0x2c8, [0xbc5, nil]]]
0xbd4S0x2b4S0x7b	[0x7f, [0x2c8, [0xbd4, nil]]]
0x3efdS0x2b4S0x7b	[0x7f, [0x2c8, [0xbdb, nil]]]
0xb42S0xbcaS0x2b4S0x7b	[0x7f, [0x2c8, [0xbd4, [0xb42, nil]]]]
0xb45S0xbcaS0x2b4S0x7b	[0x7f, [0x2c8, [0xbd4, [0xb45, nil]]]]
0xb3eS0xbcaS0x2b4S0x7b	[0x7f, [0x2c8, [0xbd4, [0xb3e, nil]]]]
0x414S0xa4	[0xa8, [0x414, nil]]
0x3d9S0xa4	[0xa8, [0x3d9, nil]]
0x3e0S0xa4	[0xa8, [0x3e0, nil]]
0x3e7S0xa4	[0xa8, [0x3e7, nil]]
0x40dS0xa4	[0xa8, [0x40d, nil]]
0x42eS0xa4	[0xa8, [0x42e, nil]]
0x49dS0xa4	[0xa8, [0x49d, nil]]
0x4a4S0xa4	[0xa8, [0x4a4, nil]]
0x4c2S0xa4	[0xa8, [0x4c2, nil]]
0x4efS0xa4	[0xa8, [0x4ef, nil]]
0x52dS0xa4	[0xa8, [0x52d, nil]]
0x58aS0xa4	[0xa8, [0x58a, nil]]
0x57bS0xa4	[0xa8, [0x57b, nil]]
0x57eS0xa4	[0xa8, [0x57e, nil]]
0x586S0xa4	[0xa8, [0x586, nil]]
0x5b4S0xa4	[0xa8, [0x5b4, nil]]
0x3aaS0xa4	[0xa8, [0x3aa, nil]]
0x3b3S0xa4	[0xa8, [0x3b3, nil]]
0x427S0xa4	[0xa8, [0x427, nil]]
0x1c3aS0xa4	[0xa8, [0x1d8, nil]]
0x448S0xa4	[0xa8, [0x448, nil]]
0x436S0xa4	[0xa8, [0x436, nil]]
0x442S0xa4	[0xa8, [0x442, nil]]
0x1c88S0xa4	[0xa8, [0xc0a, nil]]
0x1c7eS0xa4	[0xa8, [0xc00, nil]]
0x1c83S0xa4	[0xa8, [0xc05, nil]]
0x45fS0xa4	[0xa8, [0x45f, nil]]
0x451S0xa4	[0xa8, [0x451, nil]]
0x5daS0xa4	[0xa8, [0x5da, nil]]
0x4b1S0xa4	[0xa8, [0x4b1, nil]]
0x1cd6S0xa4	[0xa8, [0xc39, nil]]
0x1cccS0xa4	[0xa8, [0xc2f, nil]]
0x1cd1S0xa4	[0xa8, [0xc34, nil]]
0x4ceS0xa4	[0xa8, [0x4ce, nil]]
0x1d24S0xa4	[0xa8, [0xc39, nil]]
0x1d1aS0xa4	[0xa8, [0xc2f, nil]]
0x1d1fS0xa4	[0xa8, [0xc34, nil]]
0x4e8S0xa4	[0xa8, [0x4e8, nil]]
0x504S0xa4	[0xa8, [0x504, nil]]
0x1d72S0xa4	[0xa8, [0xc39, nil]]
0x1d68S0xa4	[0xa8, [0xc2f, nil]]
0x1d6dS0xa4	[0xa8, [0xc34, nil]]
0x526S0xa4	[0xa8, [0x526, nil]]
0x53fS0xa4	[0xa8, [0x53f, nil]]
0x1dc0S0xa4	[0xa8, [0xc39, nil]]
0x1db6S0xa4	[0xa8, [0xc2f, nil]]
0x1dbbS0xa4	[0xa8, [0xc34, nil]]
0x54dS0xa4	[0xa8, [0x54d, nil]]
0x569S0xa4	[0xa8, [0x569, nil]]
0x59aS0xa4	[0xa8, [0x59a, nil]]
0x5adS0xa4	[0xa8, [0x5ad, nil]]
0x5cdS0xa4	[0xa8, [0x5cd, nil]]
0x5bfS0xa4	[0xa8, [0x5bf, nil]]
0x1e0eS0xa4	[0xa8, [0xc39, nil]]
0x1e04S0xa4	[0xa8, [0xc2f, nil]]
0x1e09S0xa4	[0xa8, [0xc34, nil]]
0x470S0xa4	[0xa8, [0x470, nil]]
0x4bbS0xa4	[0xa8, [0x4bb, nil]]
0x5a1S0xa4	[0xa8, [0x5a1, nil]]
0xcaeS0x52eS0xa4	[0xa8, [0x53f, [0xcae, nil]]]
0xcc9S0x52eS0xa4	[0xa8, [0x53f, [0xcc9, nil]]]
0xcdeS0x52eS0xa4	[0xa8, [0x53f, [0xcde, nil]]]
0xcaaS0x52eS0xa4	[0xa8, [0x53f, [0xcaa, nil]]]
0xcc5S0x52eS0xa4	[0xa8, [0x53f, [0xcc5, nil]]]
0xcdaS0x52eS0xa4	[0xa8, [0x53f, [0xcda, nil]]]
0xceeS0x540S0xa4	[0xa8, [0x54d, [0xcee, nil]]]
0xce3S0x540S0xa4	[0xa8, [0x54d, [0xce3, nil]]]
0xceaS0x540S0xa4	[0xa8, [0x54d, [0xcea, nil]]]
0x3f23S0x52eS0xa4	[0xa8, [0x53f, [0x9a1, nil]]]
0xbc9S0x4f0S0xa4	[0xa8, [0x504, [0xbc9, nil]]]
0xbc5S0x4f0S0xa4	[0xa8, [0x504, [0xbc5, nil]]]
0xbd4S0x4f0S0xa4	[0xa8, [0x504, [0xbd4, nil]]]
0x3efdS0x4f0S0xa4	[0xa8, [0x504, [0xbdb, nil]]]
0xb42S0xbcaS0x4f0S0xa4	[0xa8, [0x504, [0xbd4, [0xb42, nil]]]]
0xb45S0xbcaS0x4f0S0xa4	[0xa8, [0x504, [0xbd4, [0xb45, nil]]]]
0xb3eS0xbcaS0x4f0S0xa4	[0xa8, [0x504, [0xbd4, [0xb3e, nil]]]]
0x65bS0xc4	[0xc8, [0x65b, nil]]
0x620S0xc4	[0xc8, [0x620, nil]]
0x627S0xc4	[0xc8, [0x627, nil]]
0x62eS0xc4	[0xc8, [0x62e, nil]]
0x654S0xc4	[0xc8, [0x654, nil]]
0x6c5S0xc4	[0xc8, [0x6c5, nil]]
0x68aS0xc4	[0xc8, [0x68a, nil]]
0x691S0xc4	[0xc8, [0x691, nil]]
0x698S0xc4	[0xc8, [0x698, nil]]
0x6beS0xc4	[0xc8, [0x6be, nil]]
0x708S0xc4	[0xc8, [0x708, nil]]
0x704S0xc4	[0xc8, [0x704, nil]]
0x5faS0xc4	[0xc8, [0x5fa, nil]]
0x664S0xc4	[0xc8, [0x664, nil]]
0x1e36S0xc4	[0xc8, [0x1d8, nil]]
0x6ffS0xc4	[0xc8, [0x6ff, nil]]
0x1e5eS0xc4	[0xc8, [0x1d8, nil]]
0x3e8dS0xc4	[0xc8, [0x70d, nil]]
0x78eS0xe6	[0xea, [0x78e, nil]]
0x753S0xe6	[0xea, [0x753, nil]]
0x75aS0xe6	[0xea, [0x75a, nil]]
0x761S0xe6	[0xea, [0x761, nil]]
0x787S0xe6	[0xea, [0x787, nil]]
0x803S0xe6	[0xea, [0x803, nil]]
0x7ffS0xe6	[0xea, [0x7ff, nil]]
0x88dS0xe6	[0xea, [0x88d, nil]]
0x852S0xe6	[0xea, [0x852, nil]]
0x859S0xe6	[0xea, [0x859, nil]]
0x860S0xe6	[0xea, [0x860, nil]]
0x886S0xe6	[0xea, [0x886, nil]]
0x72dS0xe6	[0xea, [0x72d, nil]]
0x7faS0xe6	[0xea, [0x7fa, nil]]
0x7b5S0xe6	[0xea, [0x7b5, nil]]
0x7d2S0xe6	[0xea, [0x7d2, nil]]
0x7d9S0xe6	[0xea, [0x7d9, nil]]
0x1e86S0xe6	[0xea, [0x1d8, nil]]
0x827S0xe6	[0xea, [0x827, nil]]
0x81aS0xe6	[0xea, [0x81a, nil]]
0x82cS0xe6	[0xea, [0x82c, nil]]
0x3eb1S0xe6	[0xea, [0x70d, nil]]
0x1eaeS0xe6	[0xea, [0x1d8, nil]]
0xd00S0x804S0xe6	[0xea, [0x827, [0xd00, nil]]]
0xd10S0x804S0xe6	[0xea, [0x827, [0xd10, nil]]]
0xcfcS0x804S0xe6	[0xea, [0x827, [0xcfc, nil]]]
0xd0cS0x804S0xe6	[0xea, [0x827, [0xd0c, nil]]]
0x3f49S0x804S0xe6	[0xea, [0x827, [0xbdb, nil]]]
