[0x00000000, nil]	0x0
[0x00000000, nil]	0xd
[0x00000000, nil]	0x1d
[0x00000000, nil]	0x28
[0x00000000, nil]	0x33
[0x00000000, nil]	0x37
[0x00000000, nil]	0x47
[0x00000000, nil]	0x50
[0x00000000, nil]	0x44df
[0x00000000, nil]	0x44e2
[0x00000000, nil]	0x44e5
[0x00000000, nil]	0x44e8
[0xd77ddcc9, nil]	0x52
[0xd77ddcc9, nil]	0x5a
[0xd77ddcc9, nil]	0x5d
[0xd77ddcc9, nil]	0x78
[0x00000000, [0x47, nil]]	0xca
[0x00000000, [0x47, nil]]	0xd6
[0x00000000, [0x47, nil]]	0xdb
[0x00000000, [0x47, nil]]	0xea
[0x00000000, [0x47, nil]]	0xf5
[0x00000000, [0x47, nil]]	0x11e
[0x00000000, [0x47, nil]]	0x127
[0x00000000, [0x47, nil]]	0x12e
[0x00000000, [0x47, nil]]	0x130
[0x00000000, [0x47, nil]]	0x143
[0x00000000, [0x47, nil]]	0x150
[0x00000000, [0x47, nil]]	0x174
[0x00000000, [0x47, nil]]	0x1a5
[0x00000000, [0x47, nil]]	0x1ae
[0x00000000, [0x47, nil]]	0x1b0
[0x00000000, [0x47, nil]]	0x4492
[0x00000000, [0x47, nil]]	0x44b4
[0x00000000, [0x47, nil]]	0x44d6
[0xe9990fb3, nil]	0x7a
[0xe9990fb3, nil]	0x82
[0xe9990fb3, nil]	0x85
[0xe9990fb3, nil]	0xa0
[0xd77ddcc9, [0x5d, nil]]	0x80d
[0xd77ddcc9, [0x5d, nil]]	0x81d
[0xd77ddcc9, [0x5d, nil]]	0x825
[0xd77ddcc9, [0x5d, nil]]	0x83a
[0xd77ddcc9, [0x5d, nil]]	0x842
[0xd77ddcc9, [0x5d, nil]]	0x84e
[0xd77ddcc9, [0x5d, nil]]	0x869
[0xd77ddcc9, [0x5d, nil]]	0x871
[0xd77ddcc9, [0x5d, nil]]	0x87d
[0xd77ddcc9, [0x5d, nil]]	0x203e
[0xd77ddcc9, [0x5d, nil]]	0x2061
[0xd77ddcc9, [0x5d, nil]]	0x2084
[0xefbe477b, nil]	0xa2
[0xefbe477b, nil]	0xaa
[0xefbe477b, nil]	0xad
[0xefbe477b, nil]	0xc8
[0xe9990fb3, [0x85, nil]]	0x93a
[0xe9990fb3, [0x85, nil]]	0x949
[0xe9990fb3, [0x85, nil]]	0x951
[0xe9990fb3, [0x85, nil]]	0x95e
[0xe9990fb3, [0x85, nil]]	0x977
[0xe9990fb3, [0x85, nil]]	0x97f
[0xe9990fb3, [0x85, nil]]	0x98b
[0xe9990fb3, [0x85, nil]]	0x2110
[0xe9990fb3, [0x85, nil]]	0x2133
[0x00000000, [0xdb, [0x47, nil]]]	0x9f8
[0x00000000, [0xdb, [0x47, nil]]]	0xa02
[0x00000000, [0xdb, [0x47, nil]]]	0xa0d
[0x00000000, [0xdb, [0x47, nil]]]	0xa1b
[0x00000000, [0xdb, [0x47, nil]]]	0xa2a
[0x00000000, [0xdb, [0x47, nil]]]	0xa32
[0x00000000, [0xdb, [0x47, nil]]]	0x2179
[0xefbe477b, [0xad, nil]]	0x997
[0xefbe477b, [0xad, nil]]	0x9a4
[0xefbe477b, [0xad, nil]]	0x9ac
[0xefbe477b, [0xad, nil]]	0x9b9
[0xefbe477b, [0xad, nil]]	0x2156
[0xe9990fb3, [0x951, [0x85, nil]]]	0x8d1
[0xe9990fb3, [0x951, [0x85, nil]]]	0x8df
[0xd77ddcc9, [0x842, [0x5d, nil]]]	0x763
[0xd77ddcc9, [0x842, [0x5d, nil]]]	0x770
[0xd77ddcc9, [0x842, [0x5d, nil]]]	0x778
[0xd77ddcc9, [0x842, [0x5d, nil]]]	0x78d
[0xd77ddcc9, [0x842, [0x5d, nil]]]	0x795
[0xd77ddcc9, [0x842, [0x5d, nil]]]	0x7a9
[0xd77ddcc9, [0x842, [0x5d, nil]]]	0x7b1
[0xd77ddcc9, [0x842, [0x5d, nil]]]	0x1f6c
[0xd77ddcc9, [0x842, [0x5d, nil]]]	0x1f8f
[0xd77ddcc9, [0x842, [0x5d, nil]]]	0x1fb2
[0x00000000, [0x9f8, [0xdb, [0x47, nil]]]]	0x9c2
[0xefbe477b, [0x9ac, [0xad, nil]]]	0x8d1
[0xefbe477b, [0x9ac, [0xad, nil]]]	0x8df
[0xe9990fb3, [0x8d1, [0x951, [0x85, nil]]]]	0x8bb
[0xe9990fb3, [0x8d1, [0x951, [0x85, nil]]]]	0x8c4
[0xe9990fb3, [0x8d1, [0x951, [0x85, nil]]]]	0x8cb
[0xe9990fb3, [0x8d1, [0x951, [0x85, nil]]]]	0x8ce
[0x00000000, [0xa02, [0xdb, [0x47, nil]]]]	0x9c2
[0xefbe477b, [0x8d1, [0x9ac, [0xad, nil]]]]	0x8bb
[0xefbe477b, [0x8d1, [0x9ac, [0xad, nil]]]]	0x8c4
[0xefbe477b, [0x8d1, [0x9ac, [0xad, nil]]]]	0x8cb
[0xefbe477b, [0x8d1, [0x9ac, [0xad, nil]]]]	0x8ce
[0xe9990fb3, [0x8bb, [0x8d1, [0x951, [0x85, nil]]]]]	0x8aa
[0xe9990fb3, [0x8bb, [0x8d1, [0x951, [0x85, nil]]]]]	0x8b4
[0x00000000, [0xa0d, [0xdb, [0x47, nil]]]]	0x9c2
[0xefbe477b, [0x8bb, [0x8d1, [0x9ac, [0xad, nil]]]]]	0x8aa
[0xefbe477b, [0x8bb, [0x8d1, [0x9ac, [0xad, nil]]]]]	0x8b4
[0xe9990fb3, [0x8aa, [0x8bb, [0x8d1, [0x951, [0x85, nil]]]]]]	0x88b
[0xefbe477b, [0x8aa, [0x8bb, [0x8d1, [0x9ac, [0xad, nil]]]]]]	0x88b
[0xd77ddcc9, [0x871, [0x5d, nil]]]	0x7b8
[0xd77ddcc9, [0x871, [0x5d, nil]]]	0x7c5
[0xd77ddcc9, [0x871, [0x5d, nil]]]	0x7cd
[0xd77ddcc9, [0x871, [0x5d, nil]]]	0x7e2
[0xd77ddcc9, [0x871, [0x5d, nil]]]	0x7ea
[0xd77ddcc9, [0x871, [0x5d, nil]]]	0x7fe
[0xd77ddcc9, [0x871, [0x5d, nil]]]	0x806
[0xd77ddcc9, [0x871, [0x5d, nil]]]	0x1fd5
[0xd77ddcc9, [0x871, [0x5d, nil]]]	0x1ff8
[0xd77ddcc9, [0x871, [0x5d, nil]]]	0x201b
[0x00000000, [0xf5, [0x47, nil]]]	0xa39
[0x00000000, [0xf5, [0x47, nil]]]	0xa43
[0x00000000, [0xf5, [0x47, nil]]]	0xa4e
[0x00000000, [0xf5, [0x47, nil]]]	0xa5e
[0x00000000, [0xf5, [0x47, nil]]]	0xa66
[0x00000000, [0xf5, [0x47, nil]]]	0x21c5
[0x00000000, [0x130, [0x47, nil]]]	0xa39
[0x00000000, [0x130, [0x47, nil]]]	0xa43
[0x00000000, [0x130, [0x47, nil]]]	0xa4e
[0x00000000, [0x130, [0x47, nil]]]	0xa5e
[0x00000000, [0x130, [0x47, nil]]]	0xa66
[0x00000000, [0x130, [0x47, nil]]]	0x21c5
[0x00000000, [0xa39, [0xf5, [0x47, nil]]]]	0x9c2
[0x00000000, [0xa39, [0x130, [0x47, nil]]]]	0x9c2
[0xe9990fb3, [0x97f, [0x85, nil]]]	0x8e5
[0xe9990fb3, [0x97f, [0x85, nil]]]	0x8f2
[0xe9990fb3, [0x97f, [0x85, nil]]]	0x8fa
[0xe9990fb3, [0x97f, [0x85, nil]]]	0x90f
[0xe9990fb3, [0x97f, [0x85, nil]]]	0x917
[0xe9990fb3, [0x97f, [0x85, nil]]]	0x92b
[0xe9990fb3, [0x97f, [0x85, nil]]]	0x933
[0xe9990fb3, [0x97f, [0x85, nil]]]	0x20a7
[0xe9990fb3, [0x97f, [0x85, nil]]]	0x20ca
[0xe9990fb3, [0x97f, [0x85, nil]]]	0x20ed
[0xd77ddcc9, [0x87d, [0x5d, nil]]]	0x73
[0xd77ddcc9, [0x87d, [0x5d, nil]]]	0x1b8
[0xd77ddcc9, [0x87d, [0x5d, nil]]]	0x200
[0xd77ddcc9, [0x87d, [0x5d, nil]]]	0x231
[0xd77ddcc9, [0x87d, [0x5d, nil]]]	0x23a
[0xd77ddcc9, [0x87d, [0x5d, nil]]]	0x248
[0xd77ddcc9, [0x87d, [0x5d, nil]]]	0x279
[0xd77ddcc9, [0x87d, [0x5d, nil]]]	0x282
[0xd77ddcc9, [0x87d, [0x5d, nil]]]	0x287
[0xd77ddcc9, [0x87d, [0x5d, nil]]]	0x293
[0xd77ddcc9, [0x87d, [0x5d, nil]]]	0x29e
[0xd77ddcc9, [0x87d, [0x5d, nil]]]	0x2a6
[0xd77ddcc9, [0x87d, [0x5d, nil]]]	0x2bb
[0xd77ddcc9, [0x87d, [0x5d, nil]]]	0x2dc
[0xd77ddcc9, [0x87d, [0x5d, nil]]]	0x2e4
[0xd77ddcc9, [0x87d, [0x5d, nil]]]	0x2f6
[0xd77ddcc9, [0x87d, [0x5d, nil]]]	0x304
[0xd77ddcc9, [0x87d, [0x5d, nil]]]	0x31d
[0xd77ddcc9, [0x87d, [0x5d, nil]]]	0x33d
[0xd77ddcc9, [0x87d, [0x5d, nil]]]	0x342
[0xd77ddcc9, [0x87d, [0x5d, nil]]]	0x34c
[0xd77ddcc9, [0x87d, [0x5d, nil]]]	0x37d
[0xd77ddcc9, [0x87d, [0x5d, nil]]]	0x386
[0xd77ddcc9, [0x87d, [0x5d, nil]]]	0x392
[0xd77ddcc9, [0x87d, [0x5d, nil]]]	0x1ed4
[0xd77ddcc9, [0x87d, [0x5d, nil]]]	0x1f20
[0x00000000, [0xa43, [0xf5, [0x47, nil]]]]	0x9c2
[0x00000000, [0xa43, [0x130, [0x47, nil]]]]	0x9c2
[0xefbe477b, [0x9b9, [0xad, nil]]]	0xc3
[0xefbe477b, [0x9b9, [0xad, nil]]]	0x4cb
[0xefbe477b, [0x9b9, [0xad, nil]]]	0x513
[0xefbe477b, [0x9b9, [0xad, nil]]]	0x544
[0xefbe477b, [0x9b9, [0xad, nil]]]	0x54d
[0xefbe477b, [0x9b9, [0xad, nil]]]	0x587
[0xefbe477b, [0x9b9, [0xad, nil]]]	0x59b
[0xefbe477b, [0x9b9, [0xad, nil]]]	0x5a2
[0xefbe477b, [0x9b9, [0xad, nil]]]	0x5c6
[0xefbe477b, [0x9b9, [0xad, nil]]]	0x5d0
[0xefbe477b, [0x9b9, [0xad, nil]]]	0x601
[0xefbe477b, [0x9b9, [0xad, nil]]]	0x60a
[0xefbe477b, [0x9b9, [0xad, nil]]]	0x659
[0xefbe477b, [0x9b9, [0xad, nil]]]	0x66e
[0xefbe477b, [0x9b9, [0xad, nil]]]	0x675
[0xefbe477b, [0x9b9, [0xad, nil]]]	0x699
[0xefbe477b, [0x9b9, [0xad, nil]]]	0x69e
[0xefbe477b, [0x9b9, [0xad, nil]]]	0x6cf
[0xefbe477b, [0x9b9, [0xad, nil]]]	0x6d8
[0xd77ddcc9, [0x200, [0x87d, [0x5d, nil]]]]	0xb2e
[0xd77ddcc9, [0x200, [0x87d, [0x5d, nil]]]]	0xb45
[0xefbe477b, [0x513, [0x9b9, [0xad, nil]]]]	0xb2e
[0xefbe477b, [0x513, [0x9b9, [0xad, nil]]]]	0xb45
[0xd77ddcc9, [0x248, [0x87d, [0x5d, nil]]]]	0xb96
[0xd77ddcc9, [0x248, [0x87d, [0x5d, nil]]]]	0xbad
[0xefbe477b, [0x54d, [0x9b9, [0xad, nil]]]]	0xd1a
[0xefbe477b, [0x54d, [0x9b9, [0xad, nil]]]]	0xd2d
[0xd77ddcc9, [0xb2e, [0x200, [0x87d, [0x5d, nil]]]]]	0xb0c
[0xd77ddcc9, [0xb2e, [0x200, [0x87d, [0x5d, nil]]]]]	0xb18
[0xd77ddcc9, [0xb2e, [0x200, [0x87d, [0x5d, nil]]]]]	0xb23
[0x00000000, [0xa66, [0xf5, [0x47, nil]]]]	0x119
[0x00000000, [0xa66, [0xf5, [0x47, nil]]]]	0x6dc
[0x00000000, [0xa66, [0xf5, [0x47, nil]]]]	0x702
[0x00000000, [0xa66, [0xf5, [0x47, nil]]]]	0x71c
[0x00000000, [0xa66, [0xf5, [0x47, nil]]]]	0x73c
[0x00000000, [0xa66, [0xf5, [0x47, nil]]]]	0x741
[0xefbe477b, [0xb2e, [0x513, [0x9b9, [0xad, nil]]]]]	0xb0c
[0xefbe477b, [0xb2e, [0x513, [0x9b9, [0xad, nil]]]]]	0xb18
[0xefbe477b, [0xb2e, [0x513, [0x9b9, [0xad, nil]]]]]	0xb23
[0xd77ddcc9, [0xb96, [0x248, [0x87d, [0x5d, nil]]]]]	0xb74
[0xd77ddcc9, [0xb96, [0x248, [0x87d, [0x5d, nil]]]]]	0xb80
[0xd77ddcc9, [0xb96, [0x248, [0x87d, [0x5d, nil]]]]]	0xb8b
[0xefbe477b, [0xd1a, [0x54d, [0x9b9, [0xad, nil]]]]]	0xd0b
[0xefbe477b, [0xd1a, [0x54d, [0x9b9, [0xad, nil]]]]]	0xd14
[0xd77ddcc9, [0x2a6, [0x87d, [0x5d, nil]]]]	0x997
[0xd77ddcc9, [0x2a6, [0x87d, [0x5d, nil]]]]	0x9a4
[0xd77ddcc9, [0x2a6, [0x87d, [0x5d, nil]]]]	0x9ac
[0xd77ddcc9, [0x2a6, [0x87d, [0x5d, nil]]]]	0x9b9
[0xd77ddcc9, [0x2a6, [0x87d, [0x5d, nil]]]]	0x2156
[0xd77ddcc9, [0xb0c, [0xb2e, [0x200, [0x87d, [0x5d, nil]]]]]]	0xa6c
[0x00000000, [0x6dc, [0xa66, [0xf5, [0x47, nil]]]]]	0xf11
[0x00000000, [0x6dc, [0xa66, [0xf5, [0x47, nil]]]]]	0xf1b
[0xe9990fb3, [0x98b, [0x85, nil]]]	0x9b
[0xe9990fb3, [0x98b, [0x85, nil]]]	0x399
[0xe9990fb3, [0x98b, [0x85, nil]]]	0x3e1
[0xe9990fb3, [0x98b, [0x85, nil]]]	0x412
[0xe9990fb3, [0x98b, [0x85, nil]]]	0x41b
[0xe9990fb3, [0x98b, [0x85, nil]]]	0x443
[0xe9990fb3, [0x98b, [0x85, nil]]]	0x45c
[0xe9990fb3, [0x98b, [0x85, nil]]]	0x47c
[0xe9990fb3, [0x98b, [0x85, nil]]]	0x481
[0xe9990fb3, [0x98b, [0x85, nil]]]	0x48b
[0xe9990fb3, [0x98b, [0x85, nil]]]	0x4bc
[0xe9990fb3, [0x98b, [0x85, nil]]]	0x4c5
[0x00000000, [0x174, [0x47, nil]]]	0xac6
[0x00000000, [0x174, [0x47, nil]]]	0xadd
[0xefbe477b, [0xb0c, [0xb2e, [0x513, [0x9b9, [0xad, nil]]]]]]	0xa6c
[0xd77ddcc9, [0xb74, [0xb96, [0x248, [0x87d, [0x5d, nil]]]]]]	0xa6c
[0xefbe477b, [0xd0b, [0xd1a, [0x54d, [0x9b9, [0xad, nil]]]]]]	0x8aa
[0xefbe477b, [0xd0b, [0xd1a, [0x54d, [0x9b9, [0xad, nil]]]]]]	0x8b4
[0xd77ddcc9, [0xb18, [0xb2e, [0x200, [0x87d, [0x5d, nil]]]]]]	0xae4
[0xd77ddcc9, [0x9ac, [0x2a6, [0x87d, [0x5d, nil]]]]]	0x8d1
[0xd77ddcc9, [0x9ac, [0x2a6, [0x87d, [0x5d, nil]]]]]	0x8df
[0x00000000, [0xf11, [0x6dc, [0xa66, [0xf5, [0x47, nil]]]]]]	0xef1
[0x00000000, [0xf11, [0x6dc, [0xa66, [0xf5, [0x47, nil]]]]]]	0xefc
[0x00000000, [0xf11, [0x6dc, [0xa66, [0xf5, [0x47, nil]]]]]]	0xf07
[0xefbe477b, [0xb18, [0xb2e, [0x513, [0x9b9, [0xad, nil]]]]]]	0xae4
[0xe9990fb3, [0x3e1, [0x98b, [0x85, nil]]]]	0xb2e
[0xe9990fb3, [0x3e1, [0x98b, [0x85, nil]]]]	0xb45
[0x00000000, [0xac6, [0x174, [0x47, nil]]]]	0xaa4
[0x00000000, [0xac6, [0x174, [0x47, nil]]]]	0xab0
[0x00000000, [0xac6, [0x174, [0x47, nil]]]]	0xabb
[0xd77ddcc9, [0xb80, [0xb96, [0x248, [0x87d, [0x5d, nil]]]]]]	0xb4c
[0xefbe477b, [0x8aa, [0xd0b, [0xd1a, [0x54d, [0x9b9, [0xad, nil]]]]]]]	0x88b
[0xe9990fb3, [0x41b, [0x98b, [0x85, nil]]]]	0xc8b
[0xe9990fb3, [0x41b, [0x98b, [0x85, nil]]]]	0xc97
[0xd77ddcc9, [0x8d1, [0x9ac, [0x2a6, [0x87d, [0x5d, nil]]]]]]	0x8bb
[0xd77ddcc9, [0x8d1, [0x9ac, [0x2a6, [0x87d, [0x5d, nil]]]]]]	0x8c4
[0xd77ddcc9, [0x8d1, [0x9ac, [0x2a6, [0x87d, [0x5d, nil]]]]]]	0x8cb
[0xd77ddcc9, [0x8d1, [0x9ac, [0x2a6, [0x87d, [0x5d, nil]]]]]]	0x8ce
[0x00000000, [0xef1, [0xf11, [0x6dc, [0xa66, [0xf5, [0x47, nil]]]]]]]	0xc4f
[0x00000000, [0xaa4, [0xac6, [0x174, [0x47, nil]]]]]	0xa6c
[0xe9990fb3, [0xb2e, [0x3e1, [0x98b, [0x85, nil]]]]]	0xb0c
[0xe9990fb3, [0xb2e, [0x3e1, [0x98b, [0x85, nil]]]]]	0xb18
[0xe9990fb3, [0xb2e, [0x3e1, [0x98b, [0x85, nil]]]]]	0xb23
[0xe9990fb3, [0xc8b, [0x41b, [0x98b, [0x85, nil]]]]]	0xc67
[0xe9990fb3, [0xc8b, [0x41b, [0x98b, [0x85, nil]]]]]	0xc72
[0xe9990fb3, [0xc8b, [0x41b, [0x98b, [0x85, nil]]]]]	0xc7f
[0xd77ddcc9, [0x8bb, [0x8d1, [0x9ac, [0x2a6, [0x87d, [0x5d, nil]]]]]]]	0x8aa
[0xd77ddcc9, [0x8bb, [0x8d1, [0x9ac, [0x2a6, [0x87d, [0x5d, nil]]]]]]]	0x8b4
[0x00000000, [0xefc, [0xf11, [0x6dc, [0xa66, [0xf5, [0x47, nil]]]]]]]	0xeee
[0x00000000, [0xab0, [0xac6, [0x174, [0x47, nil]]]]]	0xa7c
[0xe9990fb3, [0xb0c, [0xb2e, [0x3e1, [0x98b, [0x85, nil]]]]]]	0xa6c
[0xe9990fb3, [0xc67, [0xc8b, [0x41b, [0x98b, [0x85, nil]]]]]]	0xc4f
[0xd77ddcc9, [0x8aa, [0x8bb, [0x8d1, [0x9ac, [0x2a6, [0x87d, [0x5d, nil]]]]]]]]	0x88b
[0xe9990fb3, [0xb18, [0xb2e, [0x3e1, [0x98b, [0x85, nil]]]]]]	0xae4
[0xe9990fb3, [0xc72, [0xc8b, [0x41b, [0x98b, [0x85, nil]]]]]]	0xc59
[0xefbe477b, [0x5a2, [0x9b9, [0xad, nil]]]]	0xd5d
[0xefbe477b, [0x5a2, [0x9b9, [0xad, nil]]]]	0xd6a
[0xefbe477b, [0x5a2, [0x9b9, [0xad, nil]]]]	0xd72
[0xefbe477b, [0x5a2, [0x9b9, [0xad, nil]]]]	0xd7f
[0xefbe477b, [0x5a2, [0x9b9, [0xad, nil]]]]	0x2211
[0xefbe477b, [0xd72, [0x5a2, [0x9b9, [0xad, nil]]]]]	0xd49
[0xefbe477b, [0xd72, [0x5a2, [0x9b9, [0xad, nil]]]]]	0xd57
[0xefbe477b, [0xd49, [0xd72, [0x5a2, [0x9b9, [0xad, nil]]]]]]	0xd33
[0xefbe477b, [0xd49, [0xd72, [0x5a2, [0x9b9, [0xad, nil]]]]]]	0xd3c
[0xefbe477b, [0xd49, [0xd72, [0x5a2, [0x9b9, [0xad, nil]]]]]]	0xd43
[0xefbe477b, [0xd49, [0xd72, [0x5a2, [0x9b9, [0xad, nil]]]]]]	0xd46
[0xefbe477b, [0xd33, [0xd49, [0xd72, [0x5a2, [0x9b9, [0xad, nil]]]]]]]	0x9c2
[0xe9990fb3, [0x48b, [0x98b, [0x85, nil]]]]	0xced
[0xe9990fb3, [0x48b, [0x98b, [0x85, nil]]]]	0xd04
[0xd77ddcc9, [0x2e4, [0x87d, [0x5d, nil]]]]	0xbe1
[0xd77ddcc9, [0x2e4, [0x87d, [0x5d, nil]]]]	0xbe5
[0xd77ddcc9, [0x2e4, [0x87d, [0x5d, nil]]]]	0xbe9
[0xd77ddcc9, [0x2e4, [0x87d, [0x5d, nil]]]]	0xbed
[0xd77ddcc9, [0x2e4, [0x87d, [0x5d, nil]]]]	0xc01
[0xd77ddcc9, [0x2e4, [0x87d, [0x5d, nil]]]]	0xc09
[0xd77ddcc9, [0x2e4, [0x87d, [0x5d, nil]]]]	0xc23
[0xd77ddcc9, [0x2e4, [0x87d, [0x5d, nil]]]]	0xc2b
[0xd77ddcc9, [0x2e4, [0x87d, [0x5d, nil]]]]	0xc3f
[0xd77ddcc9, [0x2e4, [0x87d, [0x5d, nil]]]]	0xc47
[0xe9990fb3, [0xced, [0x48b, [0x98b, [0x85, nil]]]]]	0xccb
[0xe9990fb3, [0xced, [0x48b, [0x98b, [0x85, nil]]]]]	0xcd7
[0xe9990fb3, [0xced, [0x48b, [0x98b, [0x85, nil]]]]]	0xce2
[0xe9990fb3, [0xccb, [0xced, [0x48b, [0x98b, [0x85, nil]]]]]]	0xa6c
[0xe9990fb3, [0xcd7, [0xced, [0x48b, [0x98b, [0x85, nil]]]]]]	0xca3
[0xd77ddcc9, [0x2f6, [0x87d, [0x5d, nil]]]]	0xc8b
[0xd77ddcc9, [0x2f6, [0x87d, [0x5d, nil]]]]	0xc97
[0xefbe477b, [0x5d0, [0x9b9, [0xad, nil]]]]	0xdd2
[0xefbe477b, [0x5d0, [0x9b9, [0xad, nil]]]]	0xde9
[0xefbe477b, [0x60a, [0x9b9, [0xad, nil]]]]	0xdff
[0xefbe477b, [0x60a, [0x9b9, [0xad, nil]]]]	0xe12
[0xefbe477b, [0x60a, [0x9b9, [0xad, nil]]]]	0xe1f
[0xd77ddcc9, [0xc8b, [0x2f6, [0x87d, [0x5d, nil]]]]]	0xc67
[0xd77ddcc9, [0xc8b, [0x2f6, [0x87d, [0x5d, nil]]]]]	0xc72
[0xd77ddcc9, [0xc8b, [0x2f6, [0x87d, [0x5d, nil]]]]]	0xc7f
[0xefbe477b, [0xdd2, [0x5d0, [0x9b9, [0xad, nil]]]]]	0xdb0
[0xefbe477b, [0xdd2, [0x5d0, [0x9b9, [0xad, nil]]]]]	0xdbc
[0xefbe477b, [0xdd2, [0x5d0, [0x9b9, [0xad, nil]]]]]	0xdc7
[0xefbe477b, [0xdff, [0x60a, [0x9b9, [0xad, nil]]]]]	0xd0b
[0xefbe477b, [0xdff, [0x60a, [0x9b9, [0xad, nil]]]]]	0xd14
[0xd77ddcc9, [0xc67, [0xc8b, [0x2f6, [0x87d, [0x5d, nil]]]]]]	0xc4f
[0xefbe477b, [0xdb0, [0xdd2, [0x5d0, [0x9b9, [0xad, nil]]]]]]	0xa6c
[0xefbe477b, [0xd0b, [0xdff, [0x60a, [0x9b9, [0xad, nil]]]]]]	0x8aa
[0xefbe477b, [0xd0b, [0xdff, [0x60a, [0x9b9, [0xad, nil]]]]]]	0x8b4
[0xd77ddcc9, [0xc72, [0xc8b, [0x2f6, [0x87d, [0x5d, nil]]]]]]	0xc59
[0xefbe477b, [0xdbc, [0xdd2, [0x5d0, [0x9b9, [0xad, nil]]]]]]	0xd88
[0xefbe477b, [0x8aa, [0xd0b, [0xdff, [0x60a, [0x9b9, [0xad, nil]]]]]]]	0x88b
[0xefbe477b, [0xe12, [0x60a, [0x9b9, [0xad, nil]]]]]	0xdf0
[0xefbe477b, [0xe12, [0x60a, [0x9b9, [0xad, nil]]]]]	0xdf9
[0xd77ddcc9, [0x34c, [0x87d, [0x5d, nil]]]]	0xced
[0xd77ddcc9, [0x34c, [0x87d, [0x5d, nil]]]]	0xd04
[0xefbe477b, [0xdf0, [0xe12, [0x60a, [0x9b9, [0xad, nil]]]]]]	0x9c2
[0xd77ddcc9, [0xced, [0x34c, [0x87d, [0x5d, nil]]]]]	0xccb
[0xd77ddcc9, [0xced, [0x34c, [0x87d, [0x5d, nil]]]]]	0xcd7
[0xd77ddcc9, [0xced, [0x34c, [0x87d, [0x5d, nil]]]]]	0xce2
[0xd77ddcc9, [0xccb, [0xced, [0x34c, [0x87d, [0x5d, nil]]]]]]	0xa6c
[0xd77ddcc9, [0xcd7, [0xced, [0x34c, [0x87d, [0x5d, nil]]]]]]	0xca3
[0xefbe477b, [0x675, [0x9b9, [0xad, nil]]]]	0xe5b
[0xefbe477b, [0x675, [0x9b9, [0xad, nil]]]]	0xe68
[0xefbe477b, [0x675, [0x9b9, [0xad, nil]]]]	0xe70
[0xefbe477b, [0x675, [0x9b9, [0xad, nil]]]]	0xe7d
[0xefbe477b, [0x675, [0x9b9, [0xad, nil]]]]	0x2234
[0xefbe477b, [0xe70, [0x675, [0x9b9, [0xad, nil]]]]]	0xe47
[0xefbe477b, [0xe70, [0x675, [0x9b9, [0xad, nil]]]]]	0xe55
[0xefbe477b, [0xe47, [0xe70, [0x675, [0x9b9, [0xad, nil]]]]]]	0xe31
[0xefbe477b, [0xe47, [0xe70, [0x675, [0x9b9, [0xad, nil]]]]]]	0xe3a
[0xefbe477b, [0xe47, [0xe70, [0x675, [0x9b9, [0xad, nil]]]]]]	0xe41
[0xefbe477b, [0xe47, [0xe70, [0x675, [0x9b9, [0xad, nil]]]]]]	0xe44
[0xefbe477b, [0xe31, [0xe47, [0xe70, [0x675, [0x9b9, [0xad, nil]]]]]]]	0xe26
[0xefbe477b, [0x69e, [0x9b9, [0xad, nil]]]]	0xed0
[0xefbe477b, [0x69e, [0x9b9, [0xad, nil]]]]	0xee7
[0xefbe477b, [0xed0, [0x69e, [0x9b9, [0xad, nil]]]]]	0xeae
[0xefbe477b, [0xed0, [0x69e, [0x9b9, [0xad, nil]]]]]	0xeba
[0xefbe477b, [0xed0, [0x69e, [0x9b9, [0xad, nil]]]]]	0xec5
[0xefbe477b, [0xeae, [0xed0, [0x69e, [0x9b9, [0xad, nil]]]]]]	0xa6c
[0xefbe477b, [0xeba, [0xed0, [0x69e, [0x9b9, [0xad, nil]]]]]]	0xe86
[0xeeeeeeee, nil]	0x45
[0xeeeeeeee, nil]	0x44e1
[0xeeeeeeee, [0x44e1, nil]]	0xca
[0xeeeeeeee, [0x44e1, nil]]	0xd6
[0xeeeeeeee, [0x44e1, nil]]	0xdb
[0xeeeeeeee, [0x44e1, nil]]	0xea
[0xeeeeeeee, [0x44e1, nil]]	0xf5
[0xeeeeeeee, [0x44e1, nil]]	0x11e
[0xeeeeeeee, [0x44e1, nil]]	0x127
[0xeeeeeeee, [0x44e1, nil]]	0x12e
[0xeeeeeeee, [0x44e1, nil]]	0x130
[0xeeeeeeee, [0x44e1, nil]]	0x143
[0xeeeeeeee, [0x44e1, nil]]	0x150
[0xeeeeeeee, [0x44e1, nil]]	0x174
[0xeeeeeeee, [0x44e1, nil]]	0x1a5
[0xeeeeeeee, [0x44e1, nil]]	0x1ae
[0xeeeeeeee, [0x44e1, nil]]	0x1b0
[0xeeeeeeee, [0x44e1, nil]]	0x4492
[0xeeeeeeee, [0x44e1, nil]]	0x44b4
[0xeeeeeeee, [0x44e1, nil]]	0x44d6
[0xeeeeeeee, [0xdb, [0x44e1, nil]]]	0x9f8
[0xeeeeeeee, [0xdb, [0x44e1, nil]]]	0xa02
[0xeeeeeeee, [0xdb, [0x44e1, nil]]]	0xa0d
[0xeeeeeeee, [0xdb, [0x44e1, nil]]]	0xa1b
[0xeeeeeeee, [0xdb, [0x44e1, nil]]]	0xa2a
[0xeeeeeeee, [0xdb, [0x44e1, nil]]]	0xa32
[0xeeeeeeee, [0xdb, [0x44e1, nil]]]	0x2179
[0xeeeeeeee, [0x9f8, [0xdb, [0x44e1, nil]]]]	0x9c2
[0xeeeeeeee, [0xa02, [0xdb, [0x44e1, nil]]]]	0x9c2
[0xeeeeeeee, [0xa0d, [0xdb, [0x44e1, nil]]]]	0x9c2
[0xeeeeeeee, [0xf5, [0x44e1, nil]]]	0xa39
[0xeeeeeeee, [0xf5, [0x44e1, nil]]]	0xa43
[0xeeeeeeee, [0xf5, [0x44e1, nil]]]	0xa4e
[0xeeeeeeee, [0xf5, [0x44e1, nil]]]	0xa5e
[0xeeeeeeee, [0xf5, [0x44e1, nil]]]	0xa66
[0xeeeeeeee, [0xf5, [0x44e1, nil]]]	0x21c5
[0xeeeeeeee, [0x130, [0x44e1, nil]]]	0xa39
[0xeeeeeeee, [0x130, [0x44e1, nil]]]	0xa43
[0xeeeeeeee, [0x130, [0x44e1, nil]]]	0xa4e
[0xeeeeeeee, [0x130, [0x44e1, nil]]]	0xa5e
[0xeeeeeeee, [0x130, [0x44e1, nil]]]	0xa66
[0xeeeeeeee, [0x130, [0x44e1, nil]]]	0x21c5
[0xeeeeeeee, [0xa39, [0xf5, [0x44e1, nil]]]]	0x9c2
[0xeeeeeeee, [0xa39, [0x130, [0x44e1, nil]]]]	0x9c2
[0xeeeeeeee, [0xa43, [0xf5, [0x44e1, nil]]]]	0x9c2
[0xeeeeeeee, [0xa43, [0x130, [0x44e1, nil]]]]	0x9c2
[0xeeeeeeee, [0xa66, [0xf5, [0x44e1, nil]]]]	0x119
[0xeeeeeeee, [0xa66, [0xf5, [0x44e1, nil]]]]	0x6dc
[0xeeeeeeee, [0xa66, [0xf5, [0x44e1, nil]]]]	0x702
[0xeeeeeeee, [0xa66, [0xf5, [0x44e1, nil]]]]	0x71c
[0xeeeeeeee, [0xa66, [0xf5, [0x44e1, nil]]]]	0x73c
[0xeeeeeeee, [0xa66, [0xf5, [0x44e1, nil]]]]	0x741
[0xeeeeeeee, [0x6dc, [0xa66, [0xf5, [0x44e1, nil]]]]]	0xf11
[0xeeeeeeee, [0x6dc, [0xa66, [0xf5, [0x44e1, nil]]]]]	0xf1b
[0xeeeeeeee, [0x174, [0x44e1, nil]]]	0xac6
[0xeeeeeeee, [0x174, [0x44e1, nil]]]	0xadd
[0xeeeeeeee, [0xf11, [0x6dc, [0xa66, [0xf5, [0x44e1, nil]]]]]]	0xef1
[0xeeeeeeee, [0xf11, [0x6dc, [0xa66, [0xf5, [0x44e1, nil]]]]]]	0xefc
[0xeeeeeeee, [0xf11, [0x6dc, [0xa66, [0xf5, [0x44e1, nil]]]]]]	0xf07
[0xeeeeeeee, [0xac6, [0x174, [0x44e1, nil]]]]	0xaa4
[0xeeeeeeee, [0xac6, [0x174, [0x44e1, nil]]]]	0xab0
[0xeeeeeeee, [0xac6, [0x174, [0x44e1, nil]]]]	0xabb
[0xeeeeeeee, [0xef1, [0xf11, [0x6dc, [0xa66, [0xf5, [0x44e1, nil]]]]]]]	0xc4f
[0xeeeeeeee, [0xaa4, [0xac6, [0x174, [0x44e1, nil]]]]]	0xa6c
[0xeeeeeeee, [0xefc, [0xf11, [0x6dc, [0xa66, [0xf5, [0x44e1, nil]]]]]]]	0xeee
[0xeeeeeeee, [0xab0, [0xac6, [0x174, [0x44e1, nil]]]]]	0xa7c
