chain,potential_suspect_creator
gnosis,0x8b4ea4f8a25ed1b7b18044bb1a2bec9425603572
gnosis,0xb79231d4d83f03d3a1a49848b3fca0429e4a3b93
gnosis,0x0f260e2b6e44776e8f0d7f587b58c82ffa37b2b9
gnosis,0xd3948439c7709f44d005b71e4b07b941c87bdea1
gnosis,0x2e686b87eb164199af64e97378a61eee070782f3
gnosis,0xea4bb5fc73f6a10afd69ded9dd7558b505b253ae
gnosis,0x7960037b29f0c00bf4de1dd429f1e1f344b8e6cf
gnosis,0x6c17448fe4cb25de5af5aa14f477317fd5303779
gnosis,0x91c612a37b8365c2db937388d7b424fe03d62850
gnosis,0x4e59b44847b379578588920ca78fbf26c0b4956c
gnosis,0xce0042b868300000d44a59004da54a005ffdcf9f
gnosis,0x60256154ce536b5379826d72cf5110ec29d190ff
gnosis,0x16d502b1e018f88f372c4633c449a4d0c6e51a26
gnosis,0xe6b96092778d53f7f29de7fe4969c2b2edbc8610
gnosis,0x3acb00caabaf119c9efad0f56455c8ff61b771fa
gnosis,0xed7271cfd7753f0df7557497f495bf1f21f4b2c8
gnosis,0x8953c6d5fcec3f41d339ba166a01482ae27b23db
gnosis,0xb2626fc1e3c4e17399ea5b8477150757ffbe71a3
gnosis,0x6cb74de84e92b249f51ccfe121eb76ba73e2081d
arbitrum,0x926151965a6280b3f39ea754d949bf706119f76a
arbitrum,0x7fdb57227b3fe50a9989d15d3653cd13236ad1ef
arbitrum,0x424242dbaa0d839ab79b5f7cdfa89222c84e18bd
arbitrum,0x1f77528c1a66ba2dcbdeaf6cf471323333e91c9b
arbitrum,0xc738fedf13346a220044fd54a38238cb8228779e
arbitrum,0xe039802366498c5cc75b200decaa9ad520e60a11
arbitrum,0xa8204582fe8f915b7f423b1450b654fc98ff921d
arbitrum,0xce0042b868300000d44a59004da54a005ffdcf9f
arbitrum,0xa0241f084f99d3b770f395206051e0e73a719c94
arbitrum,0xa2f2b25483da565184234eda081ea8c01b74fb22
arbitrum,0x28d7aae1705b29822e6fba76178d561c792ef274
arbitrum,0xea459dde8dd4e1b28324ff1a1dcffedfec596db0
arbitrum,0x36361253c36c11d857bcde158196bf2231889fd5
arbitrum,0xb3dbf5960f4b48e288c5ccf9b65db3809f167d6d
arbitrum,0x0f260e2b6e44776e8f0d7f587b58c82ffa37b2b9
arbitrum,0x6cb74de84e92b249f51ccfe121eb76ba73e2081d
arbitrum,0x4193c35d5e7b285056dbfc7630e00bdee5f0bcf6
arbitrum,0x48311e4842175839f3756a5a0cb6051d367bc0c0
arbitrum,0x2e5269b9ea393eae90f15e87d06d10547e4df87e
arbitrum,0xed42a5d2b6104523dec128ee3217ba39c78f9e2c
arbitrum,0xc2212d2033f3bf0fdb9f11fa13fe6a260aa76d5d
arbitrum,0x76b97e431800b67332cbd9a5559ec2386818ea07
arbitrum,0x8b4ea4f8a25ed1b7b18044bb1a2bec9425603572
arbitrum,0xe717c4dee466cca3002acae319288a2da8e017da
arbitrum,0x29097a7dc18f1d7b736ead6328370913ab8d845c
arbitrum,0x18a0dff873fd0728d37c2f1e77a3085a40977557
arbitrum,0x341bb85e935fc8ebd862564d8d08317c2f23e35d
arbitrum,0x1105adc121499d9e916120a8f1fb003d3d43a271
arbitrum,0xfd552b65ee3fd96c185f9aa81c075aa361634547
arbitrum,0x0e1730aab680245971603f9edeaa0c85ebeaaaaa
arbitrum,0x16d502b1e018f88f372c4633c449a4d0c6e51a26
arbitrum,0xb2626fc1e3c4e17399ea5b8477150757ffbe71a3
arbitrum,0x3acb00caabaf119c9efad0f56455c8ff61b771fa
arbitrum,0x57c974baa656c7820d101ccbfc285d4e96006abc
arbitrum,0x334ba375f5268d99ca02b9de5a192e4765a848ab
arbitrum,0xec0bcf45b5b74870d562f4186ad3aada91774dc9
arbitrum,0xb34fd47bdc979c311830f8162aeda26f4796c758
arbitrum,0x9a46823a51dc134eec255ff63481543675b97e91
arbitrum,0xed7271cfd7753f0df7557497f495bf1f21f4b2c8
arbitrum,0xe8eabec7ce9e8bf78a766e8556e542bc2c9446ae
arbitrum,0x174846d1af95180ff90462c400b8ec2e56a7f1e6
arbitrum,0xb79231d4d83f03d3a1a49848b3fca0429e4a3b93
arbitrum,0x76e3d82b0c49f1c921d8c1093cd91c20ba23740d
arbitrum,0x7638a17d0dde05a2616b8b765600af6a0adad750
arbitrum,0x2efd55d3adbf71498a78321034e0a97fe5e0abc1
arbitrum,0xbce31af175dfc6be46d93665ab2022ec9420ac57
arbitrum,0xe99fe1d334b6a74d00adf4522e5051361de2bf40
arbitrum,0x4e59b44847b379578588920ca78fbf26c0b4956c
arbitrum,0x37b31c7239b6d7c38801bf32831c2bed66e7c1b6
arbitrum,0x2e686b87eb164199af64e97378a61eee070782f3
arbitrum,0xca61a6b8af9e666b50328d17a0bd777c04250c5b
arbitrum,0x8c9d988227f445cfea6c9b0dd1052ddf46acd2e6
arbitrum,0xda9fa4cd800fee1c589ea22b09d538b253e3a53e
arbitrum,0xb8d0d79eada4e2432fc71682d70732273f5ac186
arbitrum,0xbb89351bf8e63e96c304909b803b79f52c0bfa95
arbitrum,0x0c8b9d0a7e5bd2e66270ad02ff1e4efa6badface
arbitrum,0x98043f27ceee44e675830220dbf9741aa69307a8
arbitrum,0x59987dc305076a6043504916ef9d655583f7e0a0
arbitrum,0x276d4366c056040b8f93f2e50ea1773a81af9d1f
arbitrum,0xd55a0557a95eb5d4c19fdf9cb1e96b2a317469b8
arbitrum,0x0000000000ffe8b47b3e2130213b802212439497
arbitrum,0x60256154ce536b5379826d72cf5110ec29d190ff
arbitrum,0x0835001cec7823dfc41270ff0c6551c3f9422222
arbitrum,0xa1135d87864c3401030a19d0bf6521e7f1bd1c98
arbitrum,0x4d96f2d2143dd74a96d015a70953a5686fa6ed55
arbitrum,0x323fdc1effcc984cfcfadcc6318f2ae68bf39ce9
arbitrum,0x3f165551e74c6eaccf04666de6b972e19dd5a19d
arbitrum,0xa14bb91455e3b70d2d4f59a0d3cbf35d939308fc
arbitrum,0xcdef7fb6a50563782f4d8c51662058c06d65c8b5
arbitrum,0xbb1a241dcbd6a3894cb61f659034874dc9cf65d4
arbitrum,0x914d7fec6aac8cd542e72bca78b30650d45643d7
arbitrum,0xfd085e6d5adf648d9b68c7f679f28873eb3d2fdb
arbitrum,0xba5ed099633d3b313e4d5f7bdc1305d3c28ba5ed
bnb,0x0da523631023162c0b45aaba99ebfb7505d42fa0
bnb,0x41a00886ac6e49263fccf20bb7a387fa15106bee
bnb,0x56b4468df3f00b21a90df209ce35554bb55d2339
bnb,0x8890050520d5c572d5eb839879e01ee2d923c388
bnb,0x16d502b1e018f88f372c4633c449a4d0c6e51a26
bnb,0x4937b7f8255bce891774672e034be830585e0e9f
bnb,0x562f676830afcc56dcc13644cc5058045661bdc1
bnb,0xb2626fc1e3c4e17399ea5b8477150757ffbe71a3
bnb,0x334ba375f5268d99ca02b9de5a192e4765a848ab
bnb,0xb2c945372e33a8bf4629370eeb3b86e06539c17b
bnb,0x79b4a4093c4a4e8d1af7ff1fe6cae42c3c2cf781
bnb,0x3acb00caabaf119c9efad0f56455c8ff61b771fa
bnb,0x2dff3f5db2c665d9de73ad22dcfae076c5690fdd
bnb,0x614b28a5754c57f5aac2a5e4066127d340f0140a
bnb,0x66cad4daf0ac24d4eabbc9dfc73f92d761da13d3
bnb,0x34f41c98898ed0c2f7d004538a7cbde33b35404f
bnb,0x6906b3656f00a5e18de1a7a24a6426b780ffc2db
bnb,0xc44d956f54aaa63fc2aa5bea23d61bba604cf890
bnb,0x0e1730aab680245971603f9edeaa0c85ebeaaaaa
bnb,0xb465cfec90d86088c1d9c1582b138f7a4989c22a
bnb,0xbf9004f77c40db77e3fbb43bec02252d195480f7
bnb,0xf32e8322a8c5deb0f1c37d93eef10219182f9612
bnb,0x222d1f38252726c9d49c8b963b6dcb808e8dcbfd
bnb,0xffd81bcf4099b4e8c0d5adcf65ca763c01ff539f
bnb,0x12801cd7f92c6183a010cb17f744ae94d53095d3
bnb,0xa5a8de8cfd79342ee98dc96358ab2f8ca220f050
bnb,0x74089b856826afda224f18d70eecb0ed54d5c39b
bnb,0x78a6c322fe2b4a8ae7124702d92d3bf954e75e94
bnb,0xa6cab323b3780965a9b74d594e5d87ec7ea8f799
bnb,0xa6e660ea5ed28a8de90557adfaad254f94ddafea
bnb,0xd2a1becf7f32c2efd2fbfcfa630e5ccb3330f6e2
bnb,0xba5ed099633d3b313e4d5f7bdc1305d3c28ba5ed
bnb,0xb8bf4c7e5b8c612323e36dbe2096a4e1cd2a0c7d
bnb,0x2d1d375646d6276405ef1ce7fd2dde8d4616b29d
bnb,0xfabded3bb3b7967981735525892ef4ec6415f2e8
bnb,0xab9362fd41e45a3c71a470f8e1ea78c75c2677e1
bnb,0x0c8b9d0a7e5bd2e66270ad02ff1e4efa6badface
bnb,0xb6a94b9d4fd2bf3b27179900aad590d07d021470
bnb,0xf1a14140de6cc1c4e78abfcfbcc40c903a6667f9
bnb,0x43eb2dc1a9c76ac0c801fd258a20f77312fc1042
bnb,0x62005500af4cfb0077ac0090002f630055ba001d
bnb,0xea4bb5fc73f6a10afd69ded9dd7558b505b253ae
bnb,0x993924a08c386f52210e5c998292152e4b1e664a
bnb,0x59987dc305076a6043504916ef9d655583f7e0a0
bnb,0xb3a9a775460f94155786d907e32c291a1dec4cdf
bnb,0x72785d42874e965086829ea789a703fe1a5238df
bnb,0xf514c02048e9296d56d693f24dfc6780a2bdd18a
bnb,0x52f001106a41ceef51700fd97f2d3799f82404c4
bnb,0x93f42e213103fdc2e00f4f9292eb878b830aa99e
bnb,0x76b97e431800b67332cbd9a5559ec2386818ea07
bnb,0x2e5269b9ea393eae90f15e87d06d10547e4df87e
bnb,0x1b61f1460457b666b40f484d0918f1dee45bb533
bnb,0x68288c9133530eddb391ff8f91825dd8d51275a4
bnb,0x61a1525063afad519d16eda03a7b4400b5bfabbb
bnb,0x5397cc720b9c12976d78963038d0e4c520215595
bnb,0xe4910bb4d0df08f810cf3191086526dc8ca8715a
bnb,0xf82c5e64cd0b28e61fa1086cca6df5618c14e288
bnb,0xa8204582fe8f915b7f423b1450b654fc98ff921d
bnb,0x5419006f900c354565c023b278d3179ab1d99017
bnb,0xab53d46007fc7af8221ea553077f37a18b009433
bnb,0x0859ae801cac94413e067dcb7263b60fda992274
bnb,0xebfba1977ef8e0062e405a2d12960453cbdb7ccc
bnb,0xd0e49dec126d0ac848389843917c5204aa2be5c2
bnb,0xd487c09d1845ee15b31bd02b5ac514a254112e1d
bnb,0x31cd567e048f52c7e86b7c7acb453761dc7066f9
bnb,0x050f559cd756ca09fc46988b6cf19ebf01256268
bnb,0x926151965a6280b3f39ea754d949bf706119f76a
bnb,0x9300e82d3cad16602eee21c1068accf9a2b2a23c
bnb,0x9165cceba25509f6b0ae485f274a1c26c023d2de
bnb,0x03f082ded17c0755d9749a6041f0c1fac9c5cd2c
bnb,0x3d0ef8f0911e975b9726d7728e7b61d4561f1725
bnb,0xc8407ffb3ec3f7d246af2750785b4d6fb387043e
bnb,0x4f657c0dc117704e4eb73be883ea26191df0502a
bnb,0xe3b4e8c9992a968759b46ba3b788ef9d76914603
bnb,0xce0042b868300000d44a59004da54a005ffdcf9f
bnb,0x361d059535697457b9773373f83d4b4dfba8177d
bnb,0xe039802366498c5cc75b200decaa9ad520e60a11
bnb,0x40e7e01cc0c835cb7d4edb51b7cda688a590f808
bnb,0x70006471aee1627b2eb421238ccf854879bc59e1
bnb,0x04461b16fa996cd8203d6b8f8a8a3cc95be94a8a
bnb,0x78fb6159ab34c0a2c61243d499c57cea9f644991
bnb,0xdfd4ab80e163d6864e26f37540563cbf2e52a582
bnb,0x6cb74de84e92b249f51ccfe121eb76ba73e2081d
bnb,0x76ed55741f2c65270fc08e2b85396a626cc8da3f
bnb,0x19d2949372fda544abe32de8ae8c93f2d7c2a07d
bnb,0x5df301f2f85894aa0543c59afd1940a7c13bd845
bnb,0x88efdac29e3ba290512e26c04908692ae9810566
bnb,0x0f260e2b6e44776e8f0d7f587b58c82ffa37b2b9
bnb,0xdeadbeef6f5dfc4675d3109b8a985e795de8083a
bnb,0x01234e5b6a556d19b0d092de963856171b223288
bnb,0xe1459940ad398c6ebf047cefa73bb433e239d4e1
bnb,0x8b4ea4f8a25ed1b7b18044bb1a2bec9425603572
bnb,0x9cd39dac0553fcb7b510c08d1f9331ce2de15f2a
bnb,0x18a0dff873fd0728d37c2f1e77a3085a40977557
bnb,0x16854db3fee19d8240e31257b4187662e786f57b
bnb,0xdcb85885ccea38107edbc4d474dd4d8a3e0b09ce
bnb,0x89a4014e7d70a5fa81e6ec7de2eee4f0585891eb
bnb,0x1dbff15eac54d41954226be4b121ceb79b04273e
bnb,0xd9d7df87e0f2f41a5581b2ae3fe852e6694a33d1
bnb,0xaab2a95843c469ef0fc98d339f8759befbf7ec61
bnb,0x6497ea4f7d244f4243be9542e0baf4bef6db6f65
bnb,0x970609ba2c160a1b491b90867681918bdc9773af
bnb,0xb4687cf0aa7170f12e488059c46689bacabcd311
bnb,0xe342b094d684e6d17ba127ae6eadf613de736554
bnb,0xa3772e9b69b5877dde7580d17ae9716d228aafde
bnb,0xea459dde8dd4e1b28324ff1a1dcffedfec596db0
bnb,0x0000c6954c99a7683541ee88469454b1304eead3
bnb,0xb3dbf5960f4b48e288c5ccf9b65db3809f167d6d
bnb,0x5853ed4f26a3fcea565b3fbc698bb19cdf6deb85
bnb,0x55fa0c48826dbd50522b9d6d20f481e26cb60c90
bnb,0x7c2f74a3f1b9a7ecf5d6845d857e32e7a98e1e63
bnb,0x0bb9ad9357565a592668e6c41463b05a17c68a09
bnb,0x3f4fba0a74ded69ab322965670c5177da3aee4a2
bnb,0x0bc25297121448261f46c9cee5bde43097c53cc8
bnb,0x31555dac4841b282c9fa7b53d84992a573c3ca2f
bnb,0xf9f064ca6645794fa96515d0343a78b3c4ef2b10
bnb,0xc830e01fc2a6c7d83674fa9c5ea6a3be51abfd3d
bnb,0xe2fb983d7b5801a7b8a9918a334a152f16b65fbf
bnb,0x0ad862dab48ceeca1f1153923f986611b34e458f
bnb,0xe7ea94847dc0e5c5b296b0ed0effeae9cf3f9fb0
bnb,0xdead652ebf95cf995c99638adbb8f1cfd01a6a00
bnb,0xa476c315bb273e2b6a8b93bcdeb880644ea2360c
bnb,0x4cacfc1f8aa464efae8207a7c1ee1127b5ac3035
bnb,0x58a98a98557adc8aa54d1efd792cc35129bc8ae1
bnb,0x174846d1af95180ff90462c400b8ec2e56a7f1e6
bnb,0x1bf3e85345a8ce50f26cd9b2ce527ffcd3fa8da4
bnb,0x6eab507b3d7339ce0f2a745499deed9f1be84f89
bnb,0x401efc335b3266abe4418c3f6be396bdc7043e66
bnb,0x5d28e96243e50c8a5d92b07c79e5a61b2b7c46b6
bnb,0x2074be6dc7f1b4cf2ff0eb8e234019ea65b4ccc2
bnb,0x9b720fce4e6982a76cbc79904eb9536e86f31358
bnb,0xf2b189fff6f0d7968280530004b10dc535fc4297
bnb,0x43d4f52aee2dbf56704b8510376fe5f426460030
bnb,0xbf15eb5ebc70b8e10377c26b27efcecd2f5f6952
bnb,0x6666d6bc303861a2b71447676d3465cb92f56666
bnb,0xb1342a256a82b5a84bac7cd00b93dcec9f57948c
bnb,0xe99fe1d334b6a74d00adf4522e5051361de2bf40
bnb,0x2e686b87eb164199af64e97378a61eee070782f3
bnb,0x2afa46e32a50161a8180b94c87c35aa5be78d131
bnb,0x8c9d988227f445cfea6c9b0dd1052ddf46acd2e6
bnb,0x616663be8be425dcf006fdb0e95de3b576ea47cd
bnb,0x0000000000400cdfef5e2714e63d8040b700bc24
bnb,0x8820c1511c50bf99be33242e6ea880dfe9a80efb
bnb,0xb79231d4d83f03d3a1a49848b3fca0429e4a3b93
bnb,0x3e577385fe768238d525b04cb25fae7c0e700000
bnb,0x76e3d82b0c49f1c921d8c1093cd91c20ba23740d
bnb,0xffffffff3692d1af8de9aad8f95b2c0c13ce7d1e
bnb,0x37b31c7239b6d7c38801bf32831c2bed66e7c1b6
bnb,0xc6f967af568acbd9fa854a31ff966e5bd3aebe5d
bnb,0x6a81a1ba2c6946ed296c4ccade3d4b2bbd1b324e
bnb,0xbf073e9eb8a345d2e33e70c6e1f60b0cb6e85f9a
bnb,0xc82ea2afe1fd1d61c4a12f5ceb3d7000f564f5c6
bnb,0x4e59b44847b379578588920ca78fbf26c0b4956c
bnb,0x53b649e913cec339adb9833d2921ae441ddbf3a9
bnb,0x0835001cec7823dfc41270ff0c6551c3f9422222
bnb,0x768f2ebd51176ad3783602dc86cca7c8355cdf94
bnb,0x98d11b91fcfc9891a86f9af4f02c4a317bfdb473
bnb,0x9bcbf3c76d31c82f86a6266e4df8c30335fb95b3
bnb,0xc5500c8107fa69dad24499c2658f46b19550a1e4
bnb,0x60256154ce536b5379826d72cf5110ec29d190ff
bnb,0x63af7c4b3d7060f327dbf73c504e623deab9d0d5
bnb,0xc5de3831e20d16b9417b5e4b3c131463ad311388
bnb,0x0000000000ffe8b47b3e2130213b802212439497
bnb,0xc294d2aadbe2b1546ce2fb4fc08d1ce9d0fa24de
bnb,0x091a301419f95eb007a6816220b13f2a6be89883
bnb,0x52c5151a114487a4b5d81526dad51eade83eaa9a
bnb,0x23e36f308ca8964e328f130f17cdc25837ea831e
bnb,0x0d97d1a56a7e8b793d6472cda1b314d1a546f641
bnb,0x63d21b67a56d28e8ec34d5e5d5588ce94776f5da
bnb,0x35163144fe41aa27ad7cfca26758e135e625754a
bnb,0xb34fd47bdc979c311830f8162aeda26f4796c758
bnb,0x00000000688f373e000a2b6522aa1fba3631103c
bnb,0x952ee480cd4b7eaee92604a2877ce3b286133b29
bnb,0xda43dcc01abded0c734b72ab295b4acee654e92d
bnb,0xa5142abaabafe8535f0b54779cc0e441976d464e
bnb,0x02b1c6cae421cee79836f7a13cd2dd19f684a6be
bnb,0x267488a3182edb6fbddf8913bf4cae84e282f3a2
bnb,0xa5577bf5d5c391f5b6c76b1ac6daee4c0ba43e7f
bnb,0x393934219382d97ac725ae4b4faa585a58f43d8a
bnb,0xed7c5fefe0790db355b0316f41269006ecd87653
bnb,0x194d41386ac84d52ff839e5b841ec8a605e0110a
optimism,0x6c26d5ae5ea55735efbbc0ca9a4caf3c6753811d
optimism,0x768f2ebd51176ad3783602dc86cca7c8355cdf94
optimism,0xc5500c8107fa69dad24499c2658f46b19550a1e4
optimism,0xe60ece6588dccfb7373538034963b4d20a280db0
optimism,0x60256154ce536b5379826d72cf5110ec29d190ff
optimism,0xae7c9cc92b42fc3aa25ff0bd44b09a0b680c69e7
optimism,0x0000000000ffe8b47b3e2130213b802212439497
optimism,0xdead652ebf95cf995c99638adbb8f1cfd01a6a00
optimism,0x74dd4dc952405a9483d5a9e2940285dc6e1c53c3
optimism,0xd6276ea76645004df019d40d247bbf77a0292d59
optimism,0x914d7fec6aac8cd542e72bca78b30650d45643d7
optimism,0xba5ed099633d3b313e4d5f7bdc1305d3c28ba5ed
optimism,0x4d96f2d2143dd74a96d015a70953a5686fa6ed55
optimism,0x010101010e6eb4664fcaa4e264db4154cdf8b495
optimism,0x1764890fee523e0aa4f464dba43e520b3a50e3d7
optimism,0xdb284ab8c63cd2a3d5a9ddd66c9755630f75ee6b
optimism,0xfddf8dc51def750c7cc8f0667663486b5d22e798
optimism,0x276d4366c056040b8f93f2e50ea1773a81af9d1f
optimism,0x3806a6b1a5fce178ab64e55c652d46e669bc2318
optimism,0xea459dde8dd4e1b28324ff1a1dcffedfec596db0
optimism,0x7b46558aa01aac22f4eceebb422212bfd6c9efa7
optimism,0xf6d1a5a2c4f102aaa345ac83c4cdc551f7d17a3c
optimism,0xa2f2b25483da565184234eda081ea8c01b74fb22
optimism,0x88adce4c2acb8d0e047f4135ff0d313dd4972552
optimism,0xc2212d2033f3bf0fdb9f11fa13fe6a260aa76d5d
optimism,0x2e5269b9ea393eae90f15e87d06d10547e4df87e
optimism,0x045af7af87d9b3938f9f80070bae4d0d48c0ef62
optimism,0xa4570868dcef1059767337381cf523763df0e258
optimism,0xa0241f084f99d3b770f395206051e0e73a719c94
optimism,0xfac897544659fb136c064d5428947f5bc9cc1fa2
optimism,0x3acb00caabaf119c9efad0f56455c8ff61b771fa
optimism,0x42cbb8ef996f83710c3d6169f4b3b4b70ed1971b
optimism,0x62b397afd9dfb2166c57323fa3bbeaaceecb3460
optimism,0x57c974baa656c7820d101ccbfc285d4e96006abc
optimism,0x41a00886ac6e49263fccf20bb7a387fa15106bee
optimism,0x16d502b1e018f88f372c4633c449a4d0c6e51a26
optimism,0xb2626fc1e3c4e17399ea5b8477150757ffbe71a3
optimism,0x334ba375f5268d99ca02b9de5a192e4765a848ab
optimism,0xa8204582fe8f915b7f423b1450b654fc98ff921d
optimism,0x6a97eada929869c9419b23eeedefb4ca763badf2
optimism,0xce0042b868300000d44a59004da54a005ffdcf9f
optimism,0xd0e49dec126d0ac848389843917c5204aa2be5c2
optimism,0x666666af7429e4b3c00b9ccaafdc6ceda313ebe6
optimism,0x1bf3e85345a8ce50f26cd9b2ce527ffcd3fa8da4
optimism,0xfb0384f09d0fcaa82376f1b73047193b4c6e83df
optimism,0x4608cd8f22b2318426763915ed3fce8a1c6b7859
optimism,0xc3f3778c10c61ed91840a527c3bffca75e3e6ffa
optimism,0xb1342a256a82b5a84bac7cd00b93dcec9f57948c
optimism,0xff3f9d0e76d30577d7a0bd35e14259a76078230e
optimism,0x0f260e2b6e44776e8f0d7f587b58c82ffa37b2b9
optimism,0x04569cf1d616f53895838fa20f58407734591347
optimism,0x6cb74de84e92b249f51ccfe121eb76ba73e2081d
optimism,0xa6c5b171785a8a813738ce0a2b96e9c34ddfbdc1
optimism,0x6a92a3127334f1ed2aa0349e2221d87f5d512183
optimism,0x6a81a1ba2c6946ed296c4ccade3d4b2bbd1b324e
optimism,0x37b31c7239b6d7c38801bf32831c2bed66e7c1b6
optimism,0x4e59b44847b379578588920ca78fbf26c0b4956c
optimism,0x153905c7879cc6e8dc6d5638cec5b4148c6bc54c
optimism,0x2e686b87eb164199af64e97378a61eee070782f3
optimism,0x8c9d988227f445cfea6c9b0dd1052ddf46acd2e6
optimism,0xb79231d4d83f03d3a1a49848b3fca0429e4a3b93
optimism,0xe99fe1d334b6a74d00adf4522e5051361de2bf40
optimism,0xec3bbedf6bdf5dcb8e5e8b4a8cf53961ad46a488
optimism,0xf935b78d35be1fb5f8eb8904f0fc156b67daf8f3
optimism,0xed7c5fefe0790db355b0316f41269006ecd87653
optimism,0xb34fd47bdc979c311830f8162aeda26f4796c758
optimism,0x0e1730aab680245971603f9edeaa0c85ebeaaaaa
optimism,0x34f41c98898ed0c2f7d004538a7cbde33b35404f
optimism,0x8b4ea4f8a25ed1b7b18044bb1a2bec9425603572
optimism,0x000040d6c85a13a1aa74565fde87e499dc023c6f
base,0xea459dde8dd4e1b28324ff1a1dcffedfec596db0
base,0xfff8079b7ccc9c3e9220992dfbacbddf8f11111a
base,0x9dcb4cd97a2e871834659fee2c837d2432c54caa
base,0x55b11842f7b259a1b7613eab5b9147fe3f936b49
base,0x17409ed1d4b15d4d1fd0c3135f201faaaa5b82c2
base,0xa2f2b25483da565184234eda081ea8c01b74fb22
base,0xa0241f084f99d3b770f395206051e0e73a719c94
base,0x1c99baf6a7305c2ee200b70668a7077e8cdfb70e
base,0x6b10f466350eec6a93c429dc2bc8507187816c8f
base,0x9e351dc01833d8cfa42492eb0420ed22af6d0a1e
base,0xe342b094d684e6d17ba127ae6eadf613de736554
base,0x944355d1a851ba0f4aaab3881ca0f7d2c71cc62d
base,0x516cfc3d07da679079ad2d6c90e0c1819bd4e5e7
base,0x65ba83c635f036a8e1bbe7e5df933c6651b95208
base,0xd1dcdd8e6fe04c338ac3f76f7d7105becab74f77
base,0x93fda83f5aa391232b09e6648d4192f7dd23de68
base,0x5d28e96243e50c8a5d92b07c79e5a61b2b7c46b6
base,0x6969698f9369abf880d1b1a6fe0e64de0f61528b
base,0xb1342a256a82b5a84bac7cd00b93dcec9f57948c
base,0x77c37107ad0743ba8ca7d5b427bf3c07847dfaa9
base,0x1bf3e85345a8ce50f26cd9b2ce527ffcd3fa8da4
base,0x6eab507b3d7339ce0f2a745499deed9f1be84f89
base,0x0f260e2b6e44776e8f0d7f587b58c82ffa37b2b9
base,0x0e60966c8dd60370b34068d4a6d8b3968343b974
base,0x6cb74de84e92b249f51ccfe121eb76ba73e2081d
base,0x78357316239040e19fc823372cc179ca75e64b81
base,0x76b85c954cfa4adbc3b019019243ae8c5eb383ca
base,0x38ea3a54091fd9e5e3f032c215d5268dc9fc52e2
base,0x7b3a68999327bd5e27d78e2239f4c6d91d28a44c
base,0x6511204da888f103156fe67980d27bc8307981e8
base,0x2e5269b9ea393eae90f15e87d06d10547e4df87e
base,0x48311e4842175839f3756a5a0cb6051d367bc0c0
base,0x9e9a455f98ebdc0e92e1baab028021a63bb97e07
base,0x6aaff8af0ae8017725312c388ba3745dfe91185b
base,0x52f001106a41ceef51700fd97f2d3799f82404c4
base,0x5a8bfe5f8953a686696cc53f1d40cf02d2cc38dd
base,0x8d2de8d2f73f1f4cab472ac9a881c9b123c79627
base,0x15ca914edc01082cad9fa9933e868693532f6180
base,0xbda2a27cdb2ffd4258f3b1ed664ed0f28f9e0fc3
base,0x0e1730aab680245971603f9edeaa0c85ebeaaaaa
base,0x077f662e738634bf95f4c5510f838ad3c29abb84
base,0x1ea1466476297c9dc8c2e71738ccbfbedf3b039b
base,0x00000000000c6079eccc0a7a2e6ea5328c9bc783
base,0xcc8e48ff6512fefb3acf32de714d5b63462ba564
base,0x2c96cefff12bd7273427752773e7ccc1a8d507e7
base,0xa460a82794a2eaf0fb543cb9adcead49bd1fa798
base,0xb34fd47bdc979c311830f8162aeda26f4796c758
base,0x0e58e56a79d0e383418767cceb541cb2be24e6a6
base,0xfb4cf4587b5c98d18fa96868b46ee37392578abc
base,0x42f4f5a3389ca0bed694de339f4d432acddb1ea9
base,0xb50672f9dd241bc7ebfee3ea98404f3610765f82
base,0xa8204582fe8f915b7f423b1450b654fc98ff921d
base,0x36aa340bbb0d799f9c8574867c0527964da92d39
base,0xd15865e41aac01e8739d813f4558f63fd6b22222
base,0xce0042b868300000d44a59004da54a005ffdcf9f
base,0xc5b9a29b9d3e60cc527bfd7ecc5e0985cee26d2f
base,0xd0e49dec126d0ac848389843917c5204aa2be5c2
base,0x926151965a6280b3f39ea754d949bf706119f76a
base,0x0000c04fcae4bd43fc7a9a011190168a8ff886dd
base,0x6a97eada929869c9419b23eeedefb4ca763badf2
base,0x000040d6c85a13a1aa74565fde87e499dc023c6f
base,0xb6db24cf73c54def808d4ceb04d444a1d5e93aae
base,0x76d0f93680e9c3180661a8e23cf9bdd103b74248
base,0xc3f9774af21a030ab785cb45510ba9edc9d0c8cd
base,0x3f94a07c16e3a7a31f85efbcfd5075efba2f62e8
base,0xe717c4dee466cca3002acae319288a2da8e017da
base,0x18a0dff873fd0728d37c2f1e77a3085a40977557
base,0x8b4ea4f8a25ed1b7b18044bb1a2bec9425603572
base,0x768f2ebd51176ad3783602dc86cca7c8355cdf94
base,0x0000000000ffe8b47b3e2130213b802212439497
base,0x60256154ce536b5379826d72cf5110ec29d190ff
base,0x2bab3d77f90532f097b500ec0c0cbd1591566b1a
base,0x0835001cec7823dfc41270ff0c6551c3f9422222
base,0x71963a25d96b9e54665c08f2638aa3d2b917379d
base,0xb79231d4d83f03d3a1a49848b3fca0429e4a3b93
base,0xba5ed099633d3b313e4d5f7bdc1305d3c28ba5ed
base,0x4e59b44847b379578588920ca78fbf26c0b4956c
base,0x37b31c7239b6d7c38801bf32831c2bed66e7c1b6
base,0x2e686b87eb164199af64e97378a61eee070782f3
base,0x76e3d82b0c49f1c921d8c1093cd91c20ba23740d
base,0xe99fe1d334b6a74d00adf4522e5051361de2bf40
base,0x0000000000400cdfef5e2714e63d8040b700bc24
base,0x07bdda685db13469b7cbc2c0eb946289f52af706
base,0xdaef100c116e6d8358ac3987e40b8c33f0b2730f
base,0xd2a1becf7f32c2efd2fbfcfa630e5ccb3330f6e2
base,0x914d7fec6aac8cd542e72bca78b30650d45643d7
base,0xa6cab323b3780965a9b74d594e5d87ec7ea8f799
base,0x2e8d0cc9ab070d1336188c907b565565f9c03bb5
base,0x1a9ec3c0ae8309f841800f7cf3828b5d6061218e
base,0x98043f27ceee44e675830220dbf9741aa69307a8
base,0x1764890fee523e0aa4f464dba43e520b3a50e3d7
base,0x7ac7499f3754b65cf9089db328ef51151a78ec00
base,0xea4bb5fc73f6a10afd69ded9dd7558b505b253ae
base,0x9de3a3728639a948cf79a62d89f545c43df75a49
base,0x276d4366c056040b8f93f2e50ea1773a81af9d1f
base,0x72785d42874e965086829ea789a703fe1a5238df
base,0xdb284ab8c63cd2a3d5a9ddd66c9755630f75ee6b
base,0x993924a08c386f52210e5c998292152e4b1e664a
base,0xdead652ebf95cf995c99638adbb8f1cfd01a6a00
base,0xc39d7847aa47d1ef5c623286278e8eb42935c52e
base,0xed7271cfd7753f0df7557497f495bf1f21f4b2c8
base,0x174846d1af95180ff90462c400b8ec2e56a7f1e6
base,0x23e46d79200ac34ae656184162c6c0660c77dc68
base,0xace3ac9eb5121145b73c3f5b79c21836e4d57442
base,0x73f79ceab34af1d3ca4e8a48a08ded0545b7d5f5
base,0x8909dc15e40173ff4699343b6eb8132c65e18ec6
base,0x16d502b1e018f88f372c4633c449a4d0c6e51a26
base,0xd004027c4bc2e0bde51c23b06e80d63bcd279caf
base,0xa5ff0fd1a84d004649e97b465779499546654fed
base,0x57c974baa656c7820d101ccbfc285d4e96006abc
base,0x70a07869bdc84ec0d363a7663dd9b50d46fa2997
base,0x334ba375f5268d99ca02b9de5a192e4765a848ab
base,0x42cbb8ef996f83710c3d6169f4b3b4b70ed1971b
base,0x41a00886ac6e49263fccf20bb7a387fa15106bee
base,0x3acb00caabaf119c9efad0f56455c8ff61b771fa
base,0xa5f4fe4a6f2b48653c21a2940b5b1e2ba473c653
polygon,0x276d4366c056040b8f93f2e50ea1773a81af9d1f
polygon,0x62005500af4cfb0077ac0090002f630055ba001d
polygon,0xea4bb5fc73f6a10afd69ded9dd7558b505b253ae
polygon,0x72785d42874e965086829ea789a703fe1a5238df
polygon,0x4ccd02690d32e2512fc99dfd837972597e522c2b
polygon,0x11176edfc5957c36e55310d0d874a614619cd4f3
polygon,0x37b31c7239b6d7c38801bf32831c2bed66e7c1b6
polygon,0x2e686b87eb164199af64e97378a61eee070782f3
polygon,0xbce31af175dfc6be46d93665ab2022ec9420ac57
polygon,0x8c9d988227f445cfea6c9b0dd1052ddf46acd2e6
polygon,0xb79231d4d83f03d3a1a49848b3fca0429e4a3b93
polygon,0x4e59b44847b379578588920ca78fbf26c0b4956c
polygon,0x41f332aa2ff67cecc6d9f5326b3f55a7e9f9d2cc
polygon,0x52f001106a41ceef51700fd97f2d3799f82404c4
polygon,0xccfb4b987f5d6e3783d08e34ab3ac6ea19d37aff
polygon,0xc738fedf13346a220044fd54a38238cb8228779e
polygon,0x76b97e431800b67332cbd9a5559ec2386818ea07
polygon,0xc2212d2033f3bf0fdb9f11fa13fe6a260aa76d5d
polygon,0x2e5269b9ea393eae90f15e87d06d10547e4df87e
polygon,0x48c5397a18db8b2a89e21feaee3856f49540905f
polygon,0xe3dcd50e21a1d3cbbf9c0b2ffefcea93276a5e8a
polygon,0x32c08902cc6ffa2d19b5dcc1ef856967ce777777
polygon,0x111027d48cdb4a7658acfb58c2be695cf848cf5d
polygon,0x3ee526631ac9c3aa79350ab3d52ec42162cf623b
polygon,0x93974ea4a8fd5b46b685f06ee99cda48a62c2659
polygon,0x91095a698fa4da0276018dd3e2d3d869834a297b
polygon,0x174846d1af95180ff90462c400b8ec2e56a7f1e6
polygon,0x7e4a3d4270ba137c2bf25ce663d7d01a8b68c2d6
polygon,0x6c26d5ae5ea55735efbbc0ca9a4caf3c6753811d
polygon,0x0000000000ffe8b47b3e2130213b802212439497
polygon,0xe0f886106fdb30e0069fb6c02b67400fc4f9ae1d
polygon,0xc5500c8107fa69dad24499c2658f46b19550a1e4
polygon,0x0835001cec7823dfc41270ff0c6551c3f9422222
polygon,0x60256154ce536b5379826d72cf5110ec29d190ff
polygon,0x1b462436efa63e4017c61fdb0f77f660642e1a52
polygon,0xce0042b868300000d44a59004da54a005ffdcf9f
polygon,0xdabe0c7e5de0a229e32b9aa80874782ebc0e973d
polygon,0xc2686d0581f73c3b4eb72656d9b4d44aed65de19
polygon,0x896b2d875087aa427cba50eed3e527024e25f300
polygon,0x4d96f2d2143dd74a96d015a70953a5686fa6ed55
polygon,0xba5ed099633d3b313e4d5f7bdc1305d3c28ba5ed
polygon,0x9d80d9316041d1acd54fa1c73a49e1f67a47dfc3
polygon,0x56b4468df3f00b21a90df209ce35554bb55d2339
polygon,0xb2626fc1e3c4e17399ea5b8477150757ffbe71a3
polygon,0x929d0738ce2551e73b8bc4097ce03cd8896c30ae
polygon,0x3acb00caabaf119c9efad0f56455c8ff61b771fa
polygon,0x334ba375f5268d99ca02b9de5a192e4765a848ab
polygon,0xa2829b28b6cf2f93c32403f722a60633624e8073
polygon,0x5b62851c6b500afc1472fbd316c5a10076baaaae
polygon,0x6cb74de84e92b249f51ccfe121eb76ba73e2081d
polygon,0x0f260e2b6e44776e8f0d7f587b58c82ffa37b2b9
polygon,0xb14b2bea03483adc834fabeec8d95dfd14397202
polygon,0xb3dbf5960f4b48e288c5ccf9b65db3809f167d6d
polygon,0x8b4ea4f8a25ed1b7b18044bb1a2bec9425603572
polygon,0xec0bcf45b5b74870d562f4186ad3aada91774dc9
polygon,0x1d6f1532ba919a7e43f2c3294240ca0b631bfd01
polygon,0xed7c5fefe0790db355b0316f41269006ecd87653
polygon,0xb34fd47bdc979c311830f8162aeda26f4796c758
ethereum,0xb76f81c991b53e756cbaa0309f040d0faca84887
ethereum,0xed7c5fefe0790db355b0316f41269006ecd87653
ethereum,0x986baca66bffe4456b84256a33696ef4c66eb6d4
ethereum,0x9a46823a51dc134eec255ff63481543675b97e91
ethereum,0xb34fd47bdc979c311830f8162aeda26f4796c758
ethereum,0x6e4e762479c9b36f0cc37799a2958e8e8c2e2d3e
ethereum,0x6828724ac6ad64c65fd5cf01336fb44dbadc0aaa
ethereum,0x0000000000ffe8b47b3e2130213b802212439497
ethereum,0x79940b12230b7534d934d18dbc7dd84512fc98de
ethereum,0x768f2ebd51176ad3783602dc86cca7c8355cdf94
ethereum,0x31809bab8ac538ed4ee1d6b7bd39b22bcf469772
ethereum,0xd0deeda3f6aab90e78c4563e4d4fb052692b5167
ethereum,0x1ee807f88279ec483bcf339dc7da382596c4e725
ethereum,0x9e51a442364a67edc541a9d075d0a4565a22d812
ethereum,0x0c6bd53eed7d14d2c8a63dfff00c34c62a63c8a8
ethereum,0x60256154ce536b5379826d72cf5110ec29d190ff
ethereum,0x6ee7baec10b60b2940c0631efb3eefb4c49c216d
ethereum,0xb36c7a5bce4d16aebfdfdcc26413e6acf5931ffe
ethereum,0xb24222f1f0fba916dcdfdb9bfaa05021ebf3aa22
ethereum,0xc6bf895097c9760693a7c3f2b26895476116dcab
ethereum,0x4a777d7639a9c81891763292c321f774dcb10914
ethereum,0x06a5e83f95ba71d01e8c65b0bae413d1f52ebc12
ethereum,0xa8204582fe8f915b7f423b1450b654fc98ff921d
ethereum,0x1343f3a1773108eac7cdeeb54e468ffb44403a40
ethereum,0xd0e49dec126d0ac848389843917c5204aa2be5c2
ethereum,0x8c8fa3927db2e6e9a3decd6fc11cf18b6671a268
ethereum,0xe039802366498c5cc75b200decaa9ad520e60a11
ethereum,0xce0042b868300000d44a59004da54a005ffdcf9f
ethereum,0x6a97eada929869c9419b23eeedefb4ca763badf2
ethereum,0x4838b3716a25891e3580a7764575a6bbb8563e20
ethereum,0x99834733c91aae2f5bb0725105c9e843cb297a27
ethereum,0x666666af7429e4b3c00b9ccaafdc6ceda313ebe6
ethereum,0x6c2c329d40423c69412855f106f932b1d1283ac4
ethereum,0x26fddb62cdb05ff4c787c2ec6b0a280fa89e28ce
ethereum,0xc24e49567deb9175670d8c09963666971a946429
ethereum,0xe88444ca74499a0c4d64f90f7a1e719ad172ae08
ethereum,0xb79231d4d83f03d3a1a49848b3fca0429e4a3b93
ethereum,0x36cfb3c2b0b14f75e9c7e407402a679f8293f215
ethereum,0xf0f7d615a1aa3dac2081673243a02713b18bd5d1
ethereum,0x4e59b44847b379578588920ca78fbf26c0b4956c
ethereum,0x2e686b87eb164199af64e97378a61eee070782f3
ethereum,0xd5e0c2e55361f68733d84ad2b403846ae5fbb179
ethereum,0x6a81a1ba2c6946ed296c4ccade3d4b2bbd1b324e
ethereum,0xacc87a6fbbd9d054eef8d48377f6f4af278ccfcd
ethereum,0x25d2bf13c8da0666563ffd05aba89e600790e565
ethereum,0xe99fe1d334b6a74d00adf4522e5051361de2bf40
ethereum,0x37b31c7239b6d7c38801bf32831c2bed66e7c1b6
ethereum,0xc16125cfcd0b82681a776fe7ce8ff8b090a8cbf5
ethereum,0x76e3d82b0c49f1c921d8c1093cd91c20ba23740d
ethereum,0x350d4aa64f51d404cd33374f6f4fcaed1ba507dc
ethereum,0xb94f0deba064706c11c437d1a125bc8f0b6b7a67
ethereum,0x41a00886ac6e49263fccf20bb7a387fa15106bee
ethereum,0xbaef6b5096b3655234dbf69ca257ed1579d764d8
ethereum,0xbe7e372eb7d95037c8f657ca62a1991b3f1e869d
ethereum,0x3acb00caabaf119c9efad0f56455c8ff61b771fa
ethereum,0x2fb1e213a9fae8ecdb9278f5cada2aef044a9ea0
ethereum,0x83809ce304f2e17c991a51ddb7e7012547b0ae84
ethereum,0x2616bbbb06718e358a1061b5d6fdcc07e9fa382d
ethereum,0x6ac4f359888665c03aa4da4828dd51df4bf2eb25
ethereum,0xd004027c4bc2e0bde51c23b06e80d63bcd279caf
ethereum,0x16d502b1e018f88f372c4633c449a4d0c6e51a26
ethereum,0xd0206990e3c58313bc2b6aee147435e2bee6e3ce
ethereum,0xe576417d2a27afe942513a076ab0ad5f8f36242e
ethereum,0xa36faf0dce44477fc5356ec0ea8ea838f6156ede
ethereum,0x334ba375f5268d99ca02b9de5a192e4765a848ab
ethereum,0xc2b80418c27a6d02cafbe56f301d5d31e502de79
ethereum,0x80fbcf33198d262023bc4cadf27b87cbe344332f
ethereum,0x36928500bc1dcd7af6a2b4008875cc336b927d57
ethereum,0xdc51b30790e3410e163f0d8fb5a00d740aada6e8
ethereum,0x271b91b1844385ebb2ba59615fd80c65b6401853
ethereum,0x847d35f53a996c0559709d85353b21afe8fca9ff
ethereum,0x5499e10c9fed70a5ce742b2cd3e13226c66298d4
ethereum,0x63556e7752972a8ac942a5c3924481a0f4ce89d5
ethereum,0xe1459940ad398c6ebf047cefa73bb433e239d4e1
ethereum,0x6cb74de84e92b249f51ccfe121eb76ba73e2081d
ethereum,0x6dfc48746da2fd895e9bc111aaebe500bd5f1c04
ethereum,0x0f260e2b6e44776e8f0d7f587b58c82ffa37b2b9
ethereum,0xa2829b28b6cf2f93c32403f722a60633624e8073
ethereum,0x51f22ac850d29c879367a77d241734acb276b815
ethereum,0x72785d42874e965086829ea789a703fe1a5238df
ethereum,0x0c8b9d0a7e5bd2e66270ad02ff1e4efa6badface
ethereum,0xea4bb5fc73f6a10afd69ded9dd7558b505b253ae
ethereum,0x7e537bae7ca6540e234349d477494099c03c9999
ethereum,0x7462d43e300fb964b6a38175381d56a07c860faa
ethereum,0x757bcedab1f6594015c38bd880db1848bd7c947e
ethereum,0x276d4366c056040b8f93f2e50ea1773a81af9d1f
ethereum,0x1380ddbf66f7d79b3715fa0a9792fd959b0b2dfe
ethereum,0x98043f27ceee44e675830220dbf9741aa69307a8
ethereum,0x59987dc305076a6043504916ef9d655583f7e0a0
ethereum,0xc4ad0ef33a0a4dda3461c479ccb6c36d1e4b7be4
ethereum,0x5b8c3159092ef418f5280b4afe2397d7b5bc62a1
ethereum,0xd68e3aad48a991d7ec270bd4ecc2d315043df6c8
ethereum,0x1764890fee523e0aa4f464dba43e520b3a50e3d7
ethereum,0x261914d11434becc57de7bbe8c82551b648e510f
ethereum,0xe08e7ea4749afb3920b7df8cf5b96f20b2db3138
ethereum,0x62005500af4cfb0077ac0090002f630055ba001d
ethereum,0x2d1d375646d6276405ef1ce7fd2dde8d4616b29d
ethereum,0xffd81bcf4099b4e8c0d5adcf65ca763c01ff539f
ethereum,0xb3663df137cffb7680f9edcd0144bb3f9b5d48a4
ethereum,0x93b69bd348204d1042f83e048dfd133fd3622983
ethereum,0xbda2a27cdb2ffd4258f3b1ed664ed0f28f9e0fc3
ethereum,0x92cfcb70b2591ceb1e3c6d90e21e8154e7d29832
ethereum,0x94496c681152c6f44698801620a7c52a14d77506
ethereum,0xc4f6a6836dd42707629b0113ece8413680d77e31
ethereum,0x0e1730aab680245971603f9edeaa0c85ebeaaaaa
ethereum,0x34f41c98898ed0c2f7d004538a7cbde33b35404f
ethereum,0x0bfb5ba84adb386083f3b782b2d926f8154f06c4
ethereum,0x3133781381bc58564d5e9888c208ed0b7bd7721f
ethereum,0xd2306a7187fe8b0c0dee59b50fdc438d2075d24c
ethereum,0x74182754169c8847ccc84294373710c64114c0bd
ethereum,0x8b5606469e21c75edd7c74d1c7a65824675d9aff
ethereum,0x922cc241ee295ec37c048d5e3e2247bc54883998
ethereum,0xf2d414a69df72766655ce7dbd3e80554dbcc923a
ethereum,0xe453cee19a836f3e94ee100556609c1118a366a3
ethereum,0xcccf1b40744dedb308e7b0d1aa9594e731a569a3
ethereum,0xe342b094d684e6d17ba127ae6eadf613de736554
ethereum,0xb4687cf0aa7170f12e488059c46689bacabcd311
ethereum,0x64149c1ca732e1a6dec36d8d3364d55afa52c4a1
ethereum,0xf78469865d633453a0aa615c2e06b8924fc6f42b
ethereum,0xf378708b88841abb63e2316e4fc8f29469bee885
ethereum,0xb09ff7f74e627ac36f7ddf2dbdbf9cbea9350aa0
ethereum,0xe7249881caf5612e5d6b65aa842aed1bd7a60dbe
ethereum,0x63608970d148491dd494b2529c3cd233eb955229
ethereum,0x4050bdbef63a00415e67b2f691bd8ff52e4215bb
ethereum,0x6702f2df2228e1a53c03dae63fe51a275587abdc
ethereum,0xcbf03898a25576cc2c67a9f2069d6a7166d9417b
ethereum,0x66666a818987dc3fa90a6d7ef8357b4949457424
ethereum,0x00000000d46a6f8e18e23364608bb564e51e4556
ethereum,0x7a0d94f55792c434d74a40883c6ed8545e406d12
ethereum,0x99bdd10ba0999c68e4adeb640995b8d4209f2050
ethereum,0xbe0167534c9ee5189620108f34189a56c23fd02d
ethereum,0xc5ac94016fa8ed3b4073a66bb92f8d8f8240c043
ethereum,0xdead652ebf95cf995c99638adbb8f1cfd01a6a00
ethereum,0xa3b9e93fc14979b70eff36c67d4c948bcca1c13e
ethereum,0x174846d1af95180ff90462c400b8ec2e56a7f1e6
ethereum,0xcff0ea7978d4b39138a693e82ddd139c55d24810
ethereum,0xa21ce0ed08355a17d864670b86edee33f0fd026c
ethereum,0xb9df4a9ba45917e71d664d51462d46926e4798e7
ethereum,0xdf9feb05ea4dbbb40460e4536ebe6d20a7f19994
ethereum,0x4e488a731f900d6a8648066d030d4210a69624b9
ethereum,0x9c959201f50e19be4821405b69ddf79180415d3c
ethereum,0x6eab507b3d7339ce0f2a745499deed9f1be84f89
ethereum,0x11f1022ca6adef6400e5677528a80d49a069c00c
ethereum,0x5d28e96243e50c8a5d92b07c79e5a61b2b7c46b6
ethereum,0xcf6d4a5e7b7b652edd864961fd5862ed7b999aa5
ethereum,0x63a3aaba7b12573ff0a68a45b56eeea5508c4dbf
ethereum,0x6969698f9369abf880d1b1a6fe0e64de0f61528b
ethereum,0xda6b5f1fd0b81ed81ddb9ad84f07912b3ee21de3
ethereum,0xd351415dbf2d7ec7683e77e958e594a1c77f65de
ethereum,0x1f77528c1a66ba2dcbdeaf6cf471323333e91c9b
ethereum,0x7b62d52ed15c3ae1b570aa2c8703a0889e0d2104
ethereum,0xec4c1ad2696df7ee8a7af4e56891793f3b47bd55
ethereum,0xa2f2b25483da565184234eda081ea8c01b74fb22
ethereum,0xa8831899773a35527f720eaf9937d7e7da12bc0a
ethereum,0xefd202c0399a9e42b3a8593133c0e6b1fd3e5f23
ethereum,0x405139005bdd96c270d98a52e2b429b9f971ca25
ethereum,0xbe73ff07d6123a1f5110a16a11f95c21ce565827
ethereum,0xb3dbf5960f4b48e288c5ccf9b65db3809f167d6d
ethereum,0xdc8f3744804d44a367d94ff6accbe8cd4c5a8535
ethereum,0x8ce71d3759b63e323e7d850c30ff6b7514880f5c
ethereum,0x000085bad5b016e5448a530cb3d4840d2cfd15bc
ethereum,0xa6b71e26c5e0845f74c812102ca7114b6a896ab2
ethereum,0xea459dde8dd4e1b28324ff1a1dcffedfec596db0
ethereum,0x42bd4dc1df5e7efa9ba299de82c450ff7acafee7
ethereum,0x8b2ba806824d264b4907431751c5cda8de8a24ba
ethereum,0xa6e660ea5ed28a8de90557adfaad254f94ddafea
ethereum,0xb8ffc3cd6e7cf5a098a1c92f48009765b24088dc
ethereum,0x009bb5e9fcf28e5e601b7d0e9e821da6365d0a9c
ethereum,0x2bad24580c81c0855d7c02e573cec5d52023dfbf
ethereum,0xd2a1becf7f32c2efd2fbfcfa630e5ccb3330f6e2
ethereum,0x4de47d2dfcc4b15870aa786861374ea1df6b6d26
ethereum,0x9b399d329a3cdfb635817ec73d4117bf3cc27a39
ethereum,0x9e9e1f0717feb483887eba22204e50fc5e845dd0
ethereum,0xba5ed099633d3b313e4d5f7bdc1305d3c28ba5ed
ethereum,0x4d96f2d2143dd74a96d015a70953a5686fa6ed55
ethereum,0xd899ab8f5f86b89da1d267268f859d5bd8904d30
ethereum,0x9fc3f1c5493c5e0a54e9a87ab24372dbb4ab6c2d
ethereum,0x286b458e02407888e50bf94b725d9deeacf5d8e1
ethereum,0x97f3cac3c52a8d8fe5a3bac7b5a90c120bc4b045
ethereum,0x4d59cd593f6982fdb2eb08bb4e761514b320c14c
ethereum,0x2862502dc9965e6f2e1ab23ea3f494fbf3d962cc
ethereum,0xfa9c4ba2e2ea5bbe766c50054896cc915bedba1e
ethereum,0x3bbeb1d4584ed51ba6c5e55b6e331401e5d9bcfb
ethereum,0x561cd3860b1ad9cedc1d025b6d310a53fa81347f
ethereum,0x42ac444795f01e747d581b5370f8f394cbe8da3c
ethereum,0x8863786bebe8eb9659df00b49f8f1eeec7e2c8c1
ethereum,0x6ae493db8577b7387a335a81a1b562415d0ccb4b
ethereum,0x7e7a3ad42941bfa0da7f10ad4cd0e231b2a3b0c9
ethereum,0x18a0dff873fd0728d37c2f1e77a3085a40977557
ethereum,0x947b7742c403f20e5faccdac5e092c943e7d0277
ethereum,0xb392b2d2c4753f7d398c7e65085c91c83a8c8086
ethereum,0xffc699711709ff26664cc5bb2f9fd3b3635e93ff
ethereum,0x5068e6826211028d26374c9fe83c7ccb9238cae0
ethereum,0xf19d58b016661e21b31cd39ef4fa22f8664c9f67
ethereum,0x2c36e22ef99fe7b0c61df599c92fbf3ae0027450
ethereum,0x555ac9d922ddac7223be4c69947ee4878c74f16c
ethereum,0xc13ced137e90bc695cb77288962280516a2f9b8b
ethereum,0x7d05f7621f9d074f62d6dc89c831856179b4e96e
ethereum,0xb0cfc47325bb55522a1bdb5c82cffa9c39d6bdbb
ethereum,0xdd6838240d289a9a9a5e4165ece468d79cc517b6
ethereum,0x554705316176c92966e0d5fc44ef9f00b4a3505b
ethereum,0xa9d635ef85bc37eb9ff9d6165481ea230ed32392
ethereum,0xccfb4b987f5d6e3783d08e34ab3ac6ea19d37aff
ethereum,0xc2212d2033f3bf0fdb9f11fa13fe6a260aa76d5d
ethereum,0x87555c010f5137141ca13b42855d90a108887005
ethereum,0x76b97e431800b67332cbd9a5559ec2386818ea07
ethereum,0x2e5269b9ea393eae90f15e87d06d10547e4df87e
